mois,y_d_spread,y_d_oat,y_cac_ret,y_spread_up,spread_bp,oat_10y,bund_10y,d_spread,d_spread_l1,d_oat,d_oat_l1,cac_ret,cac_ret_l1,vix,d_vix,inflation_yoy,ecb_mro,ecb_dfr,b_solde_12m,b_dep_totales_12m,b_dep_totales_ytd_gap,b_dep_personnel_12m,b_dep_personnel_ytd_gap,b_dep_fonctionnement_12m,b_dep_fonctionnement_ytd_gap,b_dep_charge_dette_12m,b_dep_charge_dette_ytd_gap,b_dep_investissement_12m,b_dep_investissement_ytd_gap,b_dep_intervention_12m,b_dep_intervention_ytd_gap,b_psr_total_12m,b_psr_total_ytd_gap,b_rec_totales_12m,b_rec_totales_ytd_gap,b_rec_fiscales_12m,b_rec_fiscales_ytd_gap,b_rec_is_12m,b_rec_is_ytd_gap,b_rec_tva_12m,b_rec_tva_ytd_gap,b_solde_ytd_diff_yoy,b_part_charge_dette_12m,b_source_month
2014-02,-5.007142857143009,-10.000000000000009,-0.3761292406478378,0.0,69.15,2.25,1.5585,6.740909090909014,9.186868686868976,-12.99999999999999,4.999999999999982,5.817958258877942,-3.0314592708930777,15.47,1.2290476190476198,0.7718587878021044,0.25,0.0,-74.78311651058999,299.85221137464,0.40158221105647046,119.80375219386002,0.1729732718844025,56.08117177678999,0.13684838540010902,43.89046383215,-2.2677561464295035,11.17763764276,10.76382589293634,66.4348783062,1.0919845297771802,77.31281762637,-0.9154769663039545,298.88307983065005,0.3897784436743932,285.17274788137996,0.40941202540000116,47.08605776571,-0.15027731009481562,136.67368777702,0.30540878471868177,0.08485374564000203,14.63736539775342,2014-01
2014-03,-6.7928571428570095,-12.00000000000001,2.1835394903506833,0.0,64.142857142857,2.15,1.50857142857143,-5.007142857143009,6.740909090909014,-10.000000000000009,-12.99999999999999,-0.3761292406478378,5.817958258877942,14.836666666666666,-0.6333333333333346,1.0721493440968732,0.25,0.0,-73.42838708904,299.27220972065,0.20855644663184864,119.62651989358001,0.025074849420247618,55.93189435897,-0.12967778145416417,43.91596456253,-2.208372218465348,10.942168618310001,8.843515980376619,66.45325934576,1.1193425881035592,77.75141139226,-0.3462152862048176,300.15691878857996,0.8125152619313172,286.37957237306,0.8290940568823048,46.98511178145,-0.36544692305657256,137.09672012768,0.6130312955315637,1.4395831671899977,14.6742541191922,2014-02
2014-04,-6.064285714285987,-18.99999999999997,0.7171136567040381,0.0,57.34999999999999,2.03,1.4565,-6.7928571428570095,-5.007142857143009,-12.00000000000001,-10.000000000000009,2.1835394903506833,-0.3761292406478378,14.19809523809524,-0.6385714285714261,0.7631677718003216,0.25,0.0,-71.85864200662999,297.37572781716,-0.4278528131664745,119.49852521532002,-0.08200813219528637,54.33405795261999,-3.0742552811656023,44.0985250647,-1.7852466891918617,10.94529853357,8.869583069319495,66.61067298030001,1.3530163069310885,77.74004128277,-0.3608917313916841,301.82639733699995,1.3611464602060417,288.13913103686,1.4346939492717419,47.40682086847,0.5273575345067583,137.02616962957,0.5618600472459372,3.0093282495999993,14.829228124433127,2014-03
2014-05,-6.714285714285005,-13.00000000000001,-2.140247506530568,0.0,51.285714285714,1.84,1.32714285714286,-6.064285714285987,-6.7928571428570095,-18.99999999999997,-12.00000000000001,0.7171136567040381,2.1835394903506833,12.475238095238096,-1.7228571428571442,0.8391783567134325,0.25,0.0,-72.26435846660999,296.98903596755997,-0.5586139775615185,119.58434632226002,-0.010183106706278679,54.730447347509994,-2.3277322092781305,43.61594685535,-2.911425200194268,11.348911607400002,12.11054827983522,65.85191595437001,0.21638890772553843,77.84190162195,-0.2295640754742422,299.96461498458996,0.748927326319936,286.34185834434,0.8160322767550403,44.646569616760004,-5.6224875316012435,137.68046361246002,1.0344163920879679,2.603611789620004,14.686046140812472,2014-04
2014-06,-0.00621118012498556,-14.999999999999991,-3.995164041061716,0.0,44.571428571428996,1.71,1.26428571428571,-6.714285714285005,-6.064285714285987,-13.00000000000001,-18.99999999999997,-2.140247506530568,0.7171136567040381,11.541428571428572,-0.9338095238095239,0.8262393590385608,0.15,-0.1,-66.55834767252,298.17705680790993,-0.15796031774953612,119.47904803273,-0.09832325671679701,53.88715793928,-3.9290765005750217,45.36603771418001,1.058600695537256,10.79440629754,7.595694353072983,66.68622683786,1.464780917227478,75.75589320879001,-2.9894775957670596,304.50576442731,2.229076492655469,291.36398382859,2.525627009043496,48.736391929679996,3.2410575350122532,137.61529383724,0.9875497636893034,8.309622583709995,15.214462910003663,2014-05
2014-07,0.8157349896483765,-15.000000000000014,3.1770007112387866,1.0,44.56521739130401,1.56,1.11434782608696,-0.00621118012498556,-6.714285714285005,-14.999999999999991,-13.00000000000001,-3.995164041061716,-2.140247506530568,12.296363636363635,0.7549350649350632,0.5998500374906346,0.15,-0.1,-74.95884912796998,297.36781597144,-0.4305248228284878,119.47710627043003,-0.09995007173148021,53.185191661839994,-5.300787397336351,45.34827339495,1.0198422937123368,10.79725763887,7.620096495225494,66.99776257586001,1.922964011941804,77.44552051983001,-0.7425583042762928,296.84721070332,-0.2933789771164084,284.9701072805999,0.33859373231027384,41.26970800529,-14.26496504580402,137.79661842518,1.1178388226314626,-0.09087887174000286,15.249892879902433,2014-06
2014-08,-2.5173160173159843,-5.999999999999983,0.803466642592765,0.0,45.38095238095239,1.41,0.956190476190476,0.8157349896483765,-0.00621118012498556,-15.000000000000014,-14.999999999999991,3.1770007112387866,-3.995164041061716,13.491904761904761,1.1955411255411263,0.5643340857787837,0.15,-0.1,-78.1429241687199,297.55492481650003,-0.367371979635055,119.45095198444001,-0.12186737484433323,53.58758886431,-4.510068069137627,43.184122207239994,-3.9404999550383577,10.062583591220001,0.87539549332897,66.66070517504,1.4270558041984043,77.17196923656,-1.0996601947251656,291.88895837573,-1.997040131420965,279.65194922465,-1.556673266826731,37.41973106515,-26.02126227109207,138.90896513546,1.9096613416730646,-3.274953912489906,14.512991923716715,2014-07
2014-09,4.045454545454497,-9.000000000000007,-4.147201712429482,1.0,42.8636363636364,1.35,0.921363636363636,-2.5173160173159843,0.8157349896483765,-5.999999999999983,-15.000000000000014,0.803466642592765,3.1770007112387866,13.466666666666667,-0.025238095238094616,0.5365610182181069,0.05,-0.2,-75.33496480059,296.63420252669005,-0.6789020586487371,119.53010386873001,-0.05556747042815796,53.427656323019995,-4.822912800256533,43.35355376819,-3.5342864010706756,9.916741160890002,-0.5823992592221338,65.81937545252,0.16705679603313575,76.40283072099001,-2.1174188540969245,293.83417943483994,-1.3218062603575749,280.8351591695,-1.1287964079229391,36.90358115088,-27.783851745850153,138.69530212854,1.75855112823472,-0.46699454436000565,14.615156781959154,2014-08
2014-10,-4.809090909090905,-12.00000000000001,3.711008691752382,0.0,46.9090909090909,1.26,0.790909090909091,4.045454545454497,-2.5173160173159843,-9.000000000000007,-5.999999999999983,-4.147201712429482,0.803466642592765,18.058695652173913,4.5920289855072465,0.36259064766190896,0.05,-0.2,-74.53514254078999,296.85658239343996,-0.6034819327285958,119.62033096668002,0.019902338204225805,53.953849280339995,-3.8006117185548085,43.12797120117,-4.0758265999359535,10.23637523582,2.558318172565718,65.26711763990001,-0.6776798008153564,74.98487246071,-4.048451512164189,292.95170013707997,-1.6270251629772656,279.75696432622,-1.5185509473916738,36.01966075683001,-30.91966008538319,138.49965322023002,1.6197722087525939,0.3328277154399899,14.528217920399753,2014-09
2014-11,-8.99473684210529,-21.999999999999986,-2.6748372749952787,0.0,42.099999999999994,1.14,0.719,-4.809090909090905,4.045454545454497,-12.00000000000001,-9.000000000000007,3.711008691752382,-4.147201712429482,13.413157894736841,-4.645537757437072,0.5257886830245306,0.05,-0.2,-73.53019626702007,294.26886428261,-1.488160822710857,119.48258724007002,-0.0953582328704249,50.82597384662999,-10.188593272597688,42.83833639983,-4.779494946909577,11.20802919328,11.005797576522987,65.34380041548,-0.5595317305012252,74.75175984965,-4.372925561437871,291.1989923087899,-2.23871162918624,277.54881500909005,-2.3262219113018157,35.498294190340005,-32.84248863874304,138.72720904545,1.7811464198710043,1.3377739892099072,14.557549778249356,2014-10
2014-12,-5.105263157894701,-25.0,7.758469369843768,0.0,33.105263157894704,0.92,0.588947368421053,-8.99473684210529,-4.809090909090905,-21.999999999999986,-12.00000000000001,-2.6748372749952787,3.711008691752382,16.292272727272728,2.879114832535887,0.40075140889168637,0.05,-0.2,-78.7199863459301,294.47644802664996,-1.4166193037184729,119.59735574269,0.000695683307393908,49.58826014965,-12.93887994796947,42.696286098739996,-5.1280957308476935,10.94090695883,8.83300419715246,66.89313949977,1.7695682934033496,75.25519759302999,-3.6746977739197906,289.17042537519,-2.955929060656751,275.54144525668,-3.0716871263506618,34.81668264644,-35.44316644300336,138.82459115403,1.8500445811004622,-3.8520160897001006,14.499049545339531,2014-11
2015-01,1.7999999999999936,-7.000000000000006,7.5415101366943516,1.0,28.000000000000004,0.67,0.39,-5.105263157894701,-8.99473684210529,-25.0,-21.999999999999986,7.758469369843768,-2.6748372749952787,19.1195,2.8272272727272707,0.08733624454146938,0.05,-0.2,-85.55504392385009,302.88258723641997,1.3980760798291298,120.76538306175,0.9678761481693183,52.75679251582,-6.155857716153112,43.15888726891001,-4.001273813502573,11.122622981129998,10.322446379130565,69.55974706278,5.535280837903205,74.77356934391,-4.342482709225466,288.25602326028,-3.282524557988584,274.30668622742,-3.5356521069009563,35.32781406497,-33.4835417216184,138.35207525724,1.5148315810899382,-10.687073667620098,14.249378831151368,2014-12
2015-02,-1.5272727272726918,-8.999999999999996,1.6593050274682053,0.0,29.799999999999997,0.6,0.302,1.7999999999999936,-5.105263157894701,-7.000000000000006,-25.0,7.5415101366943516,7.758469369843768,15.90421052631579,-3.2152894736842086,-0.40180813661477854,0.05,-0.2,-82.22113352504009,301.77154121884996,-0.36817455121265086,120.76592932189,0.00045232967863176283,53.070479011070006,0.5910753041904306,42.597453758680004,-1.3179978160445749,9.93849944842,-11.914510222146758,69.86958037328,0.44344521441907603,74.33594229208,-0.5887152813782601,289.91938640038,0.5737329816926733,275.90992241427,0.5810723198431395,35.18305907893,-0.4114337690627051,139.53353967236,0.8467243201127174,3.3339103988099996,14.1157955407689,2015-01
2015-03,3.5272727272726954,-7.000000000000001,0.2552843927501547,1.0,28.272727272727305,0.51,0.227272727272727,-1.5272727272726918,1.7999999999999936,-8.999999999999996,-7.000000000000006,1.6593050274682053,7.5415101366943516,14.812727272727273,-1.0914832535885175,-0.28703357044801425,0.05,-0.2,-83.3220405220001,302.98654579393997,0.034311278491783885,121.08008232797,0.25991002002094493,53.63701023555,1.6410641008223086,42.76939728256001,-0.9106744801120256,10.224941325379998,-8.779333075699961,69.69236909368001,0.19029634467115145,74.10579472407,-0.901109855614441,289.10059992864007,0.2921393689838333,275.10371383741,0.2897189568516877,34.89793271816,-1.2318246764981022,138.33185294029,-0.014618698817494839,2.2330034018499987,14.115939429088483,2015-02
2015-04,1.6210526315790084,45.0,-0.7648899703266876,1.0,31.8,0.44,0.122,3.5272727272726954,-1.5272727272726918,-7.000000000000001,-8.999999999999996,0.2552843927501547,1.6593050274682053,13.494761904761905,-1.3179653679653676,-0.049664762850765154,0.05,-0.2,-83.82379985990008,303.3786503069899,0.16351284774588473,120.98310029113,0.17995672854811273,53.96332407604,2.2358362478187415,42.64215895983001,-1.2117780189478,9.897836092019997,-12.374289468154242,69.89849075111,0.48462232115450793,74.11215983604001,-0.8924439786038515,288.45730036041004,0.06977708654921055,274.1702608483,-0.04975936438106162,33.774253056490004,-4.599838243296011,138.27732096092998,-0.05406114017144303,1.731244063950001,14.055754719944947,2015-03
2015-05,7.306220095693689,30.999999999999993,-4.34693923914401,1.0,33.42105263157901,0.89,0.55578947368421,1.6210526315790084,3.5272727272726954,45.0,-7.000000000000001,-0.7648899703266876,0.2552843927501547,13.3385,-0.15626190476190516,0.1242081728977773,0.05,-0.2,-81.22152037535008,300.13849170279997,-0.9142764455340976,121.12646717785,0.2981050504592159,50.05805587735,-5.391213444410078,42.16319691602001,-2.361515316006986,9.977976805329998,-11.471726163850745,70.7327075722,1.6583000279223086,73.88380730436,-1.204272048250953,288.19723750466,-0.020397751251534122,273.63923709597003,-0.24391572587812502,33.27744503203,-6.161437667364458,138.11871975552998,-0.16895284152867404,4.333523548499997,14.047913906947471,2015-04
2015-06,-0.727272727272684,-8.999999999999986,6.104330843101091,0.0,40.7272727272727,1.2,0.792727272727273,7.306220095693689,1.6210526315790084,30.999999999999993,45.0,-4.34693923914401,-0.7648899703266876,14.339545454545457,1.0010454545454568,0.3352371492426176,0.05,-0.2,-85.15822880350018,303.22945248920996,0.11439035685438209,121.32527930755,0.46148358280776075,50.208772685140005,-5.074849860717913,42.804609550500004,-0.8276625394562472,9.804694498539998,-13.441810785499243,73.06894570780999,4.80258557316903,73.2741484647,-2.0463163484354228,287.20130927991,-0.36723856970375895,272.41650527112,-0.693856987269848,29.77289119772,-18.65765346858686,139.35367592331,0.718747215983891,0.3968151203499062,14.116244051861404,2015-05
2015-07,0.14285714285708906,-10.000000000000009,-8.453524459407724,1.0,40.000000000000014,1.11,0.71,-0.727272727272684,7.306220095693689,-8.999999999999986,30.999999999999993,6.104330843101091,-4.34693923914401,14.352727272727272,0.013181818181815075,0.32298136645962927,0.05,-0.2,-84.6437992787601,304.86901380087,0.6515672221603648,121.36956515776001,0.4978036258304605,51.28835515068,-2.8631009140883563,42.82637876761001,-0.7764104994828025,9.880816941189998,-12.56784785439454,73.33762551145001,5.151350922972235,72.28155494581,-3.447649127039789,288.8020853516,0.1890783062231739,272.89679929228004,-0.5166374024159777,29.81199223521,-18.502023569043594,138.66998752496,0.22925816421724368,0.9112446450900009,14.047468528757316,2015-06
2015-08,-5.551948051947996,-1.0000000000000009,-4.248060863602787,0.0,40.1428571428571,1.01,0.608571428571429,0.14285714285708906,-0.727272727272684,-10.000000000000009,-8.999999999999986,-8.453524459407724,6.104330843101091,19.42809523809524,5.075367965367967,0.21199650829279992,0.05,-0.2,-81.26542772540017,301.38685143647,-0.4962843577352614,121.30873604374001,0.4479091941029672,50.93453435556,-3.5776476281089016,41.741888683290014,-3.3946681147354143,10.314342598649999,-7.836470184593179,73.98235575122001,5.977923578578499,72.03050649183001,-3.8081959792843096,290.66010437002,0.8271107983500604,276.57372115625003,0.8196855866683108,30.351787462500003,-16.394509247990545,139.94216913564998,1.136250701437019,4.289616198449906,13.849936878247949,2015-07
2015-09,0.5909090909090935,-13.0,9.929098067891108,1.0,34.59090909090911,1.0,0.654090909090909,-5.551948051947996,0.14285714285708906,-1.0000000000000009,-10.000000000000009,-4.248060863602787,-8.453524459407724,24.377142857142857,4.949047619047619,0.0992925406478884,0.05,-0.2,-81.12702202513009,301.67242036752,-0.4011526368322544,121.34171169945,0.47496333258220697,51.807835648330006,-1.8316859903808511,41.449243661400004,-4.124667802086147,10.354427777379996,-7.419001998624965,73.57622537588001,5.458934992357866,72.02932426649,-3.8098997947932913,289.66800136806,0.487447043205134,275.9905285592,0.6101087383579595,30.57998660029,-15.525930494145394,140.84874181477997,1.7725870500307217,4.42802189871999,13.739818711602284,2015-08
2015-10,1.1991341991341997,1.0000000000000009,1.2238485214160821,1.0,35.1818181818182,0.87,0.518181818181818,0.5909090909090935,-5.551948051947996,-13.0,-1.0000000000000009,9.929098067891108,-4.248060863602787,16.789545454545454,-7.587597402597403,0.11212158963498364,0.05,-0.2,-79.59123859476009,303.23857108358,0.11739398648660064,121.38657475648002,0.5117466210544458,51.979664490990004,-1.495061640816677,41.44924437300001,-4.124666014475421,10.110869985229998,-10.00658694432797,75.21602797083,7.520047336511297,71.71406525849,-4.2662538713879385,292.50045607970003,1.4510858807903766,276.82850532518,0.9109679997721803,30.27159618565,-16.702845295342755,141.93840426222,2.5266798113036004,5.9638053290900075,13.668856249021033,2015-09
2015-11,2.069047619047602,5.000000000000004,-5.657171926192472,1.0,36.3809523809524,0.88,0.516190476190476,1.1991341991341997,0.5909090909090935,1.0000000000000009,-13.0,1.2238485214160821,9.929098067891108,16.21,-0.5795454545454533,0.1494396014944055,0.05,-0.2,-77.0415467379901,302.9268231134499,0.014602826047349382,121.60495293043,0.6904076260449015,51.935691632710004,-1.5809953758136825,41.85565117509001,-3.1136442923043224,9.37096483071,-18.692399150614282,74.90444179167,7.13535085643529,71.83175816507,-4.095418591982241,292.57090474706,1.4748156487092914,276.99216096797,0.9695129028797828,30.455635826069997,-15.997624435505701,142.02332687522,2.584963821616095,8.51349718585999,13.817083196826891,2015-10
2015-12,2.499999999999993,-9.000000000000007,-5.561520706753664,1.0,38.45,0.93,0.5455,2.069047619047602,1.1991341991341997,5.000000000000004,1.0000000000000009,-5.657171926192472,1.2238485214160821,18.025454545454547,1.8154545454545463,0.11226144443059471,0.05,-0.3,-77.49142733929997,302.95667712797996,0.024455606082811148,121.67273127056002,0.7457284794506482,52.64830882607001,-0.20605351276977252,41.85564951703001,-3.113648377024332,9.522420004619999,-16.804583033867733,74.12577956828001,6.159844162305308,71.20886762064,-5.005980072960402,291.95176853086,1.2658752811046443,276.42822183676003,0.7674815528035421,30.13681336666,-17.224782976068536,141.32618996339997,2.1044328067785623,8.063616584550104,13.815721083892354,2015-11
2016-01,0.7642857142857054,-25.0,-1.436946506085468,1.0,40.949999999999996,0.84,0.4305,2.499999999999993,2.069047619047602,-9.000000000000007,5.000000000000004,-5.561520706753664,-5.657171926192472,23.717894736842105,5.692440191387558,0.27424582398403174,0.05,-0.3,-70.52421395073009,301.57453317072,-0.4337415536873295,121.56878820934,0.660864650724777,51.605467463800004,-2.2310137057233828,42.136368445660004,-2.4266894869420605,10.851983152370002,-2.493920465596104,73.6179183495,5.512477638193853,70.23023084828999,-6.469206267361471,294.54350093672997,2.134651641083246,280.13185176441,2.0794370580496917,33.54855217425,-5.303543000838239,141.78595993616,2.421879204729535,15.030829973119992,13.9721242382913,2015-12
2016-02,-7.857142857142804,-7.9999999999999964,0.7237830120221167,0.0,41.7142857142857,0.59,0.172857142857143,0.7642857142857054,2.499999999999993,-25.0,-9.000000000000007,-1.436946506085468,-5.561520706753664,22.517,-1.2008947368421055,0.32778618255169256,0.05,-0.3,-70.29296583779009,303.91568615408994,0.7703297625062359,121.68478276196,0.09532379479767054,51.68385671523,0.15167066935796322,41.93570192559,-0.4785099827971385,10.488827050350002,-3.462313758027709,76.33915703115001,3.5646695450666366,68.36371595305998,-2.730271269208932,296.22309809808996,0.5670041168780912,280.82706769711,0.247560158072025,33.53532219997,-0.03945086378210446,143.04752190893998,0.881918089838058,0.23124811294000125,13.79846577064402,2016-01
2016-03,3.714285714285701,0.0,1.0011243120311653,1.0,33.8571428571429,0.51,0.171428571428571,-7.857142857142804,0.7642857142857054,-7.9999999999999964,-25.0,0.7237830120221167,-1.436946506085468,15.84909090909091,-6.66790909090909,-0.1126408010012514,0.0,-0.4,-72.65709406348009,300.95507830432996,-0.20582967726618637,121.73051992238001,0.13286044711147874,51.73743562976,0.2550728777985478,41.842384887200005,-0.7025975198414953,10.416551409090003,-4.180190988161597,73.46931737837,-0.20226262667543035,67.22889505184,-4.464353897436035,295.53217625280996,0.3345406678270589,280.02165632104,-0.03935247181156082,33.16872481754999,-1.145137049402118,141.88082785727002,0.06686451054925978,-2.1328801127500014,13.9031994817806,2016-02
2016-04,0.14285714285710327,0.0,1.7308839304515322,1.0,37.5714285714286,0.51,0.134285714285714,3.714285714285701,-7.857142857142804,0.0,-7.9999999999999964,1.0011243120311653,0.7237830120221167,14.300476190476191,-1.5486147186147186,-0.08695652173912327,0.0,-0.4,-71.7240401356101,302.21823960511995,0.21299390640388163,121.85287759258,0.23314130027348393,50.98672434049,-1.2135377028303018,41.780835356000004,-0.8509477769667024,10.33221626823,-5.030545922061315,75.45748301681,2.4378823593946173,66.75646186648,-5.203644538199021,297.4732139430399,0.9848661556703979,282.26292374003,0.7549953594269359,33.358552873339995,-0.5695669762157064,143.1232925548,0.9343920159801788,-1.1998261848800027,13.824723289564217,2016-03
2016-05,2.9675324675325,-12.0,-5.951237115971697,1.0,37.7142857142857,0.51,0.132857142857143,0.14285714285710327,3.714285714285701,0.0,0.0,1.7308839304515322,1.0011243120311653,14.852857142857141,0.5523809523809504,-0.12405408758218162,0.0,-0.4,-67.14831201049009,302.52928843339,0.315591018513976,121.93396435762,0.29948681665837995,51.13914612932001,-0.9118676586831789,41.59304680847001,-1.306279964754491,10.216557808160001,-6.219563928884968,75.85422712035,2.9481663128699207,65.6226985804,-7.021247780971571,300.2114906001,1.8879989077167276,284.61411746526,1.5748571226081618,33.403431385489995,-0.4344487459544005,143.94592124648,1.5005366540545997,3.3759019402399986,13.748436398953103,2016-04
2016-06,-8.253246753246799,-22.0,4.774773664007226,0.0,40.6818181818182,0.39,-0.016818181818182,2.9675324675325,0.14285714285710327,-12.0,0.0,-5.951237115971697,1.7308839304515322,17.774545454545457,2.9216883116883157,0.09899764880583195,0.0,-0.4,-72.25989153862,304.31528366404996,0.9006286047583616,121.92641991804999,0.2933176492431821,51.5175334982,-0.17068745265739507,42.53166556063,0.9294183751315573,10.728031450490002,-1.15540024702611,75.85793606557002,2.9529114977947493,67.31996096664,-4.323041546462228,298.16492356149996,1.2145703060953932,283.07366815293,1.039240565085229,33.39347115721999,-0.4644052015433252,142.90058761204,0.7800021640961272,-1.735677587889903,13.976184517759222,2016-05
2016-07,-4.2546583850931015,-2.0000000000000018,-0.03580882355367354,0.0,32.4285714285714,0.17,-0.154285714285714,-8.253246753246799,2.9675324675325,-22.0,-12.0,4.774773664007226,-5.951237115971697,13.1585,-4.616045454545457,0.30955918771669033,0.0,-0.4,-73.82802457070008,307.37801285533993,1.8880594713686483,122.06828123969,0.40919149944383304,51.508151127770006,-0.18893385590291717,42.528490196030006,0.9220213286729992,10.848792253810002,-0.029412477309444643,78.63784310975,6.383599246540879,64.47681867129,-8.92322589042665,297.95949126961995,1.1464613254420266,284.39074198741,1.4975488277985327,33.37045725445,-0.5336903790140611,144.28186465085003,1.7298811051062297,-3.303810619970001,13.835892099427754,2016-06
2016-08,-1.7648221343874013,3.0,0.22620668410442413,0.0,28.1739130434783,0.15,-0.131739130434783,-4.2546583850931015,-8.253246753246799,-2.0000000000000018,-22.0,-0.03580882355367354,4.774773664007226,12.399565217391304,-0.7589347826086961,0.3982080637132901,0.0,-0.4,-71.5637956880399,306.64729283284004,1.6542652684970234,122.24541337919,0.5534973878743342,51.16625053679,-0.8584113989243587,41.29222545245,-2.044314599081299,10.839575707930003,-0.11446429984267797,79.35474930292999,7.229347964455323,64.06759427558998,-9.61896047819606,299.49236374695,1.6524170260319004,286.03515832372,2.063839492286791,33.520565037679994,-0.08349243677289188,144.56839153774,1.9246472703915039,-1.0395817373098026,13.465706829167825,2016-07
2016-09,6.390909090909105,15.000000000000002,1.371322791699181,1.0,26.4090909090909,0.18,-0.084090909090909,-1.7648221343874013,-4.2546583850931015,3.0,-2.0000000000000018,0.22620668410442413,-0.03580882355367354,14.21952380952381,1.8199585921325063,0.3843769373837347,0.0,-0.4,-76.91734443285009,310.62059374137993,2.912253969288216,122.47610385333,0.7408103421354337,51.12962443889,-0.9306601214697603,41.30917205661001,-2.002452113822107,10.908249421780003,0.515813924254938,83.02863212342,11.334299425686321,63.73165789629999,-10.196773733023004,299.62701439534,1.6966138613598414,285.61081206745996,1.9183308444765377,33.2059433634,-1.0317695452905775,143.67905884364,1.3175886052679233,-6.39313048212,13.298916069616324,2016-08
2016-10,15.290909090909103,34.0,1.5319604927534147,1.0,32.800000000000004,0.33,0.002,6.390909090909105,-1.7648221343874013,15.000000000000002,3.0,1.371322791699181,0.22620668410442413,14.585238095238097,0.36571428571428655,0.5102040816326481,0.0,-0.4,-79.00688191485011,308.97160861153,2.394095520313759,122.53246794110999,0.7864688828704058,50.88254022900001,-1.4207766191436555,41.315597704370006,-1.9865880851172677,11.100005294250002,2.2344326448968435,81.37218998592,9.529387912211446,64.90265419117,-8.20856515579114,298.49390955277,1.3234469748340507,286.1580086371699,2.105884403326538,33.395970873349995,-0.45688535745419273,143.79037162044,1.393981851282086,-8.482667964120012,13.371972230728845,2016-09
2016-11,1.7186147186146883,7.9999999999999964,6.202471300408252,1.0,48.09090909090911,0.67,0.189090909090909,15.290909090909103,6.390909090909105,34.0,15.000000000000002,1.5319604927534147,1.371322791699181,15.236190476190476,0.6509523809523792,0.47251927381248837,0.0,-0.4,-79.86682242711998,310.40264050833,2.844082551344504,122.65008325144,0.881609709047874,51.25830769004001,-0.6772751372504778,41.26794352343,-2.104357154935415,11.435111911880002,5.099458265066775,82.16550961699001,10.402894483748867,64.74593817918,-8.47048142839878,303.87394657193,3.0704987184518013,291.4062795528299,3.868972146283488,33.227502650309994,-0.9662162315319411,143.98147330303,1.5248582449557417,-9.342608476389898,13.294971800448497,2016-10
2016-12,11.099567099567096,10.999999999999998,-2.3324336556768244,1.0,49.809523809523796,0.75,0.251904761904762,1.7186147186146883,15.290909090909103,7.9999999999999964,34.0,6.202471300408252,1.5319604927534147,12.472380952380954,-2.763809523809522,0.6852728631946192,0.0,-0.4,-81.0772984829201,312.56539861839997,3.516341058946948,122.92784761745999,1.10557488352782,51.36066738676,-0.47662947055689936,41.300075356460006,-2.024919039449617,11.654230109940002,6.883740495957399,83.67140537511,12.015439421076868,65.04415556930999,-7.973161052807902,299.71621519538996,1.7258706724585509,287.11888019727996,2.433496685438869,33.565306394169994,0.049915289684080835,144.05849797397002,1.5775105736703214,-10.553084532189999,13.213258901661668,2016-11
2017-01,16.29090909090911,17.000000000000004,2.3095912324266665,1.0,60.90909090909089,0.86,0.250909090909091,11.099567099567096,1.7186147186146883,10.999999999999998,7.9999999999999964,-2.3324336556768244,6.202471300408252,11.6085,-0.8638809523809545,0.8080556936847394,0.0,-0.4,-69.05588220879,314.36137996846,4.067562879073429,123.19085406110001,1.3167096406000263,52.76038239592,2.1889813524348223,41.44701710968,-1.66321097162625,10.99995440176,1.3451987525177649,83.82442900035001,12.176057472228518,65.45676666812,-7.292545023454173,300.33489721281,1.9283128034157129,284.09656528638,1.395551374573437,29.98966009883,-11.867063726937145,144.43851775697,1.8364615353317109,1.468331741940105,13.184513032051962,2016-12
2017-02,-10.026086956521695,-1.0000000000000009,5.432239116286297,0.0,77.2,1.03,0.258,16.29090909090911,11.099567099567096,17.000000000000004,10.999999999999998,2.3095912324266665,-2.3324336556768244,11.530526315789475,-0.07797368421052475,1.5707464186981657,0.0,-0.4,-65.28524846098999,315.01416508500006,0.20722405177045344,123.55619345829001,0.295686834438882,53.633500663579994,1.627934512678367,41.58370706139,0.3287103564581308,10.86301028185,-1.2606461409578813,83.20919970675,-0.7393765302012545,66.62361142809999,1.7513982430076693,298.92415284271,-0.47194057645864335,283.57028198007,-0.18559184080755947,29.33013737339,-2.2486179217092834,144.29615392679,-0.09866086261192529,3.770633747799998,13.200583234144247,2017-01
2017-03,-1.7294685990339076,-14.000000000000002,2.8271358987312922,0.0,67.17391304347831,1.02,0.348260869565217,-10.026086956521695,16.29090909090911,-1.0000000000000009,17.000000000000004,5.432239116286297,2.3095912324266665,11.89782608695652,0.3672997711670458,1.42839243202606,0.0,-0.4,-64.94811506507999,317.59652723465007,1.0186343327991678,123.57783843446002,0.31315030126962395,53.16767167438,0.7660468582382207,40.74952823528999,-1.7116489554496468,10.92329303744,-0.7018155061595465,86.85398291206,3.4881001539991936,64.36379980721999,-1.6981080423679358,302.19646279525,0.6160117048429137,286.91818071816,0.9834216237944454,29.76485146288,-0.7552822369376198,145.89719227816002,0.9997961567409501,4.107767143710003,12.830596288347634,2017-02
2017-04,-18.08080808080799,-6.999999999999995,0.30945098267511906,0.0,65.4444444444444,0.88,0.225555555555556,-1.7294685990339076,-10.026086956521695,-14.000000000000002,-1.0000000000000009,2.8271358987312922,5.432239116286297,13.136315789473684,1.238489702517164,1.3925152306353272,0.0,-0.4,-71.13471722695999,318.82192799833,1.3990719075926847,124.15250143017002,0.774569467382727,53.71468059124,1.7766059200501554,40.78844014506999,-1.6146166959748292,11.077483182049999,0.6998772105168053,86.76946233863,3.3940896473307536,63.752065959149995,-2.673953672438336,301.59029322601,0.4162587594486048,286.24647734015997,0.7510702223333072,29.79336758932,-0.658846331894233,146.04517902868002,1.1001125010737194,-2.078835018169997,12.793486445914612,2017-03
2017-05,-6.411255411255411,-15.000000000000002,-3.084048478893664,0.0,47.36363636363641,0.81,0.336363636363636,-18.08080808080799,-1.7294685990339076,-6.999999999999995,-14.000000000000002,0.30945098267511906,2.8271358987312922,10.862272727272726,-2.274043062200958,1.3911315364550925,0.0,-0.4,-70.52122672708998,318.86263176969004,1.4116586118128724,124.52121192413003,1.068378505535738,54.09054806508,2.4591462219232594,40.080423354189996,-3.409629043619211,10.94647688537,-0.4885363295424613,86.93359388667001,3.576482631528186,64.14178062013,-2.0501240147631745,301.68307225699004,0.4468845514247354,286.94754317793996,0.9935536858010536,29.58619441435,-1.363695779286535,147.45043343643002,2.0426631575542413,-1.4653445182999931,12.569808864633444,2017-04
2017-06,-2.5238095238096037,17.999999999999993,-0.5255191757000177,0.0,40.952380952381,0.66,0.25047619047619,-6.411255411255411,-18.08080808080799,-15.000000000000002,-6.999999999999995,-3.084048478893664,0.30945098267511906,10.513636363636364,-0.34863636363636274,0.9395475336877235,0.0,-0.4,-69.83540728044,319.31459968409007,1.551203646977125,125.03590812411,1.475619356624023,53.994122690679994,2.284952941689253,41.1125615111,-0.813511944493404,10.68323829125,-2.964607751653382,86.21338613651,2.770981680707133,62.515863625739996,-4.7042508442115265,301.39851470070005,0.35289407081060475,287.09831595016,1.045547987227171,29.82743414377,-0.5438816972256533,147.32634557485,1.9601570965546222,-0.7795250716499993,12.875252666735001,2017-05
2017-07,-2.037267080745295,-13.0,-0.1605917768152998,0.0,38.428571428571395,0.84,0.455714285714286,-2.5238095238096037,-6.411255411255411,17.999999999999993,-15.000000000000002,-0.5255191757000177,-3.084048478893664,10.2645,-0.2491363636363637,0.7776817676830028,0.0,-0.4,-69.52040132778,324.67065337389,3.175301893872698,125.43577787571002,1.7896997592141708,57.42599140602999,8.12455979579325,41.106183755029996,-0.8291534837706634,11.027283503380001,0.24783167687330823,87.39536710142002,4.0859581228442305,62.75593332625999,-4.303709942163902,304.45957357541,1.3547533796234414,289.99558264542,2.0341749019855717,31.9184455691,6.042855270299386,148.13080735513,2.4925872369736544,-0.46451911898999754,12.660886756430125,2017-06
2017-08,-1.1055900621118013,-1.0000000000000009,4.802200380824795,0.0,36.3913043478261,0.71,0.346086956521739,-2.037267080745295,-2.5238095238096037,-13.0,17.999999999999993,-0.1605917768152998,-0.5255191757000177,11.975652173913044,1.7111521739130442,0.7684680218145612,0.0,-0.4,-72.05384332584009,324.91714357553997,3.248755510687868,125.72328959211,2.014293087005673,54.987179247760004,4.049665544410916,42.85140128543,3.2773354747386234,11.227601373039999,2.0275654943239365,87.84491156792002,4.576796192072486,63.59439727939999,-2.9285117375006218,303.86425234796,1.1614907340625449,289.74939659586005,1.9509380781781323,31.00797472378,3.28404107014785,148.68162842873002,2.853823109553789,-2.99796111705011,13.188408839827032,2017-07
2017-09,8.464285714285708,11.00000000000001,3.254899866253802,1.0,35.2857142857143,0.7,0.347142857142857,-1.1055900621118013,-2.037267080745295,-1.0000000000000009,-13.0,4.802200380824795,-0.1605917768152998,10.437999999999999,-1.5376521739130453,0.9881422924901351,0.0,-0.4,-66.01121456572989,326.70724198377,3.778876140102009,126.064525973,2.2795246241718004,55.82590857017,5.491224868103688,42.864940401089996,3.307885834302811,11.602593768000002,5.194005567117954,87.97309366236001,4.715833545575354,63.00522727339,-3.8910095254356714,308.24412555229003,2.5658975090956972,291.74526335443,2.6217042841096285,30.57767755931,1.923028520853003,149.77586101836,3.563553716266559,3.0446676430601087,13.120290857592748,2017-08
2017-10,-2.568181818181813,-9.000000000000007,-2.371308782086856,0.0,43.75000000000001,0.81,0.3725,8.464285714285708,-1.1055900621118013,11.00000000000001,-1.0000000000000009,3.254899866253802,4.802200380824795,10.125454545454545,-0.3125454545454538,1.0647517642689008,0.0,-0.4,-62.30279896994997,327.99421263327,4.156424759863935,126.42995934471001,2.5619760540922214,56.3681652273,6.400390746854917,42.86692469264,3.312361670777346,11.715533140949999,6.107948572044015,88.22277145764002,4.98549567715844,62.39423940104,-4.908349386864956,308.91800314206,2.7784414770099826,292.55324303349005,2.890645702444651,30.823282911630002,2.7045231203632287,149.95476737406005,3.6786090323689438,6.75308323884002,13.069414959638163,2017-09
2017-11,-3.866028708133989,-4.999999999999993,-1.1210186891885243,0.0,41.181818181818194,0.72,0.308181818181818,-2.568181818181813,8.464285714285708,-9.000000000000007,11.00000000000001,-2.371308782086856,3.254899866253802,10.54047619047619,0.4150216450216444,1.1509900990099187,0.0,-0.4,-60.65168306563019,327.83684724283,4.110418760948078,126.84018906866002,2.8771125574281395,56.685545628319986,6.9244517079129695,41.58505890662,0.33195046627197705,11.56120976729,4.8546421769627734,88.77188615091,5.573225223748703,62.00140537667999,-5.573037047220931,308.49061300485994,2.6437484475164488,292.23282611468,2.784170736899736,30.58997700373,1.9624627531651888,149.77146153178,3.5607209279175045,8.4041991431598,12.684681193208824,2017-10
2017-12,0.22966507177029172,17.999999999999993,3.188107340330615,1.0,37.315789473684205,0.67,0.296842105263158,-3.866028708133989,-2.568181818181813,-4.999999999999993,-9.000000000000007,-1.1210186891885243,-2.371308782086856,10.2645,-0.2759761904761895,1.2374706100730215,0.0,-0.4,-60.47715886198008,327.97475513355005,4.150738723639479,127.10845977447,3.0820967544733424,57.09871174633,7.597946114237584,41.58544774429999,0.3328823954744309,11.59333352124,5.118278693465321,88.19814873637002,4.958969999578267,61.43771008559,-6.541677052954899,314.7914465967,4.592421280877817,297.82001547117,4.607967722746455,29.89498506254,-0.31669203410518476,150.92869383508003,4.300160501754447,8.578723346809909,12.679466054442685,2017-11
2018-01,-5.445454545454503,13.0,-2.9449470575068526,0.0,37.5454545454545,0.85,0.474545454545455,0.22966507177029172,-3.866028708133989,17.999999999999993,-4.999999999999993,3.188107340330615,-1.1210186891885243,11.062380952380952,0.797880952380952,1.245529658404232,0.0,-0.4,-67.66772618459011,326.774650388,3.7987250249677924,127.61198048752,3.464507336638631,53.80683561125,1.944833223218223,41.69718843143,0.5999716795327894,11.123954859520001,1.1147155784606604,90.06243199539,6.926309735183805,60.16062024865,-8.803344110450464,309.45106938278,2.9459171649181255,295.63283901162,3.9022301324199495,35.71456217586,16.029601731753967,152.41880039531,5.235760035928968,1.388156024199887,12.760227386647133,2017-12
2018-02,-2.052380952380993,-15.000000000000002,-2.8792540337308825,0.0,32.099999999999994,0.98,0.659,-5.445454545454503,0.22966507177029172,13.0,17.999999999999993,-2.9449470575068526,3.188107340330615,22.464736842105264,11.402355889724312,1.4722256587900606,0.0,-0.4,-73.0268109577201,327.39351024888,0.18902630672475823,127.47297871367,-0.10904410899679812,53.349694194339996,-0.8568772957624547,41.70836867429,0.02680575437344252,11.464192463310003,2.9678287840935695,90.93378146487001,0.9582241664684583,59.77730136982,-0.6412448706216229,310.08450417655,0.20427811942816423,296.31459402926,0.23007811001461376,36.07819573569,1.007903949781721,152.48901170579998,0.04604352123775464,-5.359084773129998,12.739522125097677,2018-01
2018-03,-0.04761904761899771,-4.999999999999993,6.835295195995705,0.0,30.047619047619,0.83,0.52952380952381,-2.052380952380993,-5.445454545454503,-15.000000000000002,13.0,-2.8792540337308825,-2.9449470575068526,19.023809523809526,-3.4409273182957385,1.321803582458303,0.0,-0.4,-74.6737889238401,327.20586449914,0.13178679171905072,127.73342795638,0.09507884568906085,54.126922700289995,0.591363914797773,41.715707147,0.04439266846116921,11.68594527047,4.809113836688344,89.60257391472001,-0.5132197219107488,60.28517478958,0.2066089073553283,308.14287369401,-0.4245419253372211,294.44074947677996,-0.40486567737595647,35.784570658970004,0.19563873988369665,153.56275725059,0.7449442011602115,-7.006062739249998,12.749070745065955,2018-02
2018-04,3.9999999999999964,1.0000000000000009,-2.211757950480031,1.0,30.000000000000004,0.78,0.48,-0.04761904761899771,-2.052380952380993,-4.999999999999993,-15.000000000000002,6.835295195995705,-2.8792540337308825,18.267619047619046,-0.7561904761904792,1.7290006131207791,0.0,-0.4,-71.15767591288011,326.84501261219,0.021527703184962766,128.24358185491,0.4925013464647047,54.127870285,0.5931042031760233,41.701173156580005,0.009555426978128627,11.51303048363,3.3794371053148344,88.90286716409,-1.3043053259010922,60.202065130559994,0.06884295716453938,307.80989331677006,-0.5331784655540751,294.05709757418,-0.5358624057841347,36.515921088700004,2.1945466222622114,153.2203258622,0.5231195419926578,-3.48994972829,12.758699550988567,2018-03
2018-05,8.285714285714299,-4.0000000000000036,-1.3868946084374834,1.0,34.0,0.79,0.45,3.9999999999999964,-0.04761904761899771,1.0000000000000009,-4.999999999999993,-2.211757950480031,6.835295195995705,14.124545454545455,-4.143073593073591,1.8253093225530037,0.0,-0.4,-64.08106146461012,325.82794955476,-0.2905523711313461,128.47578457296,0.6723477800203272,53.42744890574001,-0.7100969881218447,40.62740023488,-2.633169216748329,11.776653127950002,5.542306980927594,89.19308299161,-0.9746820881410436,59.78813671266,-0.6230057607918911,307.84407272663,-0.522016435761308,294.16236423976,-0.4998854206452707,36.462398137360005,2.0509785414628396,152.45585301828,0.02430383762672539,3.586664719979993,12.468973361676571,2018-04
2018-06,-2.740259740259795,-7.9999999999999964,3.527171390208328,0.0,42.2857142857143,0.75,0.327142857142857,8.285714285714299,3.9999999999999964,-4.0000000000000036,1.0000000000000009,-1.3868946084374834,-2.211757950480031,13.678095238095239,-0.44645021645021643,2.2780159216166496,0.0,-0.4,-56.292249722170105,327.18273154627,0.12472576298309664,128.94592690549,1.0345006236200938,53.92434518758,0.2179156296126325,41.66993365492,-0.06540633526250934,12.094734156080001,8.026462459052826,88.12421367275,-2.199416303262106,57.176817680620005,-5.218553058858594,314.72938040698,1.6770951022667684,298.80480653845996,1.061551707814223,38.34558382789,6.861342009653719,154.04023684317997,1.052605787357165,11.375476462419996,12.73598195662324,2018-05
2018-07,1.3675889328063917,2.9999999999999916,-1.8951918918004185,1.0,39.545454545454504,0.67,0.274545454545455,-2.740259740259795,8.285714285714299,-7.9999999999999964,-4.0000000000000036,3.527171390208328,-1.3868946084374834,13.147619047619049,-0.5304761904761897,2.3150416462518475,0.0,-0.4,-64.2709760199402,326.40053501423995,-0.11461849281089519,128.68956355258,0.8373507806790548,51.44817438417999,-4.584538237367031,41.748629242330004,0.12321556859127651,11.67968545255,4.758095543648988,90.47125645496999,0.4518832561847745,58.93224583093,-2.0843841947650694,309.50937834236004,0.018839157602355848,292.11686650969,-1.203618450362006,34.71231346063,-2.8873002554748517,154.13356811185002,1.1125206128334362,3.3967501646499016,12.790612993483183,2018-06
2018-08,-0.963043478260893,7.000000000000006,1.6024142551373188,0.0,40.913043478260896,0.7,0.290869565217391,1.3675889328063917,-2.740259740259795,2.9999999999999916,-7.9999999999999964,-1.8951918918004185,3.527171390208328,12.54695652173913,-0.600662525879919,2.6076260762607717,0.0,-0.4,-66.58214178049008,331.05726259809,1.293616752727513,128.88488715694,0.987630666014401,54.43840244129999,1.160149456499938,42.61567609868,2.155281228257805,11.442723970140001,2.7857799545967703,91.27993284853,1.333809978980065,58.118749765960004,-3.5132732395525688,310.34523826296004,0.2881207023458101,292.58508484509,-1.0416642284221787,33.8062849148,-5.6447411061857835,153.51571414946,0.7145286462870338,1.0855844041000182,12.872599671802476,2018-07
2018-09,2.1409090909090907,4.999999999999993,-7.282260928862183,1.0,39.95,0.77,0.3705,-0.963043478260893,1.3675889328063917,7.000000000000006,2.9999999999999916,1.6024142551373188,-1.8951918918004185,12.910526315789474,0.36356979405034373,2.568493150684925,0.0,-0.4,-71.96646524283031,329.0812281034,0.7009143999776446,128.92318292044,1.0170416237156947,53.201466570310004,-1.1378803630158465,42.603988586170004,2.128439577683955,11.12411129649,0.0014062873503315392,90.91839143639999,0.9414590683874575,59.15152468295,-1.7059502204021217,305.49429908094,-1.295202664581205,290.93405430006993,-1.6150686528788698,32.554169023270006,-9.708105743172018,153.95855208298002,1.0001079295940087,-4.298739058240201,12.946344229876122,2018-08
2018-10,2.500000000000007,-5.999999999999995,-1.7575552192833799,1.0,42.09090909090909,0.82,0.399090909090909,2.1409090909090907,-0.963043478260893,4.999999999999993,7.000000000000006,-7.282260928862183,1.6024142551373188,19.35217391304348,6.441647597254006,2.499081220139665,0.0,-0.4,-78.5465712189401,330.88630454113996,1.242618415060075,129.44817361421002,1.4184774303284877,53.61672174153,-0.35457943631183303,42.612071408940004,2.1470042343871087,10.969782682910003,-1.405425987610364,91.94530878501999,2.0478225746485865,59.138934774419994,-1.7276020917981176,302.94673906616003,-2.147021069337057,288.7935642525699,-2.368222704945256,32.26525351052,-10.690474395979454,154.75679899717,1.5107566304099815,-10.878845034350007,12.878161115804637,2018-09
2018-11,6.703208556149697,-6.000000000000005,-5.460318804749553,1.0,44.5909090909091,0.76,0.314090909090909,2.500000000000007,2.1409090909090907,-5.999999999999995,4.999999999999993,-1.7575552192833799,-7.282260928862183,19.38904761904762,0.036873706004140416,2.496023491985788,0.0,-0.4,-77.51367733929001,331.65674740903,1.4720330761155749,129.5029926523,1.4602073095385022,53.54410984099001,-0.49067165565028065,41.37015402429,-0.7905080724330471,11.373489712840001,2.194004299650352,93.5011639349,3.6777423882169176,59.351401608639996,-1.363436444763254,303.2299149310501,-2.051629521165341,289.0656723549499,-2.2718597483986382,31.145029149090007,-14.67178921199857,154.2159998858,1.1653781007293984,-9.845951154699904,12.473786331043184,2018-10
2018-12,0.4331550802139006,-4.999999999999993,5.538944143094882,1.0,51.2941176470588,0.7,0.187058823529412,6.703208556149697,2.500000000000007,-6.000000000000005,-5.999999999999995,-5.460318804749553,-1.7575552192833799,24.953157894736844,5.564110275689224,2.1635496883021688,0.0,-0.4,-78.56372797029002,333.59712441832,2.0451237528549058,129.57362071492003,1.5139194355893566,54.87096142560001,1.9393241647366863,41.37339860486,-0.7826038891858527,11.698930857910002,4.914773882959071,93.67104482082,3.852431487588067,59.169783102660006,-1.6745661282396165,300.81764466932003,-2.869986141587691,287.29070684768,-2.9037250301183417,31.50001820472,-13.379496937904909,155.64263468845,2.071305397517293,-10.896001785699909,12.402204808270199,2018-11
2019-01,-2.2772727272726954,-9.999999999999998,4.963417929483471,0.0,51.7272727272727,0.65,0.132727272727273,0.4331550802139006,6.703208556149697,-4.999999999999993,-6.000000000000005,5.538944143094882,-5.460318804749553,19.57238095238095,-5.380776942355894,1.9001218026796662,0.0,-0.4,-76.00159901497,329.72198058133,0.8938834432977719,129.62621507646,1.5538790419452602,54.03774274489,0.42730714110339235,41.54128330897,-0.375301651854202,11.811161558110001,5.818282098750373,90.17030991647,0.11963796196324177,60.9698721834,1.327298066684045,309.27759699343,-0.056089542545724576,295.39193096354995,-0.08155539228310728,27.38628960778,-30.410372077983418,156.72892890466,2.750052935008504,-8.333872830379889,12.59888201439556,2018-12
2019-02,-6.545238095238105,-11.000000000000004,2.09902442137766,0.0,49.45,0.55,0.0555,-2.2772727272726954,0.4331550802139006,-9.999999999999998,-4.999999999999993,4.963417929483471,5.538944143094882,15.234736842105262,-4.337644110275688,1.4386734942696933,0.0,-0.4,-82.98040728334999,327.79158947179,-0.5889080658386238,129.87284218547,0.1898989079316474,54.5427156492,0.9258301467015555,41.52486033544,-0.039549738150434104,11.95291243773,1.185910800890299,87.36124803099,-3.2154553063201785,61.08604478138,0.19017862164061997,302.84918769249003,-2.1226437323210985,288.92347141118,-2.2388141471429446,27.306951582150003,-0.290541495967868,156.97515531082,0.15685692788292224,-6.978808268379998,12.668067659195895,2019-01
2019-03,-1.9547619047619023,-7.000000000000001,4.408542341884414,0.0,42.9047619047619,0.44,0.010952380952381,-6.545238095238105,-2.2772727272726954,-11.000000000000004,-9.999999999999998,2.09902442137766,4.963417929483471,14.485238095238095,-0.7494987468671663,1.548402828578399,0.0,-0.4,-84.42180013107998,328.64309811335,-0.32828392690233577,130.3222706351,0.5341033080899487,53.20679574245,-1.561730960951373,41.52252031207,-0.045187519348496366,11.798916583290001,-0.10378050165505427,89.28445615020999,-0.9921701989982034,62.86638590991,3.01673732163923,296.90950599445,-4.165609638382948,282.95566202109,-4.395129913156876,27.83905921604,1.6263825754540162,154.91236859546999,-1.1726373598570896,-8.42020111611,12.63453288702529,2019-02
2019-04,2.5045454545455073,-7.000000000000001,-6.780387813338873,1.0,40.949999999999996,0.37,-0.0395,-1.9547619047619023,-6.545238095238105,-7.000000000000001,-11.000000000000004,4.408542341884414,2.09902442137766,12.949047619047619,-1.5361904761904768,1.2777242044358816,0.0,-0.4,-83.65388440554999,330.0790820098799,0.10818662799701215,129.99692276839,0.28516651320314323,53.204556453289996,-1.5660055212216302,41.62725887647,0.20653670172022318,12.42027737751,4.904204639607776,90.32361387872,0.1697274452014789,62.89212496828,3.0564284254181273,298.59785689101,-3.5766298571654453,284.58629371178995,-3.7969633431128065,27.78389410178,1.4310610764044285,153.19399353382,-2.307489536174021,-7.652285390579998,12.611298669094099,2019-03
2019-05,-3.9282296650717967,-21.999999999999996,6.362593722814691,0.0,43.4545454545455,0.3,-0.134545454545455,2.5045454545455073,-1.9547619047619023,-7.000000000000001,-7.000000000000001,-6.780387813338873,4.408542341884414,16.721818181818183,3.772770562770564,1.443695861405181,0.0,-0.4,-88.87825649227999,331.13766451832,0.42752126643439287,130.12290645025,0.3817094063910265,53.70538247278999,-0.6188584026347679,40.964415544809995,-1.4082167571241948,12.366812468860001,4.493081076058566,91.35858182716001,1.3006680783837832,62.54586366886,2.519737346347729,299.71306379955,-3.191229995992706,285.77296309697,-3.365947485842476,27.398722410079998,0.04537730670034926,150.74434753378,-3.970020414555795,-12.876657477309998,12.370811277055337,2019-04
2019-06,-7.700228832952007,-15.000000000000002,-0.3623473628042606,0.0,39.526315789473706,0.08,-0.315263157894737,-3.9282296650717967,2.5045454545455073,-21.999999999999996,-7.000000000000001,6.362593722814691,-6.780387813338873,15.836000000000002,-0.8858181818181805,1.1016644713208068,0.0,-0.4,-104.82649892247998,334.89367122847,1.5442784057904024,130.24932851143,0.47840049702468923,53.948329463259995,-0.16573874023456822,41.80907186637,0.6405034731598545,12.18419347771,3.061605351904751,94.14496632144001,4.2218469667292675,62.228772799,2.0230201544649913,286.17350086203,-8.073457556973091,274.16207356569,-7.743542759853423,23.74865585332,-15.317219538349022,148.28853586102002,-5.691871589824423,-28.824899907509987,12.484282462849874,2019-05
2019-07,-0.9169960474307963,-27.0,-0.6961518156668123,0.0,31.8260869565217,-0.07,-0.388260869565217,-7.700228832952007,-3.9282296650717967,-15.000000000000002,-21.999999999999996,-0.3623473628042606,6.362593722814691,13.305909090909092,-2.5300909090909105,1.3647791212737959,0.0,-0.4,-94.47378942301988,332.31750623525,0.781037894549747,130.33714568141,0.5454550974192414,52.65463066948,-2.6267624667087164,42.04059368957,1.1876863211945468,12.19069405654,3.113296885884764,92.5468083738,2.567888076411274,62.8571647343,3.002509831421242,293.6093116473801,-5.336440202845924,278.79287832569,-5.953901239352579,28.346836778740002,3.388551528544475,145.36133986606998,-7.820228575949857,-18.47219040804989,12.65073097286941,2019-06
2019-08,1.5670995670996,7.000000000000001,3.600233178424528,1.0,30.909090909090903,-0.34,-0.649090909090909,-0.9169960474307963,-7.700228832952007,-27.0,-15.000000000000002,-0.6961518156668123,-0.3623473628042606,18.97909090909091,5.673181818181819,1.2706784943658622,0.0,-0.4,-102.98795638393999,332.53435102045,0.8457383216168993,130.49401510314001,0.6650113616276752,53.29727050502,-1.3893248807183294,41.35739349964,-0.44463587709317726,12.415916588310001,4.870804550744137,92.35704599393,2.3676981587346533,63.03718924333,3.279519732312211,285.66432744133004,-8.266089701714572,271.12686605758995,-8.949708768737757,27.78226793705,1.42529159306656,142.44983409114002,-10.023946257729003,-26.986357368970005,12.437028948355662,2019-07
2019-09,-1.521645021645,11.000000000000002,0.9170790723241895,0.0,32.4761904761905,-0.27,-0.594761904761905,1.5670995670996,-0.9169960474307963,7.000000000000001,-27.0,3.600233178424528,-0.6961518156668123,15.559000000000001,-3.4200909090909093,1.2759360839494471,0.0,-0.5,-101.84560609959989,336.3052804908699,1.957536884324564,130.73907879698,0.8512097000837344,54.05920974478,0.039710162230173894,41.36710433154,-0.42105673153728157,13.215167660030001,10.624201962768083,94.32124591653002,4.400849415977175,63.66882142986,4.2390438300059765,291.98024892827004,-5.924150050782853,277.40327449826003,-6.484659021356591,28.792819467500003,4.88500218364383,140.33904903383998,-11.678773644011166,-25.844007084629908,12.300462327311878,2019-08
2019-10,2.283549783549695,14.000000000000002,3.0595871936972108,1.0,30.954545454545503,-0.16,-0.469545454545455,-1.521645021645,1.5670995670996,11.000000000000002,7.000000000000001,0.9170790723241895,3.600233178424528,15.466521739130435,-0.09247826086956579,1.1234612166845848,0.0,-0.5,-97.87204205476,334.68861682636,1.4839573249085871,131.0406980106,1.079422618784874,53.23127614906999,-1.5150239749307515,41.371043939610004,-0.4114940140463908,13.04239439047,9.440236167521913,93.34732674408001,3.4034363258415294,63.96194845558,4.677900446165932,289.87593258893,-6.693092534871907,274.85257612409,-7.472862408314096,30.39467609192,9.89774154869095,137.97227872178,-13.594506343337741,-21.870443039790004,12.361054980568325,2019-09
2019-11,0.7063492063492021,6.0,1.234344441956492,1.0,33.2380952380952,-0.02,-0.352380952380952,2.283549783549695,-1.521645021645,14.000000000000002,11.000000000000002,3.0595871936972108,0.9170790723241895,12.5235,-2.943021739130435,0.9191834785722941,0.0,-0.5,-96.69638000437999,334.80383978058995,1.5178616836026413,131.17403609943,1.179975145231304,53.990558124669995,-0.08739420717053321,40.26690559984001,-3.1648265247753646,12.478676514690001,5.349244816100454,94.30946719388,4.388909619116791,64.11902312453,4.911414409751407,291.62043627003,-6.054843394805873,276.91296895896,-6.6732020800834,30.969368950979998,11.569752515369276,135.47887765598,-15.685139717971397,-20.694780989409992,12.02701427385913,2019-10
2019-12,-3.5808080808080014,-5.0,-2.8725073545705526,0.0,33.9444444444444,0.04,-0.299444444444444,0.7063492063492021,2.283549783549695,6.0,14.000000000000002,1.234344441956492,3.0595871936972108,13.756666666666666,1.2331666666666656,1.2203876525484603,0.0,-0.5,-94.29048848021,332.92939709616996,0.9633924017570215,131.32880484382,1.296432849887551,52.923560773999995,-2.105266453343727,40.24994481825,-3.208298785379916,12.41322941774,4.850211329934591,93.47486968156001,3.53523869714675,62.771804835539996,2.8706083198674923,291.93675366627997,-5.9399315466022955,277.27199776784,-6.535075067653189,30.23082092777,9.409375044053188,133.41822634814997,-17.471902598736087,-18.288889465240004,12.089633768994993,2019-11
2020-01,-1.7636363636363974,-17.0,-8.549963570262298,0.0,30.3636363636364,-0.01,-0.313636363636364,-3.5808080808080014,0.7063492063492021,-5.0,6.0,-2.8725073545705526,1.234344441956492,13.94095238095238,0.18428571428571416,1.6136743963662603,0.0,-0.5,-92.68594114457,336.06857545389,1.888482094461929,131.64102928532,1.5305366569970182,53.49534459939,-1.013916537152617,40.25588855478,-3.193060196499806,12.41220526228,4.842360333796104,95.75068847869001,5.828029699715379,61.914585151800004,1.5258326710641612,295.25634810901,-4.748839093289637,281.28925097051,-5.013586528593837,33.46556203374,18.16575624766401,128.97663314158,-21.517305179315528,-16.68434212960001,11.978474482599543,2019-12
2020-02,20.536363636363603,13.0,-17.2089832569709,1.0,28.6,-0.18,-0.466,-1.7636363636363974,-3.5808080808080014,-17.0,-5.0,-8.549963570262298,-2.8725073545705526,19.628947368421052,5.687994987468672,1.6586538461538458,0.0,-0.5,-94.91641784786,337.67228992332997,0.4749322101035091,131.65745699751,0.012477616205446157,53.835086274800005,0.631078538029634,40.25933875162,0.008569929231292132,12.858678938790002,3.4721582103053366,96.46651332961001,0.7420449088629808,63.71730806200001,2.8292515252619643,297.01292412274995,0.5914139995517629,282.97277620178005,0.5949424725117473,33.11871007274,-1.0472991255945494,126.94835774111002,-1.5977169272298333,-2.2304767032900017,11.922606607951474,2020-01
2020-03,1.8136363636363981,11.0,4.0048964518828445,1.0,49.136363636363605,-0.05,-0.541363636363636,20.536363636363603,-1.7636363636363974,13.0,-17.0,-17.2089832569709,-8.549963570262298,57.73681818181819,38.107870813397135,1.5728178652899327,0.0,-0.5,-90.99204014452002,337.43804671154,0.40584376035719977,131.57733243367,-0.04841020141680634,54.00720935368,0.9477711594722873,40.28986127784,0.08432077446413425,13.16255113146,5.700611239310497,95.92573370762001,0.18247994793924402,61.291715878320005,-1.0162372917027782,298.62011221033,1.1264358841814273,282.49576548477,0.42709118566417814,32.45979240841,-3.0985091114427927,125.29613330477001,-2.9374408768525693,1.6939010000499906,11.939928431449793,2020-02
2020-04,-2.3000000000000114,-9.0,2.6958641367176295,0.0,50.95,0.06,-0.4495,1.8136363636363981,20.536363636363603,11.0,13.0,4.0048964518828445,-17.2089832569709,41.453809523809525,-16.28300865800866,0.7617233991906724,0.0,-0.5,-104.48182032473001,345.51322890371,2.733514279550816,131.67374396203002,0.024845254433899316,55.08787270974,2.89088692667638,40.371581111379996,0.28656929804363906,14.08268610931,11.861947600505369,101.67178060245001,5.823732100170696,60.57588937983,-2.209948191723535,291.2496816735,-1.3756809664092922,275.27648286589,-2.1842650857862465,30.70880758857,-8.97708071933109,120.71989597692001,-6.83958273641867,-11.795879180160007,11.684525434663176,2020-03
2020-05,-9.22142857142859,-1.0000000000000002,5.123061863649503,0.0,48.64999999999999,-0.03,-0.5165,-2.3000000000000114,1.8136363636363981,-9.0,11.0,2.6958641367176295,4.0048964518828445,30.897000000000002,-10.556809523809523,0.379506641366234,0.0,-0.5,-117.59435622975,350.29342212589006,4.0608375075018746,131.88037384848,0.18148611212991467,55.634171993580004,3.8444490455197498,39.254881084640004,-2.5500203859531814,13.77481165961,9.892014722243966,107.23395595279001,10.708611252909048,61.23669990319,-1.1069918034147477,284.4835823228,-3.7867794331928364,268.31033242434,-4.837278694747948,29.176756834549998,-14.699389735158503,117.63814850692,-9.638441932799562,-24.908415085179996,11.206285532399294,2020-04
2020-06,-2.124223602484399,-10.999999999999998,-3.085506367255497,0.0,39.4285714285714,-0.04,-0.434285714285714,-9.22142857142859,-2.3000000000000114,-1.0000000000000002,-9.0,5.123061863649503,2.6958641367176295,31.119545454545456,0.22254545454545394,0.414544593154087,0.0,-0.5,-126.64005328599,353.45588551634,4.919230595651295,131.69509249989,0.04105180652046343,54.44111122145001,1.7372287244705737,39.95645918054,-0.7493891610541747,13.48313127857,7.942709999361368,111.38584994185001,14.036936892183768,63.267841828730006,2.138932888833712,282.8816212374,-4.3745248692649685,267.03301531015,-5.3387539528780215,34.37055022987,2.6330337747794115,113.62788031362001,-13.507910897920903,-33.95411214142,11.304510921404036,2020-05
2020-07,-1.97101449275371,-2.0000000000000018,3.4184965045921833,0.0,37.304347826087,-0.15,-0.52304347826087,-2.124223602484399,-9.22142857142859,-10.999999999999998,-1.0000000000000002,-3.085506367255497,5.123061863649503,26.840454545454545,-4.279090909090911,0.2125900555096205,0.0,-0.5,-140.22664070751,360.42449875484,6.757565977088824,131.78682183815,0.11062756563706583,54.800029753459995,2.380811032292589,40.10255466116999,-0.3823544283039703,13.385672199380002,7.272454626112011,117.66865805134002,18.626854368549843,63.72812735166001,2.84574845554874,278.35228536353,-6.072902445691503,266.90101516313,-5.390850910996317,37.24907071216,10.157323675688023,113.46159001878002,-13.674269081044935,-47.540699562940006,11.126478582813446,2020-06
2020-08,-3.924242424242383,-3.9999999999999982,-2.9062840786043487,0.0,35.33333333333329,-0.17,-0.523333333333333,-1.97101449275371,-2.124223602484399,-2.0000000000000018,-10.999999999999998,3.4184965045921833,-3.085506367255497,22.88952380952381,-3.9509307359307364,0.8404356060605966,0.0,-0.5,-133.97757699437,359.94459118712,6.633247538040614,132.2598903259,0.46791286387358894,55.14822205739,2.9971545706041653,37.613768012760005,-7.024344227155578,13.51322315096,8.147707444628281,118.75762986508,19.373021685030324,63.34306873218,2.2551537350041393,283.01936562489993,-4.323726207601048,268.20756635168004,-4.877448014153704,41.21110816379999,18.79480187544124,115.87085306944,-11.310678850604363,-41.29163584979999,10.44987726825049,2020-07
2020-09,-0.6818181818182119,-9.0,-4.355206051977922,0.0,31.40909090909091,-0.21,-0.524090909090909,-3.924242424242383,-1.97101449275371,-3.9999999999999982,-2.0000000000000018,-2.9062840786043487,3.4184965045921833,27.64761904761905,4.75809523809524,0.20016484163427606,0.0,-0.5,-135.22916863771002,363.05353411374,7.432776746196333,132.42476489906,0.5918346272597911,57.86462722718999,7.5508697405846394,37.68364414188001,-6.825890837986432,12.80889997321,3.097024036097496,119.59594909933001,19.93818419454609,61.28231355458,-1.0317358476632625,280.15382289602996,-5.3907974757798724,264.79848582794,-6.227665951717453,42.00866549758,20.336526672888816,115.76997491687001,-11.407671319090458,-42.54322749314002,10.379638428219847,2020-08
2020-10,-1.2510822510822024,-2.0000000000000018,20.11887761977782,0.0,30.727272727272698,-0.3,-0.607272727272727,-0.6818181818182119,-3.924242424242383,-9.0,-3.9999999999999982,-4.355206051977922,-2.9062840786043487,29.438636363636363,1.7910173160173137,0.011818933932161713,0.0,-0.5,-145.26250988660001,366.67908190216997,8.348037278125098,132.14810744296,0.3837195760513399,59.27445214645,9.749744346487589,37.71909183254,-6.725497881822077,13.4299202132,7.577967216214051,121.38716654822001,21.119595092736702,61.1967643437,-1.1729718324133882,271.15129826879,-8.889889148280924,255.24067172215004,-10.20549705993406,41.62143884656,19.59537449651162,115.50432217022002,-11.663902023948241,-52.576568742030005,10.286676741108309,2020-09
2020-11,-1.6261904761904944,-2.0000000000000018,0.5954526592219622,0.0,29.476190476190496,-0.32,-0.614761904761905,-1.2510822510822024,-0.6818181818182119,-2.0000000000000018,-9.0,20.11887761977782,-4.355206051977922,24.9955,-4.443136363636363,0.07097232079487092,0.0,-0.5,-144.86210714831998,367.6286993134901,8.58478239553535,132.59175737338998,0.7170340803257069,58.812932075119996,9.041527582637775,36.068973647579995,-11.608078866089171,13.736100051860001,9.638068917536257,123.69284661439,22.589954795695764,61.23164313669001,-1.1153416438383552,275.07270302260997,-7.337567437486153,259.12187127424,-8.554808433290944,43.14113425606,22.427718670750714,116.29134530481001,-10.908195965504335,-52.17616600375,9.81125078508158,2020-10
2020-12,-0.5,3.0000000000000027,-2.741649257191836,0.0,27.85,-0.34,-0.6185,-1.6261904761904944,-1.2510822510822024,-2.0000000000000018,-2.0000000000000018,0.5954526592219622,20.11887761977782,22.37409090909091,-2.62140909090909,0.2245862884160843,0.0,-0.5,-155.60406712399998,378.21398819863,11.143271814316426,132.8308430692,0.8957360778476343,63.33735054881,15.539023757925271,36.13401578221,-11.40718152505855,13.728837596850001,9.590268114702543,129.48709340574,26.053874590681414,63.99590494968,3.2522702812258713,275.71537100907,-7.087373122660325,259.82239057621,-8.262128735977212,42.28440423305,20.856016205656005,114.90784215462003,-12.243542932456265,-62.91812597943,9.553854936542743,2020-11
2021-01,2.1999999999999957,16.0,5.630643299773852,1.0,27.35,-0.31,-0.5835,-0.5,-1.6261904761904944,3.0000000000000027,-2.0000000000000018,-2.741649257191836,0.5954526592219622,24.91,2.5359090909090902,-0.023526643924254298,0.0,-0.5,-178.06795876964998,389.67785897349,13.757333727099716,133.0046520468,1.0252444110001413,64.89527283991,17.56665430568797,36.20211386781,-11.197618740640765,13.64020561059,9.002799395902088,139.23422214653,31.23049276066479,65.6903380127,5.747805499448063,270.72158182261,-9.06273010124341,255.95327328573998,-9.898673050563241,36.32943434304,7.883063309651176,113.76951958867,-13.36659731700621,-85.38201762508,9.290267084502958,2020-12
2021-02,-0.07173913043479985,7.999999999999999,6.382530428644384,0.0,29.549999999999997,-0.15,-0.4455,2.1999999999999957,-0.5,16.0,3.0000000000000027,5.630643299773852,-2.741649257191836,23.140526315789476,-1.7694736842105243,0.756680066209503,0.0,-0.5,-179.95924959210998,393.28669062995004,0.9176083865638889,132.86216867409001,-0.1072414925421766,64.52382470427,-0.5756759419368691,36.25761965666,0.15308723897379287,14.04777241448,2.9012913354852827,142.95619584967997,2.60357634800502,64.79943618847,-1.3748604565613836,272.11682396173,0.5127364485616005,257.19926094505996,0.4844444944132834,37.055521184129994,1.9594565610939667,113.71899249129,-0.044431538015840266,-1.8912908224600002,9.219132129435673,2021-01
2021-03,2.0217391304348027,6.000000000000001,3.3334816819383883,1.0,29.478260869565197,-0.07,-0.364782608695652,-0.07173913043479985,2.1999999999999957,7.999999999999999,16.0,6.382530428644384,5.630643299773852,21.84304347826087,-1.2974828375286052,0.756501182033098,0.0,-0.5,-190.32761379379,398.94801009747005,2.323648918994519,133.6362129085,0.47259709621704493,65.09054063291,0.2999941175803862,36.37612880409,0.4783767322168553,13.905140122759999,1.9052991183911474,147.23784526263998,5.435846403370881,66.99148664702,1.9422596802124856,270.30761401361,-0.15314692873547972,256.99331228451996,0.4046949663921839,37.243261133199994,2.45367017375764,112.34721414487998,-1.2659908433117273,-12.259655024139995,9.118012343313273,2021-02
2021-04,11.850000000000001,22.0,2.8342054199041344,1.0,31.5,-0.01,-0.325,2.0217391304348027,-0.07173913043479985,6.000000000000001,7.999999999999999,3.3334816819383883,6.382530428644384,17.416190476190476,-4.426853002070395,1.3819985825655579,0.0,-0.5,-185.63595163616998,401.18941440590004,2.869356722548837,133.58161425328998,0.4319173785368332,65.11300187428,0.334386417616545,36.329838864100005,0.35157050040266996,12.98043362875,-5.082819270218293,150.90108560664996,7.731464232491812,67.45758018979001,2.619782939319668,271.87752313678,0.4251698709159026,257.99806433840996,0.7925606178145181,39.265485625539995,7.4774352990308195,109.63703925166999,-3.769237444942271,-7.567992866519994,9.055532763220816,2021-03
2021-05,0.513636363636401,-6.0,0.940880370535635,1.0,43.35,0.21,-0.2235,11.850000000000001,2.0217391304348027,22.0,6.000000000000001,2.8342054199041344,3.3334816819383883,19.7605,2.3443095238095246,1.6186200378071947,0.0,-0.5,-177.31182457214,401.66924814298994,2.9853889051598896,133.72665301979,0.5399080562370374,64.77147866837001,-0.1911245104868273,35.39942990224,-2.267505346234988,13.705305807150001,0.4749999560464965,151.55547142082997,8.129861072509293,67.44407936509,2.600289556769845,277.80276293506,2.5489959270510623,263.93323987790995,3.0234791933980607,40.676943855379996,10.687896140370908,111.28251081103,-2.2348604102429173,0.7561341975099936,8.813079434360429,2021-04
2021-06,0.2727272727272023,-16.0,1.6123605908627603,1.0,43.8636363636364,0.15,-0.288636363636364,0.513636363636401,11.850000000000001,-6.0,22.0,0.940880370535635,2.8342054199041344,16.956818181818182,-2.8036818181818184,1.7928756782259914,0.0,-0.5,-179.00291440411002,408.62023369193,4.635691812736125,133.99879481204,0.7419042586423823,66.93948303280001,3.053818315101636,36.49280769103,0.7965783989031253,14.50971187607,5.992581196005867,154.13342241192998,9.666430571807512,68.76050242049,4.465011597813925,282.17355304625994,4.058484964312917,266.1540163057,3.8326466613389747,39.763218582899995,8.6355792167606,111.70118673388998,-1.8516659627864758,-0.9349556344600103,8.930739273802807,2021-05
2021-07,-2.2727272727272023,-11.0,1.0195502716841442,0.0,44.136363636363605,-0.01,-0.451363636363636,0.2727272727272023,0.513636363636401,-16.0,-6.0,1.6123605908627603,0.940880370535635,17.603333333333335,0.6465151515151533,1.885680612846219,0.0,-0.5,-184.47697167371,415.39448121341,6.190891647091487,134.23124755316002,0.9137928229969154,68.92826685619,5.851001628539891,36.57731183401,1.025766923230095,14.87930593945,8.327675591203024,157.77607444824,11.752005091109572,68.68218315266,4.356071695202262,282.67855286108,4.229882641413594,265.2298547255,3.4975630663300725,36.70569988551,1.025087503149708,109.21754541445,-4.167804867749536,-6.409012904060006,8.805440006608634,2021-06
2021-08,-1.5909090909091006,16.0,-2.397695959413515,0.0,41.8636363636364,-0.12,-0.538636363636364,-2.2727272727272023,0.2727272727272023,-11.0,-16.0,1.0195502716841442,1.6123605908627603,17.472727272727273,-0.1306060606060626,1.5494776382204645,0.0,-0.5,-193.66956645653,422.37590484551,7.741456247126538,134.19516779351,0.8871524707520666,68.88617393234,5.793471845816061,39.06154721184001,7.320327913593946,15.09246301124,9.622401589246513,161.91505789299,14.007860690418191,68.21691571136,3.703740739834202,278.49285202708,2.790473848037701,264.35037070702,3.1765029868584955,35.10382481991,-3.491384569680468,106.61671417237,-6.708896885281863,-15.601607686880016,9.248052922461882,2021-07
2021-09,0.15584415584410038,16.0,4.759656645932209,1.0,40.2727272727273,0.04,-0.362727272727273,-1.5909090909091006,-2.2727272727272023,16.0,-11.0,-2.397695959413515,1.0195502716841442,19.824761904761903,2.3520346320346306,2.3501762632197387,0.0,-0.5,-190.42685012025999,424.86974767924,8.282982937236211,134.45329817140998,1.0774344283939867,66.78732507431002,2.832951061140476,39.028102771280004,7.240907712146311,15.17081737897,10.089184584752536,166.20480629184,16.22731902105899,69.36888382249,5.302875881934523,284.82708840817,4.952305156223824,265.73736677729,3.6818659002329523,34.72489401912,-4.620720578834649,103.20628030216,-10.235074121055131,-12.35889135060998,9.185898262811758,2021-08
2021-10,0.9350649350650002,-10.0,-1.5984517607846915,1.0,40.4285714285714,0.2,-0.204285714285714,0.15584415584410038,-1.5909090909091006,16.0,16.0,4.759656645932209,-2.397695959413515,17.871428571428574,-1.9533333333333296,2.7298510990309666,0.0,-0.5,-191.59731012037997,423.95510161415,8.085111491795754,134.58266560572002,1.1725236320872345,66.29850811836002,2.116541259035371,39.012926953039994,7.204824925372518,15.184370242089999,10.169434799605217,165.67894266502998,15.961425207768245,69.84156798999,5.943781184702172,295.30449244457003,8.324597576711204,276.92930053675997,7.574506276642835,34.011798045860004,-6.814212803613017,101.45228107724999,-12.140918253026902,-13.529351350729968,9.202136453719676,2021-09
2021-11,2.064935064935,-5.0,6.425522065631117,1.0,41.3636363636364,0.1,-0.313636363636364,0.9350649350650002,0.15584415584410038,-10.0,16.0,-1.5984517607846915,4.759656645932209,18.50047619047619,0.6290476190476149,3.2033096926713966,0.0,-0.5,-189.83571948303,426.28676220014995,8.587858332197365,134.49457936646002,1.1077973005888795,65.6287026187,1.1175442291632676,38.427370587409996,5.790811823927033,15.427743923169999,11.586517908787705,168.9950075243,17.610452411436274,70.34954398496998,6.622936991980251,296.20515119283,8.603351179949659,276.94413754748996,7.579457881880789,33.785175684420004,-7.530695362917059,99.59275423377,-14.23473571342696,-11.76776071338,9.014441449947629,2021-10
2021-12,-0.9523809523808993,26.0,-2.150551507040732,0.0,43.4285714285714,0.05,-0.384285714285714,2.064935064935,0.9350649350650002,-5.0,-10.0,6.425522065631117,-1.5984517607846915,21.354545454545455,2.854069264069267,3.39662696072649,0.0,-0.5,-182.23855513848997,423.37048192754,7.9581889603292,134.56903377988,1.1625124214229852,63.16954037551,-2.731906001122413,38.41716830663,5.765793098388598,15.581103433540001,12.45674179129066,168.18011876317,17.211247577605413,68.92478040737998,4.69271338343455,304.64184967823996,11.134474101787493,284.39006190313995,9.99922023544031,35.89066233003,-1.2225241456268088,97.69104977672998,-16.458488109900426,-4.170596368839995,9.074125369280022,2021-11
2022-01,10.523809523809497,37.00000000000001,-4.862985879664539,1.0,42.4761904761905,0.31,-0.114761904761905,-0.9523809523808993,2.064935064935,26.0,-5.0,-2.150551507040732,6.425522065631117,23.181,1.8264545454545456,3.3886339569361157,0.0,-0.5,-170.7394414212,426.73241694412,8.683323904938362,134.71572751257,1.270137865387943,64.8061078741,-0.13758728727118738,38.49619374061,5.959238173668993,16.09316980496,15.242268764317535,168.644814229,17.43936937339434,69.73938645863001,5.805970845946489,316.99434778630007,14.597347330269915,295.73774183456,13.452617951981258,46.31503066192,21.560163463499787,95.53931426359,-19.081365054372718,7.328517348449992,9.021155227972995,2021-12
2022-02,-3.1739130434782936,9.999999999999998,0.015618945825290886,0.0,53.0,0.68,0.15,10.523809523809497,-0.9523809523808993,37.00000000000001,26.0,-4.862985879664539,-2.150551507040732,25.748421052631578,2.567421052631577,3.2738793710396674,0.0,-0.5,-164.80951633443001,424.54463550999,-0.5153242441756205,135.04118184976,0.24100376842975313,64.69629283616999,-0.16973930516866512,38.474126336080005,-0.0573564798775061,16.029186782049997,-0.39916574546158684,166.30147405015998,-1.4090916464956889,69.41676492323002,-0.4647602574922587,318.04332012224,0.3298205840439696,296.98910706622,0.4213505485172495,47.02442292789999,1.5085613428317302,94.64287378258999,-0.9471822284890354,5.92992508677,9.062445528221653,2022-01
2022-03,3.54233409610989,50.0,-1.8934317852658533,1.0,49.826086956521706,0.78,0.281739130434783,-3.1739130434782936,10.523809523809497,9.999999999999998,37.00000000000001,0.015618945825290886,-4.862985879664539,26.968695652173913,1.2202745995423356,4.176442984514317,0.0,-0.5,-160.89962677639,421.77359400395,-1.1757073014209534,134.67284354958,-0.031843066396836435,64.07993305027999,-1.1332328066732087,38.491966967580005,-0.010980922418332059,16.06515302206,-0.17439474657682066,164.52181956197,-2.506047330382826,68.01790852709,-2.530918648953128,315.8194505358,-0.37201548179085986,294.96677702394,-0.26137343954415176,47.61602954218999,2.732270818836869,91.02441090123,-4.960101710802714,9.839814644810005,9.126215466020739,2022-02
2022-04,3.358851674641109,24.0,-0.9943756001441151,1.0,53.3684210526316,1.28,0.746315789473684,3.54233409610989,-3.1739130434782936,50.0,9.999999999999998,-1.8934317852658533,0.015618945825290886,24.3735,-2.5951956521739135,5.114761738319928,0.0,-0.5,-149.00279546931,423.50513250312,-0.7620414000475471,135.09696738350002,0.2821972086521945,66.64909323577,2.765206955105107,40.04484352477,3.867288888773089,16.123968480949998,0.19101176007871512,161.66107236113,-4.319989819360604,68.49807266247001,-1.8121879169895474,333.86742542517004,5.053825666694691,305.73767731106,3.2707566710287947,48.414781285429996,4.337003220423307,99.43901406905,3.9216999906616783,21.736645951889997,9.455574549494978,2022-03
2022-05,4.772727272727295,54.0,-8.439586289417155,1.0,56.727272727272705,1.52,0.952727272727273,3.358851674641109,3.54233409610989,24.0,50.0,-0.9943756001441151,-1.8934317852658533,29.313636363636363,4.940136363636363,5.383094988954773,0.0,-0.5,-146.69217543481,419.34699263247,-1.7611725948689043,135.23697063623,0.3854294585332612,66.48668655417998,2.5276920345707006,39.16086780204,1.697291451226154,16.425738704849998,2.0246815431917358,158.21823887678,-6.589995835018864,68.72909249621,-1.469965520751952,335.49875724052,5.515492697027827,306.51032501717,3.5145906363860786,48.995513384229994,5.470873835506653,100.05855328363,4.51659440570721,24.047265986390002,9.338535506408633,2022-04
2022-06,1.309523809524002,-35.00000000000001,8.874769095542078,1.0,61.5,2.06,1.445,4.772727272727295,3.358851674641109,54.0,24.0,-8.439586289417155,-0.9943756001441151,28.23318181818182,-1.0804545454545433,5.816917728852844,0.0,-0.5,-134.22591349233002,415.7727987104,-2.6359632635211834,135.36992724116,0.48326813932946755,65.49604266156999,1.0533991970095304,40.196529220740004,4.230055462730566,15.922877150019998,-1.069484197708496,154.91819744960998,-8.860558026990246,67.28225416954001,-3.651976764777291,342.52229992532,7.452931427993407,315.47595857061,6.256646885386094,56.69896576423999,18.314152581719828,100.49417844297,4.93049871758677,36.51352792886999,9.6679074113115,2022-05
2022-07,2.755693581779987,-2.0000000000000018,-5.0151182808986565,1.0,62.809523809524,1.71,1.08190476190476,1.309523809524002,4.772727272727295,-35.00000000000001,54.0,8.874769095542078,-8.439586289417155,24.995238095238093,-3.237943722943726,6.535569693464427,0.5,0.0,-115.53557877091,408.47503862632,-4.469643574598488,135.49633576391,0.5761102297999684,64.67809217743999,-0.19792744706940008,40.340951672,4.5729162425050465,15.947279845519999,-0.9148266090093357,148.07182720187998,-13.893923925900472,66.72157896106,-4.522985733492979,353.34580974056007,10.287786341926811,323.60075989781,8.610306747131526,62.14088070476999,25.467695120122734,103.63182885232001,7.80890840039328,55.20386265028999,9.87598943809749,2022-06
2022-08,-4.110671936758983,72.00000000000001,-5.92251960168062,0.0,65.56521739130399,1.69,1.03434782608696,2.755693581779987,1.309523809524002,-2.0000000000000018,-35.00000000000001,-5.0151182808986565,8.874769095542078,22.169565217391302,-2.8256728778467917,6.785342734943933,0.5,0.0,-135.31736788990997,423.78134115851003,-0.6963675601059969,136.0286910659,0.9652107529976405,66.59434040373,2.685262018947545,51.42125048835,25.135632885217955,16.345995408009998,1.5467127986963034,149.58775347633997,-12.73971986996531,71.17770530159001,2.0207434854293878,354.41529909871,10.558503373746207,324.10071389044,8.751283425271287,62.23859940314,25.58471574541351,103.22628864238,7.446721644154973,35.42207353129001,12.133910933354787,2022-07
2022-09,-3.121212121212011,35.999999999999986,8.753912290132781,0.0,61.454545454545006,2.41,1.79545454545455,-4.110671936758983,2.755693581779987,72.00000000000001,-2.0000000000000018,-5.92251960168062,-5.0151182808986565,27.34181818181818,5.172252964426878,6.555683122847311,1.25,0.75,-142.59090150703997,421.86103670651,-1.154735757452533,136.58722432714,1.3701843812914545,66.1564839184,2.0411847249403596,51.485813785619996,25.229512927768855,16.428622001249998,2.041876648354791,147.40238994650997,-14.411180368377034,71.64814769187001,2.664076176049683,347.27239159542,8.718816854405915,322.37803958441,8.26368253377092,62.41170847683,25.791118698322137,102.86419288225001,7.120921686562877,28.14853991416001,12.204448694189038,2022-08
2022-10,-6.969696969696983,-18.999999999999993,7.528276667021183,0.0,58.333333333332995,2.77,2.18666666666667,-3.121212121212011,-4.110671936758983,35.999999999999986,72.00000000000001,8.753912290132781,-5.92251960168062,30.005714285714287,2.663896103896107,6.223398136431602,1.25,0.75,-142.23117693509005,427.81327165046,0.2526463712007293,137.21707496791998,1.822912677547449,66.84953432806999,3.0567549564993284,51.45359288262,25.18269068511784,16.58099506379,2.9420746882394613,151.81778849765,-11.083698358318832,71.62416903542001,2.6314896244840593,353.54871087919,10.339272062960763,328.68698835174,10.024505893102104,66.41722655294,30.266539171124364,103.61496256686999,7.7939016752220605,28.508264486109965,12.027114699858956,2022-09
2022-11,2.112554112554001,4.0000000000000036,-3.929481071406571,1.0,51.36363636363601,2.58,2.06636363636364,-6.969696969696983,-3.121212121212011,-18.999999999999993,35.999999999999986,7.528276667021183,8.753912290132781,23.29909090909091,-6.7066233766233765,7.078227007215654,2.0,1.5,-142.33444973239,437.80651102631003,2.529449380784681,137.83926390334,2.266071583899624,78.72361595653999,17.678949211534274,50.71481922231,24.09281087671687,16.89848719626,4.7656182588831575,149.72714598733998,-12.634761797476296,70.71262065961001,1.3763231964840739,354.55400847478006,10.59349486698913,330.39775057965,10.490388837176539,66.31064303545,30.15445403363114,104.89339486069,8.917702215209305,28.404991688809986,11.583843077944147,2022-10
2022-12,-3.7489177489170373,6.999999999999984,9.401957722959132,0.0,53.47619047619001,2.62,2.0852380952381,2.112554112554001,-6.969696969696983,4.0000000000000036,-18.999999999999993,-3.929481071406571,7.528276667021183,21.784285714285716,-1.514805194805195,7.083380860043342,2.5,2.0,-149.04008102279,440.16606297993,3.0519495176125213,138.37535517251,2.6447105811418585,79.36591376735998,18.34516255421463,50.7364182659,24.125125390486353,16.75953356465,3.976028074525453,150.93538347281998,-11.73312072272906,70.14747625651,0.581759771923555,354.55612014510996,10.59402735551059,330.66588517794,10.562971539862447,65.68613329598999,29.49039875247546,105.48837783045,9.431430998826237,21.699360398409993,11.526653809340452,2022-11
2023-01,0.22272727272705595,18.000000000000014,2.619306055734949,1.0,49.727272727272975,2.69,2.19272727272727,-3.7489177489170373,2.112554112554001,6.999999999999984,4.0000000000000036,9.401957722959132,-3.929481071406571,20.16904761904762,-1.6152380952380945,6.737225446682604,2.5,2.0,-151.44143771972,445.67163799239,4.249590827360071,138.81779354187,2.95500016578404,80.40195536774,19.39734851261788,51.537851124309995,25.30500806532142,17.02378914952,5.466581713309342,154.13609180838,-9.412929996082323,67.26320904696,-3.6813251207525024,347.23210624073,8.708226546731444,323.28358338975,8.520643475416072,62.130094245849996,25.45475550278337,100.82265559702,5.240232269369188,19.298003701480013,11.564085916813495,2022-12
2023-02,3.702173913042948,4.999999999999982,0.7493187141364599,1.0,49.95000000000003,2.87,2.3705,0.22272727272705595,-3.7489177489170373,18.000000000000014,6.999999999999984,2.619306055734949,9.401957722959132,20.1205,-0.04854761904762128,7.033291671400965,3.0,2.5,-156.66345695869,449.54955469857003,0.8626227444002703,139.25695250181002,0.3153587322214983,81.56526611771001,1.4262330098833749,51.84251770556,0.5876770549230582,16.877420623859997,-0.8672446395812148,156.15224675398002,1.2911469335285837,67.33868918309,0.112090296151703,346.7890079851,-0.12777171289380648,322.67624893989,-0.1882178969959254,61.69739912714,-0.7013182481458319,100.66039873245,-0.16119235231848306,-5.222019238970001,11.532103004822508,2023-01
2023-03,0.40338164251303255,-2.0000000000000018,2.309489935987341,1.0,53.65217391304298,2.92,2.38347826086957,3.702173913042948,0.22272727272705595,4.999999999999982,18.000000000000014,0.7493187141364599,2.619306055734949,21.644347826086957,1.523847826086957,7.286036036036037,3.5,3.0,-164.13895040804002,451.39840765503,1.2686729872154392,139.71453966247,0.6418416599778457,80.6453563262,0.3018164585639339,52.08436707008,1.0492897898416575,17.227093052969998,1.1801405078899831,157.81469150141,2.330961495430313,67.37219169893,0.16176207010901153,341.32411353868,-1.7309039905791717,317.23657913387,-1.9061497486795915,61.392645014109995,-1.2012012702344241,94.94248972009,-6.193397597077915,-12.697512688320003,11.538447231272508,2023-02
2023-04,5.717171717170984,4.0000000000000036,-5.24327310535273,1.0,54.05555555555601,2.9,2.35944444444444,0.40338164251303255,3.702173913042948,-2.0000000000000018,4.999999999999982,2.309489935987341,0.7493187141364599,17.817894736842106,-3.8264530892448505,6.683662159166492,3.5,3.0,-167.83162664975998,453.26697999649,1.6756883557145077,140.13983468102,0.9433728405340087,80.49898536185,0.12053567342972588,55.300865687599995,6.804621440372448,17.7252789868,3.95756725635968,155.71809095985,1.0159379309870293,67.8494904976,0.8640911616878532,340.63526260201996,-1.9366296925099655,324.10066636837,0.25210777496252723,63.54998503421,2.2342897289364445,100.84722273918,0.024360752326850272,-16.390188930039997,12.200506131734597,2023-03
2023-05,-4.409090909090978,-0.9999999999999787,4.2452823050654676,0.0,59.772727272726996,2.94,2.34227272727273,5.717171717170984,0.40338164251303255,4.0000000000000036,-2.0000000000000018,-5.24327310535273,2.309489935987341,17.63608695652174,-0.1818077803203657,6.884377758164151,3.75,3.25,-167.82936171944,458.15876497699,2.7255021488516396,140.53039030383,1.2186664807927445,87.39150375662,7.997972444032396,54.05400769858999,4.654893654343474,16.7989549138,-1.338382279574444,155.0532769722,0.5915290419720952,68.01303455385,1.1024732417964966,341.91460647212,-1.5552128127768607,325.74981043011,0.7570923946521,63.96950227146,2.8754452673468025,100.78280632446,-0.039539752873825766,-16.38792399972,11.798095295918813,2023-04
2023-06,2.969696969696976,10.999999999999988,1.3205261280145653,1.0,55.36363636363602,2.93,2.37636363636364,-4.409090909090978,5.717171717170984,-0.9999999999999787,4.0000000000000036,4.2452823050654676,-5.24327310535273,14.003181818181817,-3.6329051383399236,6.011826544021037,4.0,3.5,-176.39024603905,463.20985930117,3.786236617510553,140.88051628555002,1.4641646680929787,88.19708057622,8.83830298866123,55.50945126834999,7.154817879283374,18.018923942009998,5.5227204226657856,156.28574342022003,1.3754623837057474,67.74401269683,0.7097360057806259,340.34604630832996,-2.023252512286189,323.35474473983,0.02200720763731495,60.449752665999995,-2.7797327627365247,99.63147628286,-1.1955853296584333,-24.94880831933,11.983650639927081,2023-05
2023-07,-1.8985507246370048,6.999999999999984,-2.415109472836785,0.0,58.333333333332995,3.04,2.45666666666667,2.969696969696976,-4.409090909090978,10.999999999999988,-0.9999999999999787,1.3205261280145653,4.2452823050654676,13.932380952380951,-0.07080086580086586,5.331161780673188,4.0,3.5,-191.53900084117998,465.52349332804,4.2644153560819325,141.30847302313998,1.7625832534912085,89.02844429398,9.689587406194082,55.19100563117,6.619112054730933,18.15932969009,6.253207359243522,157.72269673672,2.2739941698606514,70.08907137089,4.031815900336865,334.38579003931,-3.841764986457648,319.74886806797997,-1.1054660937903702,57.56248359777,-7.93504790376513,95.92288603283001,-5.1080297589389,-40.09756312146,11.855686430905562,2023-06
2023-08,1.4223602484470135,13.000000000000034,-2.482541745186162,1.0,56.43478260869599,3.11,2.54565217391304,-1.8985507246370048,2.969696969696976,6.999999999999984,10.999999999999988,-2.415109472836785,1.3205261280145653,15.85391304347826,1.9215320910973084,5.066031608573285,4.25,3.75,-189.21916331374,461.48042127024,3.425667167923575,141.55768387093997,1.9355292161801503,87.67195443096,8.292274434174939,52.90496930661,2.5841016453045893,18.049934270099996,5.685035220764348,157.04703549398002,1.8535489552183153,67.69427797508999,0.6367878364676843,332.20552587834,-4.523278269577318,317.38803285635004,-1.857521369140062,57.60151784323,-7.8619046375567825,96.00230351352,-5.021079606512928,-37.77772559402001,11.464185015907573,2023-07
2023-09,4.824675324675013,20.999999999999996,-3.495557909839886,1.0,57.857142857143,3.24,2.66142857142857,1.4223602484470135,-1.8985507246370048,13.000000000000034,6.999999999999984,-2.482541745186162,-2.415109472836785,15.173333333333332,-0.6805797101449276,5.732140933089092,4.5,4.0,-189.47909969586,463.78648894507006,3.90585999904485,141.79613260777,2.1004374457366533,88.76634128671,9.422925173803808,53.28936744295001,3.286802607509139,18.54901895471,8.222697970787886,157.08289496041,1.875954191430376,67.46608180772,0.30070333910629965,333.77285488052,-4.032458351062718,318.92946065697004,-1.3652306449867717,57.560902606819994,-7.938012491292362,96.0115894034,-5.010922351681886,-38.037661976140015,11.49006465543275,2023-08
2023-10,-3.8181818181820333,-26.00000000000002,6.174001339260604,0.0,62.68181818181802,3.45,2.82318181818182,4.824675324675013,1.4223602484470135,20.999999999999996,13.000000000000034,-3.495557909839886,-2.482541745186162,18.887727272727272,3.71439393939394,5.663850985488406,4.5,4.0,-190.95384234495998,463.95679132351,3.941132810872045,142.17139261942,2.3588423913995715,88.83041096514,9.488254648183043,54.41766263568999,5.292052932628652,18.21766721851,6.553408044345913,156.13332617022,1.2791851751512495,66.99669887321,-0.3977959783576278,335.30116694414994,-3.55827550655895,320.27793815265,-0.9384490403667716,57.15935268687,-8.696287353376235,94.99948362489,-6.129688025592929,-39.51240462523998,11.729036766646958,2023-09
2023-11,-4.074162679424994,-54.0,3.17901063265702,0.0,58.86363636363598,3.19,2.60136363636364,-3.8181818181820333,4.824675324675013,-26.00000000000002,20.999999999999996,6.174001339260604,-3.495557909839886,14.01909090909091,-4.868636363636362,4.545940742325372,4.5,4.0,-185.93225296313,455.12901145852,2.077954432265831,143.07553821765003,2.9758718567970837,78.67973919872001,-2.1888940997506565,53.567707746669996,3.7893288844083224,17.90647299863,4.929412113583367,157.67587784304,2.2449762659217356,67.8524544928,0.868421710378253,336.24447548024,-3.2677505689266555,321.21697706608,-0.6433677144171771,56.984544515370004,-9.029728629474475,92.62632080480002,-8.848818263539666,-34.49081524341,11.769785357124416,2023-10
2023-12,1.7559808612440406,9.00000000000003,1.50559606919356,1.0,54.78947368421099,2.65,2.10210526315789,-4.074162679424994,-3.8181818181820333,-54.0,-26.00000000000002,3.17901063265702,6.174001339260604,12.7185,-1.300590909090909,3.855986365573072,4.5,4.0,-190.0871917096,457.02611691711,2.48442671095301,144.17362276211,3.7148468059773045,77.25169672772,-4.077915144211454,53.66109768496,3.9567706443789374,18.473544825269997,7.847739507833247,159.30790458524,3.2464257127258582,68.02728474627,1.1231900584594485,335.4243521159,-3.5202435512940915,321.0130160966899,-0.7073131552946695,57.50654740749,-8.040035520821062,91.34045670248,-10.381159933791476,-38.645753989880006,11.741363501703866,2023-11
2024-01,-4.735930735455042,10.999999999999988,3.5351836716785767,0.0,56.54545454545503,2.74,2.17454545454545,1.7559808612440406,-4.074162679424994,9.00000000000003,-54.0,1.50559606919356,3.17901063265702,13.388636363636364,0.6701363636363631,4.104915236165896,4.5,4.0,-172.97220100924,454.56541032153,1.9565440148314694,144.80746691829998,4.136301465593164,74.17884063353999,-8.38933944107267,54.779687103460006,5.917952713069152,18.696311247060002,8.945733067013462,158.31477510362,2.639477769844905,68.12715334393,1.268135030695481,348.0418124953401,0.23264625844944298,322.90294565716,-0.11787991955766873,56.82536111109,-9.335150769019455,95.18767789046001,-5.919860460347198,-21.530763289519996,12.051002091142927,2023-12
2024-02,-4.7595238099999975,-3.000000000000025,3.51159692811569,0.0,51.80952380999999,2.85,2.3319047619,-4.735930735455042,1.7559808612440406,10.999999999999988,9.00000000000003,3.5351836716785767,1.50559606919356,13.980476190476189,0.5918398268398253,3.4076433121019045,4.5,4.0,-177.56600575638998,458.55330356093,0.8696684133407651,145.85609193775997,0.7189449583686027,75.99202136029999,2.3860146029846874,54.784452688929996,0.00869879178506973,19.176636855920002,2.5047437278435996,158.92889254072,0.38641019092400264,68.20623031707001,0.11593804960689882,345.67790274432,-0.6838475159253846,320.58231878726997,-0.7238786214625599,56.90891287024999,0.1468166495299156,92.90670008810001,-2.455127348401172,-4.593804747150003,11.947237597787918,2024-01
2024-03,5.378571430000044,15.000000000000036,-2.6917440947004323,1.0,47.04999999999999,2.82,2.3495,-4.7595238099999975,-4.735930735455042,-3.000000000000025,10.999999999999988,3.51159692811569,3.5351836716785767,13.7875,-0.1929761904761893,3.2119240054581777,4.5,4.0,-166.68042602609998,455.61539916895003,0.23045508324240302,146.55992596273998,1.1957286638405693,77.19024587322998,3.9012769108620886,55.904925722319994,2.012771869958409,18.947735601780003,1.326936157460315,153.21741242823998,-3.326882104713374,67.60931139707,-0.7659328813729682,355.44655034492,2.083221188219311,330.38910767125,2.2658622334302323,56.95982246711,0.23606350967410633,102.97023605950001,7.55806577401935,6.291774983140002,12.270201100377971,2024-02
2024-04,-1.3831168800000313,5.999999999999961,0.09943657904902814,0.0,52.428571430000034,2.97,2.4457142857,5.378571430000044,-4.7595238099999975,15.000000000000036,-3.000000000000025,-2.6917440947004323,3.51159692811569,16.137727272727275,2.3502272727272757,2.410389610389596,4.5,4.0,-171.03029763362,452.12816504951,-0.5390607045577671,147.65415952965998,1.9279461008263503,75.75881307958,2.085529566547373,53.60497279254,-2.1914278652212658,18.824249160710004,0.6796441789403922,152.47795474155,-3.827976556980585,67.40416521887,-1.072616392046938,346.85187432264,-0.34306811085389183,321.79126887954,-0.34546517731535054,57.11706908488999,0.510719437242919,93.87419305351001,-1.3991969403148845,1.9419033756200008,11.856145433158321,2024-03
2024-05,15.50454544999998,12.00000000000001,-6.424103073307885,1.0,51.04545455,3.03,2.5195454545,-1.3831168800000313,5.378571430000044,5.999999999999961,15.000000000000036,0.09943657904902814,-2.6917440947004323,13.058695652173913,-3.079031620553362,2.374071015689516,4.5,4.0,-180.82418168094,440.79833685467,-3.12321356861175,141.90007503033,-2.0489008813762566,72.56737984745,-2.2206407196698943,44.706751440939996,-22.53112860554604,19.63614762329,4.786256419845207,158.19392247418003,-0.07639524170704273,67.09241807973001,-1.542253646262025,323.30006114898003,-7.652875554192596,298.182437495,-8.290397103811495,57.351659228049996,0.9176685104562621,72.55783173387,-31.188702330015172,-7.851980671700005,10.14222325790664,2024-04
2024-06,1.6239130400000192,-0.9999999999999787,0.6964506873730292,1.0,66.54999999999998,3.15,2.4845,15.50454544999998,-1.3831168800000313,12.00000000000001,5.999999999999961,-6.424103073307885,0.09943657904902814,12.667,-0.39169565217391344,2.5927073649416377,4.25,3.75,-179.24529255807,461.15967599359,1.4299311096210552,149.79602815111997,3.3302359844864196,76.99251893304998,3.6544827192323255,55.0992541284,0.5799843028642516,19.262275531040004,2.9382005416129684,156.08356853642,-1.429494845691834,66.76334498931,-2.042750187005117,347.57216700638,-0.13512171961438763,321.55061792738,-0.420564494167887,55.57312135235999,-2.253319101495501,95.78155359645001,0.6200313982086133,-6.273091548829981,11.947977456980837,2024-05
2024-07,5.053359689999979,-20.000000000000018,1.3205880621546484,1.0,68.17391304,3.14,2.4582608696,1.6239130400000192,15.50454544999998,-0.9999999999999787,12.00000000000001,0.6964506873730292,-6.424103073307885,14.373913043478263,1.706913043478263,2.5461292650242218,4.25,3.75,-160.26109502834998,459.29584075720004,1.0299310413678824,150.57020943125,3.827279336807493,76.29261305078998,2.7706121637789543,55.95636271089999,2.1028450571730724,19.52497582485,4.244126011850594,153.45863145084002,-3.164464329486514,66.38223864663001,-2.628586701615523,358.13757422055005,2.818961888369963,324.81862042627995,0.5897675344492035,57.69887802599,1.5139235714540806,96.19975679771,1.052059735845499,12.71110598089001,12.183076297544897,2024-06
2024-08,0.058441560000005666,-4.0000000000000036,0.06289917460671202,1.0,73.22727272999998,2.94,2.2077272727,5.053359689999979,1.6239130400000192,-20.000000000000018,-0.9999999999999787,1.3205880621546484,0.6964506873730292,19.312272727272727,4.938359683794465,2.699361219864005,4.25,3.75,-160.88657902607997,454.13822672197006,-0.09406466455013508,151.4469239506,4.38401577206396,77.82967148826,4.690795663027699,48.884772177580004,-12.058795946651822,20.01244755111,6.576588399238559,152.6370158199,-3.719778753024964,65.79148221398,-3.5501117338464336,355.9967765304,2.234560692540619,322.56557778291005,-0.10458892624836862,57.38037383959999,0.9672518517593993,93.94224108240002,-1.3257473887253584,12.085621983159996,10.764293622766965,2024-07
2024-09,2.757763970000056,9.00000000000003,-3.7374178412402204,1.0,73.28571428999999,2.9,2.1671428571,0.058441560000005666,5.053359689999979,-4.0000000000000036,-20.000000000000018,0.06289917460671202,1.3205880621546484,17.663333333333334,-1.6489393939393935,2.18078059716702,3.65,3.5,-156.94476488846993,452.61276069775,-0.4314172717467808,151.94871603916997,4.699775889537032,76.88319272872998,3.517481518661513,48.756009453459995,-12.354738867113191,19.841948201920005,5.773812849431495,151.91343323089004,-4.213808967769639,66.68580697276,-2.1613990091756166,359.78443750192,3.2637945899250593,325.91365029307997,0.9237737152808981,57.65284326051,1.4352841987010847,96.98929412116001,1.8575413369329286,16.027436120770034,10.77212436041297,2024-08
2024-10,2.3850931699999336,9.999999999999964,-1.5680877570604879,1.0,76.04347826000004,2.99,2.2295652174,2.757763970000056,0.058441560000005666,9.00000000000003,-4.0000000000000036,-3.7374178412402204,0.06289917460671202,19.960869565217394,2.2975362318840595,1.4348672747770852,3.4,3.25,-160.63235917064998,454.76355018951006,0.04356986568019294,152.40315517405998,4.983944228113219,77.01888479996998,3.687464670263707,49.68136354186999,-10.262044352493028,19.838905227879998,5.75936004379057,152.57443015610002,-3.762324356477695,66.80352900153,-1.9813688920082162,359.4313277333501,3.168759748860714,325.69170553506007,0.8562575682787366,58.463917003949994,2.8026789459715675,95.70584938974001,0.5414209294249791,12.33984183858999,10.924658214398816,2024-09
2024-11,4.682539680000005,-8.000000000000007,2.0128287454601823,1.0,78.42857142999998,3.09,2.3057142857,2.3850931699999336,2.757763970000056,9.999999999999964,9.00000000000003,-1.5680877570604879,-3.7374178412402204,16.015238095238097,-3.945631469979297,1.5756087579292144,3.4,3.25,-152.65705376413996,449.44664921255,-1.138902941639074,152.28223970672997,4.908499377750909,76.90698768504,3.5473331274820996,48.21094421832,-13.625003599584959,19.53699479096,4.303034079166532,149.23465098566,-6.084460986766746,66.30406608596999,-2.74958590864727,357.81486540168,2.7313155073556845,324.20776579102,0.40246418239749226,58.67995787885999,3.1605284577719965,95.36433920658,0.18524882318672906,20.315147245100007,10.726733485005987,2024-10
2024-12,0.525252530000003,31.000000000000007,7.715075580738406,1.0,83.11111110999998,3.01,2.1788888889,4.682539680000005,2.3850931699999336,-8.000000000000007,9.999999999999964,2.0128287454601823,-1.5680877570604879,15.866190476190477,-0.14904761904761976,1.6820512820512779,3.15,3.0,-147.49326144383997,446.05520598579,-1.907881406054282,152.16018202885,4.832220238245977,76.10112438026,2.5259597179074484,48.105015730249995,-13.875208794522328,18.91271635524,1.144230707610864,147.72190861649,-7.170816154718657,65.47398692283,-4.052245091210237,362.23485597873,3.91818822764628,328.2957747521,1.6426739268917447,58.47915474291,2.828005362065372,97.99762149801,2.8673589874903818,25.478939565400026,10.784543053126585,2024-11
2025-01,-9.186363639999996,-16.999999999999993,2.0308994967924043,0.0,83.63636363999998,3.32,2.4836363636,0.525252530000003,4.682539680000005,31.000000000000007,-8.000000000000007,7.715075580738406,2.0128287454601823,16.763636363636365,0.8974458874458886,1.7513314215485298,3.15,3.0,-155.92997236540998,443.41325120797995,-2.5150712305436294,152.81897378954,5.24248178912217,76.803466119,3.417326870890691,50.08469630609999,-9.374102557527497,19.71158626124,5.150650996446647,141.7268128005,-11.704180723001123,67.7332387918,-0.5815675717808546,348.89090138375,0.24336802279520314,325.67929528964004,0.852479624168594,57.42012175089,1.0358052572237568,96.75857341946,1.623520762537473,17.042228643829986,11.295263767976142,2024-12
2025-02,-5.5928571399999925,28.000000000000025,-3.956293944759337,0.0,74.44999999999999,3.15,2.4055,-9.186363639999996,0.525252530000003,-16.999999999999993,31.000000000000007,2.0308994967924043,7.715075580738406,16.968,0.20436363636363453,1.8273277897546514,2.9,2.75,-147.47901696972,437.21846627470995,-1.4168626009903567,153.10090766827,0.18414905765345224,76.39320651056,-0.5370367696023984,49.829408374589995,-0.5123238261046293,19.981747225120003,1.3520387423396478,135.70638576874998,-4.436362369865991,68.33766048005,0.8844635359246033,352.38343331414,0.9911169482466852,329.21082860013,1.0727269590452964,57.82097945846,0.6932738105171428,97.35284253509,0.6104281088821822,8.450955395690006,11.39691303506873,2025-01
2025-03,6.0928571399999925,-17.000000000000036,-2.5265969948432443,1.0,68.85714286,3.43,2.7414285714,-5.5928571399999925,-9.186363639999996,28.000000000000025,-16.999999999999993,-3.956293944759337,2.0308994967924043,21.841428571428573,4.8734285714285726,0.9254551001728784,2.65,2.5,-152.19845935675002,445.5530873808,0.4802651431278598,153.414045418,0.38788601580685406,76.63929340214001,-0.21421481014778457,50.8263479442,1.4591873469135084,21.035670103290002,6.294469515582069,141.43316856699,-0.20762048710724895,68.32186542268,0.8615494135565579,353.84692501514,1.400612321607133,330.6695960297101,1.5091501607609632,58.14786618908,1.251541089785799,97.64693208215,0.9097660763603164,3.731513008659995,11.40747295523964,2025-02
2025-04,-5.235714290000004,0.0,2.080889152602139,0.0,74.94999999999999,3.26,2.5105,6.0928571399999925,-5.5928571399999925,-17.000000000000036,28.000000000000025,-2.5265969948432443,-3.956293944759337,31.966190476190473,10.1247619047619,0.8826214872679428,2.4,2.25,-150.17535022117002,443.36479533708996,-0.010929120083418982,153.86303164722,0.6785631652402621,75.80550771007,-1.3164721655144735,49.72310405316999,-0.7272117455566351,20.85416413652,5.478895571168479,140.99132682123002,-0.5216533497855217,67.83205072036,0.14567144515113603,354.19784195104,1.498298391107523,330.95118883416,1.5929519888087675,59.13884751944,2.906255093971897,96.63230709612,-0.13066677919052921,5.754622144239995,11.21494186640722,2025-03
2025-05,2.3809523900000187,-1.9999999999999574,-1.1091485941149282,1.0,69.71428570999998,3.26,2.5628571429,-5.235714290000004,6.0928571399999925,0.0,-17.000000000000036,2.080889152602139,-2.5265969948432443,20.46227272727273,-11.503917748917743,0.9175236942932097,2.4,2.25,-133.67286842771,447.87671949657994,0.9965841255640588,160.70589238283,4.907672317640951,74.09086976542,-3.6611749358164976,58.239508816749996,14.00220001220998,20.19075784977,2.373222402523431,132.5864551411,-6.893884936943771,68.25112540490001,0.7587957121990825,379.81196145509,8.141149623850433,355.46948472204,8.380519485573984,58.96047668309,2.6125211647784705,116.86021045703,17.201438332991412,22.25710393770001,13.00346865142088,2025-04
2025-06,0.774327119999981,11.999999999999966,1.383528588673566,1.0,72.0952381,3.24,2.519047619,2.3809523900000187,-5.235714290000004,-1.9999999999999574,0.0,-1.1091485941149282,2.080889152602139,18.403333333333336,-2.0589393939393936,0.5940394683850325,2.15,2.0,-136.40818995095,435.33003638736,-1.8568015402060398,154.36079855547,0.9988447717027992,69.18321197155001,-11.014600117993433,51.603409592329996,2.9430483338754647,20.561927021600003,4.135511031951088,137.70585405479,-2.9199620984233174,68.58111836197001,1.2363163366553895,360.54462967866004,3.2322567958636674,332.18603131038003,1.9587626833894165,58.506815831379996,1.8573803155206958,96.59152183243,-0.1729464282795011,19.52178241445999,11.853859205435779,2025-05
2025-07,1.7971014500000138,6.000000000000005,-0.8758437129621544,1.0,72.86956521999998,3.36,2.6313043478,0.774327119999981,2.3809523900000187,11.999999999999966,-1.9999999999999574,1.383528588673566,-1.1091485941149282,16.381304347826084,-2.0220289855072515,0.8544431041415335,2.15,2.0,-152.85961114644,440.96352421146,-0.5555395995395848,154.75229999812998,1.2493036992751327,69.97851243378003,-9.752927645723224,51.72937924338001,3.1793981705096184,20.28163728734,2.810675578227756,142.19512900356,0.32934757072323767,68.61125397793,1.2796955823201082,355.44843420434,1.844861923577976,332.64797779742,2.0949120310071114,59.63587872595999,3.715476358203572,96.49521304083001,-0.27292584816467685,3.0703612189699925,11.730988257108917,2025-06
2025-08,7.0151515099999955,8.999999999999986,2.49276394419502,1.0,74.66666667,3.42,2.6733333333,1.7971014500000138,0.774327119999981,6.000000000000005,11.999999999999966,-0.8758437129621544,1.383528588673566,15.75,-0.6313043478260845,0.9430176565007997,2.15,2.0,-141.05872142782,438.45144305443995,-1.131666512253656,155.20426699223998,1.5368734693481367,68.92641613342,-11.428201881746606,50.90261310307999,1.6068267366228854,20.02098237829,1.54535931955815,141.41383521899002,-0.2213203404216625,69.25840136715,2.202133669336174,359.37105247556997,2.9162479892652025,336.36701721075997,3.1773989048466373,59.490691935049995,3.4804943711540326,98.02377879325999,1.2907127121353077,14.871250937589991,11.609635208056487,2025-07
2025-09,0.5355731199999951,-6.999999999999984,2.851210678945515,1.0,81.68181818,3.51,2.6931818182,7.0151515099999955,1.7971014500000138,8.999999999999986,6.000000000000005,2.49276394419502,-0.8758437129621544,15.789090909090909,0.039090909090909065,0.8277650344070908,2.15,2.0,-141.47398513646004,439.68825664084994,-0.8471899148702291,155.45267873481,1.6942165080107139,68.66656222977001,-11.849878055643044,50.62971563795,1.0764811237483531,20.164771519920002,2.2474108284952155,142.7929519321,0.746632881507327,68.97133826937,1.795092727843782,359.95515764234005,3.073787393701896,337.46246529089,3.491697955532032,59.1797703022,2.9733953719732265,96.81788983895,0.06126597015144339,14.455987228949965,11.51491195711097,2025-08
2025-10,-3.967391300000017,0.0,0.02019606719620981,0.0,82.21739129999999,3.44,2.617826087,0.5355731199999951,7.0151515099999955,-6.999999999999984,8.999999999999986,2.851210678945515,2.49276394419502,18.086521739130436,2.297430830039527,1.071031625745178,2.15,2.0,-137.54795801543997,440.22337833225987,-0.7246032429728252,155.68524929307,1.8410706965143366,68.65079305837003,-11.875570109872175,51.189210041429995,2.157708107697026,20.374810147589997,3.255116889658225,142.27142026865,0.38279470825667383,69.08661893844001,1.9589613262822074,361.48100461843,3.4829224976758453,338.94318193851,3.913306818272646,59.19398102213,2.996688583213946,97.54310518150001,0.8042923798460312,18.382014349970007,11.628008088837753,2025-09
2025-11,-3.671052629999977,12.00000000000001,0.3298165167946898,0.0,78.24999999999997,3.44,2.6575,-3.967391300000017,0.5355731199999951,0.0,-6.999999999999984,0.02019606719620981,2.851210678945515,19.7695,1.6829782608695645,0.8460918614020985,2.15,2.0,-134.71116131856002,440.53548900424994,-0.6532418557775381,155.95480498745,2.0107307358451414,68.56565171503999,-12.01449150982552,50.94704519235,1.6926376848631914,21.221665015699998,7.115741169897967,141.91078962059,0.12964258784119695,69.35178777714,2.333824458197338,367.64631453008997,5.101482703644774,344.82474919665003,5.552227313037655,59.08994336056,2.825898138843938,99.09785538359002,2.3605777895748288,21.218811046849993,11.564799309927674,2025-10
2025-12,-2.2456140400000066,-3.000000000000025,-0.28186041896741676,0.0,74.57894737,3.56,2.8142105263,-3.671052629999977,-3.967391300000017,12.00000000000001,0.0,0.3298165167946898,0.02019606719620981,15.548181818181819,-4.221318181818182,0.7867661892273503,2.15,2.0,-138.85028597572,448.15093674554,1.0571629219309393,156.37859193271998,2.2762822578115247,69.49999990055,-10.50858450201554,56.72401365863,11.704597267192664,21.990105802540008,10.361566978167147,141.44210109011001,-0.20129205391866645,69.65144645147001,2.754009797925059,368.62043510081,5.352262609007103,344.8067778577101,5.547304692474256,59.07882525175,2.80761083821799,98.81981404207,2.0858576213597004,17.079686389689982,12.657345775188658,2025-11
2026-01,-6.833333330000002,-12.99999999999999,5.589350274374416,0.0,72.33333332999999,3.53,2.8066666667,-2.2456140400000066,-3.671052629999977,-3.000000000000025,12.00000000000001,-0.28186041896741676,0.3298165167946898,16.17904761904762,0.6308658008658004,0.6542526421741357,2.15,2.0,-124.20567350155,441.19431336976,-0.5029389026508837,156.18282922588,2.1537933798567668,70.07404270049001,-9.603304104021586,51.58305772603,2.904754944711026,22.19456974979,11.187346799428246,138.99600792574,-1.9646642486444335,69.03588755141,1.8869153505702827,380.38965738309,8.280655214454908,356.3979255095,8.619194451242993,59.91757141189,4.168142336463944,98.06716550742999,1.3343835127679302,31.72429886386,11.691686896879567,2025-12
2026-02,7.500000000000014,24.00000000000002,-8.901437037482152,1.0,65.49999999999999,3.4,2.745,-6.833333330000002,-2.2456140400000066,-12.99999999999999,-3.000000000000025,5.589350274374416,-0.28186041896741676,19.207,3.0279523809523816,0.40326645831234575,2.15,2.0,-116.63821637971002,442.62509087574,0.32324816994653033,156.43719162354,0.1625971388390254,70.02156113271,-0.07495058226498849,51.57582792685,-0.01401780537629774,23.03665586395,3.6554182131868282,139.35918587484002,0.26060567648994065,69.33662732592,0.4337386834470015,392.51409297573,3.088917266822745,361.52575863627004,1.4183866582876317,59.71027274699,-0.34717420531369114,103.96308213537999,5.671163750486328,7.567457121839988,11.652260341772875,2026-01
2026-03,-0.09999999999999432,8.999999999999986,3.8109529378085316,0.0,73.0,3.64,2.91,7.500000000000014,-6.833333330000002,24.00000000000002,-12.99999999999999,-8.901437037482152,5.589350274374416,25.596818181818183,6.389818181818182,1.0681176944780324,2.15,2.0,-116.02075352325,438.91575326738996,-0.5191338167764241,156.73295083882,0.35099295329782565,69.7523660061,-0.46116958149042603,53.28564414821,3.195206606575656,22.143712989660003,-0.22966681402413333,134.77274495173,-3.133617984498717,70.27872971163,1.7684471038672316,387.51353960478,1.8383569846244747,356.32748264693,-0.019769135416309282,59.3859684951,-0.8951658620063814,99.03088846111,0.9731539004201311,8.184919978300002,12.140289737048485,2026-02
2026-04,-3.549999999999983,1.000000000000023,0.844132494528016,0.0,72.9,3.73,3.001,-0.09999999999999432,7.500000000000014,8.999999999999986,24.00000000000002,3.8109529378085316,-8.901437037482152,19.811904761904763,-5.784913419913419,1.9710378117457905,2.15,2.0,-120.04314472991,444.42832536841,0.7276790911040937,157.16212768965,0.6231135186104287,71.03187540720002,1.3484547623430925,53.209321714270004,3.056351661411723,23.280849458080002,4.665979693936761,137.46151086109,-1.1163103439192281,70.94520235371999,2.69125288104825,389.42632984893,2.320508854484905,358.23419500444004,0.5125891164346382,59.493318981760005,-0.7131093665493254,98.70220305907999,0.6433874138248845,4.162528771639998,11.972531604542082,2026-03
2026-05,2.2409090909089713,-6.000000000000005,2.6963366405162947,1.0,69.35000000000002,3.74,3.0465,-3.549999999999983,-0.09999999999999432,1.000000000000023,8.999999999999986,0.844132494528016,3.8109529378085316,17.237142857142857,-2.574761904761907,2.477770006993696,2.15,2.0,-124.50492889431001,448.08955738481995,1.5388093521533142,157.42308199476,0.7878468348887243,70.76905280678001,0.9820819676470414,53.34734693221,3.307173285340569,23.505348475330003,5.5765126261188,141.18824511016,1.552705172239763,71.13593777325,2.9521649500622793,389.00474513087,2.2146484986659187,359.49939680865,0.8627194723224584,59.570097758180005,-0.5833021377949419,100.08910392323999,2.0201383932467385,-0.2992553927600028,11.905509970721148,2026-04
2026-06,6.365612648221003,16.999999999999993,1.2571339460909936,1.0,71.590909090909,3.68,2.96409090909091,2.2409090909089713,-3.549999999999983,-6.000000000000005,1.000000000000023,2.6963366405162947,0.844132494528016,17.90681818181818,0.6696753246753246,2.8025222700430286,2.4,2.25,-123.54181533970001,446.67321428667,1.226601627693243,157.49348785398996,0.8321986172057377,71.11034524239001,1.4573161448838623,56.47931257060999,8.66911196636598,22.70590308854,2.251984150359897,137.08335149619,-1.3952507059933996,71.17066696068999,2.9995214326979807,389.9811261472101,2.4594699899654757,364.04398201499,2.100311194040054,63.115382336150006,5.066611031885361,100.64768126658001,2.5639097957111723,0.6638581618500012,12.644436864387885,2026-05
2026-07,4.043478260869989,14.999999999999991,-2.058132373086541,1.0,77.95652173913,3.85,3.0704347826087,6.365612648221003,2.2409090909089713,16.999999999999993,-6.000000000000005,1.2571339460909936,2.6963366405162947,17.09086956521739,-0.8159486166007923,2.023323033987845,2.4,2.25,-130.57927129281998,453.61152688896004,2.7374113714353703,158.47328065737003,1.4453234147667604,71.74848173241001,2.3337623201072275,56.924209382339995,9.38291759211859,24.430667892680002,9.15283263115368,140.49967351272,1.0702271040109377,71.39284667613,3.301393955352731,387.04292674862006,1.7190003758552679,361.59223528615007,1.436510320123285,59.96741374518,0.08311569597080445,99.54514770622998,1.4847355525170423,-6.373597791269987,12.54910997803513,2026-06
2026-08,,,,,81.99999999999999,4.0,3.18,4.043478260869989,6.365612648221003,14.999999999999991,16.999999999999993,-2.058132373086541,1.2571339460909936,15.229523809523808,-1.8613457556935806,2.3653349234744603,2.4,2.25,-128.07871521462,453.60258247003,2.735493486986446,158.52761128284,1.479100099967145,71.50809888216,2.0054458223441403,59.99462152597,14.020529817491834,23.778763113140002,6.662219375382835,138.35864088568,-0.4606629813505059,71.67347582715001,3.6800060905388357,388.46175718716006,2.0779651161853976,362.36945925533007,1.6479130879576687,60.45808750338001,0.8940343861518661,100.49780233348999,2.418596993787211,-3.873041713069995,13.226252196201708,2026-07
