geo,na_item,time,valeur
BE,B9,1995-Q1,-5156.6
BE,B9,1995-Q2,-55.9
BE,B9,1995-Q3,-4688.7
BE,B9,1995-Q4,9.1
BE,B9,1996-Q1,-5372.6
BE,B9,1996-Q2,76.7
BE,B9,1996-Q3,-4446.0
BE,B9,1996-Q4,866.3
BE,B9,1997-Q1,-5170.9
BE,B9,1997-Q2,1159.4
BE,B9,1997-Q3,-2888.3
BE,B9,1997-Q4,2075.1
BE,B9,1998-Q1,-4518.2
BE,B9,1998-Q2,2315.2
BE,B9,1998-Q3,-3284.4
BE,B9,1998-Q4,3151.8
BE,B9,1999-Q1,-4680.9
BE,B9,1999-Q2,3029.3
BE,B9,1999-Q3,-2719.7
BE,B9,1999-Q4,2800.2
BE,B9,2000-Q1,-2954.3
BE,B9,2000-Q2,2918.8
BE,B9,2000-Q3,-2671.1
BE,B9,2000-Q4,2503.5
BE,B9,2001-Q1,-3703.6
BE,B9,2001-Q2,3619.4
BE,B9,2001-Q3,-2632.6
BE,B9,2001-Q4,3332.9
BE,B9,2002-Q1,-3900.2
BE,B9,2002-Q2,3303.3
BE,B9,2002-Q3,-2323.7
BE,B9,2002-Q4,2801.0
BE,B9,2003-Q1,-5242.5
BE,B9,2003-Q2,3013.0
BE,B9,2003-Q3,-4612.4
BE,B9,2003-Q4,1600.1
BE,B9,2004-Q1,-4740.5
BE,B9,2004-Q2,3382.0
BE,B9,2004-Q3,-2796.2
BE,B9,2004-Q4,3446.0
BE,B9,2005-Q1,-13358.3
BE,B9,2005-Q2,4731.7
BE,B9,2005-Q3,-2827.5
BE,B9,2005-Q4,3036.1
BE,B9,2006-Q1,-5943.2
BE,B9,2006-Q2,2908.9
BE,B9,2006-Q3,-2112.5
BE,B9,2006-Q4,5925.4
BE,B9,2007-Q1,-7141.4
BE,B9,2007-Q2,4817.2
BE,B9,2007-Q3,-2808.1
BE,B9,2007-Q4,5360.9
BE,B9,2008-Q1,-6583.8
BE,B9,2008-Q2,4689.6
BE,B9,2008-Q3,-3562.9
BE,B9,2008-Q4,1604.4
BE,B9,2009-Q1,-9709.5
BE,B9,2009-Q2,-884.8
BE,B9,2009-Q3,-6803.8
BE,B9,2009-Q4,-1545.5
BE,B9,2010-Q1,-8947.3
BE,B9,2010-Q2,685.4
BE,B9,2010-Q3,-6652.8
BE,B9,2010-Q4,-98.7
BE,B9,2011-Q1,-7923.6
BE,B9,2011-Q2,589.2
BE,B9,2011-Q3,-7747.0
BE,B9,2011-Q4,-1740.6
BE,B9,2012-Q1,-7193.5
BE,B9,2012-Q2,914.8
BE,B9,2012-Q3,-7636.6
BE,B9,2012-Q4,-2954.2
BE,B9,2013-Q1,-8398.5
BE,B9,2013-Q2,1668.6
BE,B9,2013-Q3,-7767.3
BE,B9,2013-Q4,2013.2
BE,B9,2014-Q1,-8825.0
BE,B9,2014-Q2,204.0
BE,B9,2014-Q3,-6051.3
BE,B9,2014-Q4,1814.1
BE,B9,2015-Q1,-8963.3
BE,B9,2015-Q2,1018.3
BE,B9,2015-Q3,-5401.4
BE,B9,2015-Q4,3060.4
BE,B9,2016-Q1,-9071.7
BE,B9,2016-Q2,1551.4
BE,B9,2016-Q3,-6773.1
BE,B9,2016-Q4,3878.0
BE,B9,2017-Q1,-6998.2
BE,B9,2017-Q2,4107.1
BE,B9,2017-Q3,-5468.3
BE,B9,2017-Q4,4974.8
BE,B9,2018-Q1,-7793.2
BE,B9,2018-Q2,5051.0
BE,B9,2018-Q3,-4906.8
BE,B9,2018-Q4,2832.0
BE,B9,2019-Q1,-8752.6
BE,B9,2019-Q2,2923.7
BE,B9,2019-Q3,-5538.9
BE,B9,2019-Q4,1548.6
BE,B9,2020-Q1,-13485.2
BE,B9,2020-Q2,-10023.7
BE,B9,2020-Q3,-11421.0
BE,B9,2020-Q4,-6968.6
BE,B9,2021-Q1,-13054.4
BE,B9,2021-Q2,-2953.6
BE,B9,2021-Q3,-11212.0
BE,B9,2021-Q4,-116.4
BE,B9,2022-Q1,-9187.8
BE,B9,2022-Q2,-425.1
BE,B9,2022-Q3,-10240.0
BE,B9,2022-Q4,-30.3
BE,B9,2023-Q1,-13666.6
BE,B9,2023-Q2,89.8
BE,B9,2023-Q3,-9592.7
BE,B9,2023-Q4,-1550.3
BE,B9,2024-Q1,-12665.5
BE,B9,2024-Q2,-422.8
BE,B9,2024-Q3,-10944.2
BE,B9,2024-Q4,-3023.1
BE,B9,2025-Q1,-14558.0
BE,B9,2025-Q2,-1128.5
BE,B9,2025-Q3,-13330.5
BE,B9,2025-Q4,-4202.8
BE,B9,2026-Q1,-15250.1
DE,B9,2002-Q1,-31938.0
DE,B9,2002-Q2,-13264.0
DE,B9,2002-Q3,-26349.0
DE,B9,2002-Q4,-19299.0
DE,B9,2003-Q1,-30447.0
DE,B9,2003-Q2,-14097.0
DE,B9,2003-Q3,-30789.0
DE,B9,2003-Q4,-10479.0
DE,B9,2004-Q1,-31599.0
DE,B9,2004-Q2,-14708.0
DE,B9,2004-Q3,-26479.0
DE,B9,2004-Q4,-5659.0
DE,B9,2005-Q1,-27224.0
DE,B9,2005-Q2,-15563.0
DE,B9,2005-Q3,-23621.0
DE,B9,2005-Q4,-11988.0
DE,B9,2006-Q1,-20845.0
DE,B9,2006-Q2,-4039.0
DE,B9,2006-Q3,-14400.0
DE,B9,2006-Q4,-3300.0
DE,B9,2007-Q1,-6285.0
DE,B9,2007-Q2,11069.0
DE,B9,2007-Q3,-5008.0
DE,B9,2007-Q4,4161.0
DE,B9,2008-Q1,-5531.0
DE,B9,2008-Q2,8593.0
DE,B9,2008-Q3,-5680.0
DE,B9,2008-Q4,-4191.0
DE,B9,2009-Q1,-10268.0
DE,B9,2009-Q2,-9162.0
DE,B9,2009-Q3,-31998.0
DE,B9,2009-Q4,-27779.0
DE,B9,2010-Q1,-32151.0
DE,B9,2010-Q2,-12734.0
DE,B9,2010-Q3,-57823.0
DE,B9,2010-Q4,-12912.0
DE,B9,2011-Q1,-11911.0
DE,B9,2011-Q2,5534.0
DE,B9,2011-Q3,-13135.0
DE,B9,2011-Q4,-3562.0
DE,B9,2012-Q1,-5155.0
DE,B9,2012-Q2,9444.0
DE,B9,2012-Q3,-4011.0
DE,B9,2012-Q4,-1799.0
DE,B9,2013-Q1,-7251.0
DE,B9,2013-Q2,13452.0
DE,B9,2013-Q3,-4719.0
DE,B9,2013-Q4,2030.0
DE,B9,2014-Q1,1866.0
DE,B9,2014-Q2,14846.0
DE,B9,2014-Q3,-966.0
DE,B9,2014-Q4,6086.0
DE,B9,2015-Q1,3832.0
DE,B9,2015-Q2,15209.0
DE,B9,2015-Q3,6185.0
DE,B9,2015-Q4,3013.0
DE,B9,2016-Q1,6275.0
DE,B9,2016-Q2,17625.0
DE,B9,2016-Q3,-912.0
DE,B9,2016-Q4,13249.0
DE,B9,2017-Q1,11591.0
DE,B9,2017-Q2,13500.0
DE,B9,2017-Q3,9004.0
DE,B9,2017-Q4,10476.0
DE,B9,2018-Q1,18942.0
DE,B9,2018-Q2,31999.0
DE,B9,2018-Q3,9937.0
DE,B9,2018-Q4,3789.0
DE,B9,2019-Q1,16689.0
DE,B9,2019-Q2,26574.0
DE,B9,2019-Q3,1357.0
DE,B9,2019-Q4,2329.0
DE,B9,2020-Q1,3183.0
DE,B9,2020-Q2,-56352.0
DE,B9,2020-Q3,-52898.0
DE,B9,2020-Q4,-45064.0
DE,B9,2021-Q1,-35854.0
DE,B9,2021-Q2,-35543.0
DE,B9,2021-Q3,-24489.0
DE,B9,2021-Q4,-20744.0
DE,B9,2022-Q1,294.0
DE,B9,2022-Q2,3140.0
DE,B9,2022-Q3,-31016.0
DE,B9,2022-Q4,-48556.0
DE,B9,2023-Q1,-23611.0
DE,B9,2023-Q2,-13361.0
DE,B9,2023-Q3,-31572.0
DE,B9,2023-Q4,-36705.0
DE,B9,2024-Q1,-29629.0
DE,B9,2024-Q2,-18696.0
DE,B9,2024-Q3,-35832.0
DE,B9,2024-Q4,-31138.0
DE,B9,2025-Q1,-19145.0
DE,B9,2025-Q2,-11445.0
DE,B9,2025-Q3,-37856.0
DE,B9,2025-Q4,-55169.0
DE,B9,2026-Q1,-36366.0
ES,B9,1995-Q1,-8302.7
ES,B9,1995-Q2,-8608.9
ES,B9,1995-Q3,-4895.9
ES,B9,1995-Q4,-10091.0
ES,B9,1996-Q1,-7901.5
ES,B9,1996-Q2,-10476.3
ES,B9,1996-Q3,-3947.3
ES,B9,1996-Q4,-7397.0
ES,B9,1997-Q1,-4568.7
ES,B9,1997-Q2,-8404.4
ES,B9,1997-Q3,-2236.3
ES,B9,1997-Q4,-4898.5
ES,B9,1998-Q1,-3236.3
ES,B9,1998-Q2,-6266.2
ES,B9,1998-Q3,-1222.4
ES,B9,1998-Q4,-3793.0
ES,B9,1999-Q1,-159.0
ES,B9,1999-Q2,-5091.0
ES,B9,1999-Q3,-239.0
ES,B9,1999-Q4,-1893.0
ES,B9,2000-Q1,826.0
ES,B9,2000-Q2,-2522.0
ES,B9,2000-Q3,-1102.0
ES,B9,2000-Q4,-4722.0
ES,B9,2001-Q1,3897.0
ES,B9,2001-Q2,-4963.0
ES,B9,2001-Q3,1701.0
ES,B9,2001-Q4,-3824.0
ES,B9,2002-Q1,2188.0
ES,B9,2002-Q2,-8031.0
ES,B9,2002-Q3,6351.0
ES,B9,2002-Q4,-2864.0
ES,B9,2003-Q1,1287.0
ES,B9,2003-Q2,-9725.0
ES,B9,2003-Q3,5609.0
ES,B9,2003-Q4,-180.0
ES,B9,2004-Q1,1448.0
ES,B9,2004-Q2,-7756.0
ES,B9,2004-Q3,8145.0
ES,B9,2004-Q4,-2778.0
ES,B9,2005-Q1,2745.0
ES,B9,2005-Q2,-4963.0
ES,B9,2005-Q3,12098.0
ES,B9,2005-Q4,1541.0
ES,B9,2006-Q1,7433.0
ES,B9,2006-Q2,-2789.0
ES,B9,2006-Q3,13993.0
ES,B9,2006-Q4,2685.0
ES,B9,2007-Q1,8391.0
ES,B9,2007-Q2,-3797.0
ES,B9,2007-Q3,20009.0
ES,B9,2007-Q4,-4316.0
ES,B9,2008-Q1,5.0
ES,B9,2008-Q2,-19259.0
ES,B9,2008-Q3,-2474.0
ES,B9,2008-Q4,-29003.0
ES,B9,2009-Q1,-15887.0
ES,B9,2009-Q2,-44537.0
ES,B9,2009-Q3,-19386.0
ES,B9,2009-Q4,-40766.0
ES,B9,2010-Q1,-18396.0
ES,B9,2010-Q2,-35676.0
ES,B9,2010-Q3,-12516.0
ES,B9,2010-Q4,-35605.0
ES,B9,2011-Q1,-15806.0
ES,B9,2011-Q2,-33907.0
ES,B9,2011-Q3,-12716.0
ES,B9,2011-Q4,-41146.0
ES,B9,2012-Q1,-13479.0
ES,B9,2012-Q2,-35280.0
ES,B9,2012-Q3,-12150.0
ES,B9,2012-Q4,-58185.0
ES,B9,2013-Q1,-11436.0
ES,B9,2013-Q2,-31945.0
ES,B9,2013-Q3,-8736.0
ES,B9,2013-Q4,-24688.0
ES,B9,2014-Q1,-6367.0
ES,B9,2014-Q2,-27601.0
ES,B9,2014-Q3,-3117.0
ES,B9,2014-Q4,-25631.0
ES,B9,2015-Q1,-7740.0
ES,B9,2015-Q2,-25254.0
ES,B9,2015-Q3,-1760.0
ES,B9,2015-Q4,-22494.0
ES,B9,2016-Q1,-8085.0
ES,B9,2016-Q2,-25532.0
ES,B9,2016-Q3,2043.0
ES,B9,2016-Q4,-15827.0
ES,B9,2017-Q1,-4834.0
ES,B9,2017-Q2,-20887.0
ES,B9,2017-Q3,6976.0
ES,B9,2017-Q4,-17158.0
ES,B9,2018-Q1,-3731.0
ES,B9,2018-Q2,-19277.0
ES,B9,2018-Q3,7748.0
ES,B9,2018-Q4,-15683.0
ES,B9,2019-Q1,-4655.0
ES,B9,2019-Q2,-23130.0
ES,B9,2019-Q3,8337.0
ES,B9,2019-Q4,-18974.0
ES,B9,2020-Q1,-10532.0
ES,B9,2020-Q2,-62099.0
ES,B9,2020-Q3,-5012.0
ES,B9,2020-Q4,-34254.0
ES,B9,2021-Q1,-20675.0
ES,B9,2021-Q2,-34381.0
ES,B9,2021-Q3,943.0
ES,B9,2021-Q4,-28061.0
ES,B9,2022-Q1,-6338.0
ES,B9,2022-Q2,-28783.0
ES,B9,2022-Q3,8057.0
ES,B9,2022-Q4,-36041.0
ES,B9,2023-Q1,-3429.0
ES,B9,2023-Q2,-32132.0
ES,B9,2023-Q3,8790.0
ES,B9,2023-Q4,-23256.0
ES,B9,2024-Q1,-5178.0
ES,B9,2024-Q2,-26807.0
ES,B9,2024-Q3,10805.0
ES,B9,2024-Q4,-30087.0
ES,B9,2025-Q1,-6404.0
ES,B9,2025-Q2,-27921.0
ES,B9,2025-Q3,14895.0
ES,B9,2025-Q4,-20900.0
ES,B9,2026-Q1,-6430.0
FR,B9,1995-Q1,-21615.7
FR,B9,1995-Q2,-10225.8
FR,B9,1995-Q3,-19355.7
FR,B9,1995-Q4,-11141.0
FR,B9,1996-Q1,-18882.5
FR,B9,1996-Q2,-7897.1
FR,B9,1996-Q3,-15303.7
FR,B9,1996-Q4,-7028.7
FR,B9,1997-Q1,-19461.4
FR,B9,1997-Q2,-7097.5
FR,B9,1997-Q3,-17536.7
FR,B9,1997-Q4,-3382.1
FR,B9,1998-Q1,-25077.4
FR,B9,1998-Q2,-3038.0
FR,B9,1998-Q3,-17189.8
FR,B9,1998-Q4,13493.2
FR,B9,1999-Q1,-22731.4
FR,B9,1999-Q2,551.5
FR,B9,1999-Q3,-13137.5
FR,B9,1999-Q4,13773.1
FR,B9,2000-Q1,-16080.5
FR,B9,2000-Q2,4043.3
FR,B9,2000-Q3,-8096.6
FR,B9,2000-Q4,791.4
FR,B9,2001-Q1,-16877.4
FR,B9,2001-Q2,7282.7
FR,B9,2001-Q3,-12239.2
FR,B9,2001-Q4,147.3
FR,B9,2002-Q1,-20615.3
FR,B9,2002-Q2,-1482.8
FR,B9,2002-Q3,-17456.4
FR,B9,2002-Q4,-10566.4
FR,B9,2003-Q1,-26624.1
FR,B9,2003-Q2,-8862.0
FR,B9,2003-Q3,-21585.9
FR,B9,2003-Q4,-9245.0
FR,B9,2004-Q1,-26464.0
FR,B9,2004-Q2,-5010.7
FR,B9,2004-Q3,-22685.6
FR,B9,2004-Q4,-6139.5
FR,B9,2005-Q1,-27213.5
FR,B9,2005-Q2,-6988.6
FR,B9,2005-Q3,-19771.8
FR,B9,2005-Q4,-7827.4
FR,B9,2006-Q1,-20313.1
FR,B9,2006-Q2,-4386.0
FR,B9,2006-Q3,-20500.7
FR,B9,2006-Q4,-3862.8
FR,B9,2007-Q1,-25570.5
FR,B9,2007-Q2,967.4
FR,B9,2007-Q3,-21733.8
FR,B9,2007-Q4,-11598.9
FR,B9,2008-Q1,-26873.8
FR,B9,2008-Q2,-1188.2
FR,B9,2008-Q3,-22795.4
FR,B9,2008-Q4,-18832.4
FR,B9,2009-Q1,-43217.4
FR,B9,2009-Q2,-25790.4
FR,B9,2009-Q3,-44773.3
FR,B9,2009-Q4,-29052.8
FR,B9,2010-Q1,-45583.5
FR,B9,2010-Q2,-34668.2
FR,B9,2010-Q3,-44693.0
FR,B9,2010-Q4,-17815.8
FR,B9,2011-Q1,-37992.2
FR,B9,2011-Q2,-28509.4
FR,B9,2011-Q3,-33568.1
FR,B9,2011-Q4,-9315.9
FR,B9,2012-Q1,-37780.1
FR,B9,2012-Q2,-30529.0
FR,B9,2012-Q3,-34771.0
FR,B9,2012-Q4,-4907.3
FR,B9,2013-Q1,-38943.8
FR,B9,2013-Q2,-26851.1
FR,B9,2013-Q3,-34233.0
FR,B9,2013-Q4,-4683.8
FR,B9,2014-Q1,-35937.4
FR,B9,2014-Q2,-26457.4
FR,B9,2014-Q3,-32217.2
FR,B9,2014-Q4,-3891.7
FR,B9,2015-Q1,-32106.8
FR,B9,2015-Q2,-29039.6
FR,B9,2015-Q3,-27398.0
FR,B9,2015-Q4,2863.3
FR,B9,2016-Q1,-27215.0
FR,B9,2016-Q2,-25241.4
FR,B9,2016-Q3,-30369.9
FR,B9,2016-Q4,-1198.8
FR,B9,2017-Q1,-32694.6
FR,B9,2017-Q2,-24083.7
FR,B9,2017-Q3,-30945.1
FR,B9,2017-Q4,10665.5
FR,B9,2018-Q1,-26421.8
FR,B9,2018-Q2,-17275.2
FR,B9,2018-Q3,-21520.6
FR,B9,2018-Q4,10601.5
FR,B9,2019-Q1,-28566.9
FR,B9,2019-Q2,-20734.0
FR,B9,2019-Q3,-27866.6
FR,B9,2019-Q4,18942.0
FR,B9,2020-Q1,-50689.1
FR,B9,2020-Q2,-85096.6
FR,B9,2020-Q3,-39916.8
FR,B9,2020-Q4,-31381.9
FR,B9,2021-Q1,-72089.6
FR,B9,2021-Q2,-57007.5
FR,B9,2021-Q3,-36917.1
FR,B9,2021-Q4,864.9
FR,B9,2022-Q1,-42103.5
FR,B9,2022-Q2,-30269.5
FR,B9,2022-Q3,-40139.4
FR,B9,2022-Q4,-13383.4
FR,B9,2023-Q1,-42034.8
FR,B9,2023-Q2,-45241.4
FR,B9,2023-Q3,-46935.1
FR,B9,2023-Q4,-17708.0
FR,B9,2024-Q1,-46164.1
FR,B9,2024-Q2,-48195.4
FR,B9,2024-Q3,-53233.2
FR,B9,2024-Q4,-21525.2
FR,B9,2025-Q1,-44696.0
FR,B9,2025-Q2,-46572.5
FR,B9,2025-Q3,-49749.7
FR,B9,2025-Q4,-11513.3
FR,B9,2026-Q1,-45598.4
IT,B9,1999-Q1,-22760.6
IT,B9,1999-Q2,1412.3
IT,B9,1999-Q3,-5587.4
IT,B9,1999-Q4,6037.8
IT,B9,2000-Q1,-17911.7
IT,B9,2000-Q2,-2230.4
IT,B9,2000-Q3,-7534.8
IT,B9,2000-Q4,-2447.0
IT,B9,2001-Q1,-32851.7
IT,B9,2001-Q2,-3623.0
IT,B9,2001-Q3,-5472.9
IT,B9,2001-Q4,321.7
IT,B9,2002-Q1,-31903.3
IT,B9,2002-Q2,-5429.3
IT,B9,2002-Q3,-14112.4
IT,B9,2002-Q4,12409.2
IT,B9,2003-Q1,-33195.5
IT,B9,2003-Q2,3823.3
IT,B9,2003-Q3,-16306.7
IT,B9,2003-Q4,532.8
IT,B9,2004-Q1,-37044.4
IT,B9,2004-Q2,-2431.1
IT,B9,2004-Q3,-15519.1
IT,B9,2004-Q4,4555.7
IT,B9,2005-Q1,-37749.5
IT,B9,2005-Q2,-11185.0
IT,B9,2005-Q3,-13730.0
IT,B9,2005-Q4,1224.4
IT,B9,2006-Q1,-35968.1
IT,B9,2006-Q2,-665.2
IT,B9,2006-Q3,-11978.7
IT,B9,2006-Q4,-7627.0
IT,B9,2007-Q1,-34277.8
IT,B9,2007-Q2,3018.6
IT,B9,2007-Q3,-1354.9
IT,B9,2007-Q4,11111.9
IT,B9,2008-Q1,-32163.0
IT,B9,2008-Q2,-7339.3
IT,B9,2008-Q3,-5020.5
IT,B9,2008-Q4,2049.9
IT,B9,2009-Q1,-42590.1
IT,B9,2009-Q2,-13241.8
IT,B9,2009-Q3,-15104.5
IT,B9,2009-Q4,-9164.5
IT,B9,2010-Q1,-40638.2
IT,B9,2010-Q2,-12564.1
IT,B9,2010-Q3,-11293.3
IT,B9,2010-Q4,-2832.7
IT,B9,2011-Q1,-35268.3
IT,B9,2011-Q2,-11822.0
IT,B9,2011-Q3,-7899.6
IT,B9,2011-Q4,-3422.0
IT,B9,2012-Q1,-36955.3
IT,B9,2012-Q2,-12386.0
IT,B9,2012-Q3,-5904.6
IT,B9,2012-Q4,6495.4
IT,B9,2013-Q1,-36488.3
IT,B9,2013-Q2,-2843.3
IT,B9,2013-Q3,-12609.1
IT,B9,2013-Q4,5336.2
IT,B9,2014-Q1,-33033.3
IT,B9,2014-Q2,-4609.7
IT,B9,2014-Q3,-10211.7
IT,B9,2014-Q4,1747.7
IT,B9,2015-Q1,-31347.4
IT,B9,2015-Q2,-3324.0
IT,B9,2015-Q3,-7174.4
IT,B9,2015-Q4,943.8
IT,B9,2016-Q1,-30407.1
IT,B9,2016-Q2,-124.2
IT,B9,2016-Q3,-8168.7
IT,B9,2016-Q4,-2297.1
IT,B9,2017-Q1,-25717.1
IT,B9,2017-Q2,-6984.5
IT,B9,2017-Q3,-11238.7
IT,B9,2017-Q4,173.3
IT,B9,2018-Q1,-26926.0
IT,B9,2018-Q2,771.7
IT,B9,2018-Q3,-11030.9
IT,B9,2018-Q4,-1782.6
IT,B9,2019-Q1,-25931.7
IT,B9,2019-Q2,2133.1
IT,B9,2019-Q3,-8947.4
IT,B9,2019-Q4,6585.5
IT,B9,2020-Q1,-41108.0
IT,B9,2020-Q2,-46940.6
IT,B9,2020-Q3,-42038.2
IT,B9,2020-Q4,-26539.9
IT,B9,2021-Q1,-60284.3
IT,B9,2021-Q2,-38809.2
IT,B9,2021-Q3,-34256.6
IT,B9,2021-Q4,-30185.9
IT,B9,2022-Q1,-54080.9
IT,B9,2022-Q2,-27687.0
IT,B9,2022-Q3,-44708.9
IT,B9,2022-Q4,-35392.2
IT,B9,2023-Q1,-55486.7
IT,B9,2023-Q2,-26204.1
IT,B9,2023-Q3,-33887.3
IT,B9,2023-Q4,-37289.1
IT,B9,2024-Q1,-42433.7
IT,B9,2024-Q2,-19833.0
IT,B9,2024-Q3,-15143.6
IT,B9,2024-Q4,3630.2
IT,B9,2025-Q1,-44851.6
IT,B9,2025-Q2,-15051.3
IT,B9,2025-Q3,-17973.9
IT,B9,2025-Q4,8495.6
IT,B9,2026-Q1,-43039.8
PT,B9,1999-Q1,-108.2
PT,B9,1999-Q2,-59.2
PT,B9,1999-Q3,-441.4
PT,B9,1999-Q4,-3017.0
PT,B9,2000-Q1,-326.1
PT,B9,2000-Q2,-438.7
PT,B9,2000-Q3,-533.8
PT,B9,2000-Q4,-2773.6
PT,B9,2001-Q1,-521.6
PT,B9,2001-Q2,-1220.6
PT,B9,2001-Q3,-1291.2
PT,B9,2001-Q4,-3404.4
PT,B9,2002-Q1,-792.0
PT,B9,2002-Q2,-787.1
PT,B9,2002-Q3,-2631.5
PT,B9,2002-Q4,-475.9
PT,B9,2003-Q1,-1824.1
PT,B9,2003-Q2,-2201.2
PT,B9,2003-Q3,-2886.5
PT,B9,2003-Q4,-1413.2
PT,B9,2004-Q1,-2051.1
PT,B9,2004-Q2,-1796.6
PT,B9,2004-Q3,-2226.3
PT,B9,2004-Q4,-3368.9
PT,B9,2005-Q1,-2390.0
PT,B9,2005-Q2,-1029.8
PT,B9,2005-Q3,-2693.9
PT,B9,2005-Q4,-3605.6
PT,B9,2006-Q1,-1584.6
PT,B9,2006-Q2,-1049.0
PT,B9,2006-Q3,-1081.1
PT,B9,2006-Q4,-3213.4
PT,B9,2007-Q1,-1651.5
PT,B9,2007-Q2,-210.3
PT,B9,2007-Q3,-687.7
PT,B9,2007-Q4,-2495.7
PT,B9,2008-Q1,-579.3
PT,B9,2008-Q2,-342.6
PT,B9,2008-Q3,-3444.0
PT,B9,2008-Q4,-2459.2
PT,B9,2009-Q1,-3245.7
PT,B9,2009-Q2,-5148.4
PT,B9,2009-Q3,-2613.5
PT,B9,2009-Q4,-6313.4
PT,B9,2010-Q1,-3561.2
PT,B9,2010-Q2,-5165.8
PT,B9,2010-Q3,-2938.9
PT,B9,2010-Q4,-8871.3
PT,B9,2011-Q1,-2964.4
PT,B9,2011-Q2,-4311.3
PT,B9,2011-Q3,-1388.1
PT,B9,2011-Q4,-4960.2
PT,B9,2012-Q1,-3013.0
PT,B9,2012-Q2,-3095.6
PT,B9,2012-Q3,-1425.3
PT,B9,2012-Q4,-2919.6
PT,B9,2013-Q1,-3861.3
PT,B9,2013-Q2,-1847.1
PT,B9,2013-Q3,-1494.9
PT,B9,2013-Q4,-1695.0
PT,B9,2014-Q1,-2320.9
PT,B9,2014-Q2,-2949.8
PT,B9,2014-Q3,-6227.9
PT,B9,2014-Q4,-1252.9
PT,B9,2015-Q1,-2525.8
PT,B9,2015-Q2,-1777.6
PT,B9,2015-Q3,-583.6
PT,B9,2015-Q4,-3138.9
PT,B9,2016-Q1,-1394.7
PT,B9,2016-Q2,-1255.9
PT,B9,2016-Q3,-1022.5
PT,B9,2016-Q4,51.1
PT,B9,2017-Q1,-4842.9
PT,B9,2017-Q2,-1118.7
PT,B9,2017-Q3,1034.4
PT,B9,2017-Q4,-942.4
PT,B9,2018-Q1,-505.5
PT,B9,2018-Q2,-1555.0
PT,B9,2018-Q3,2793.7
PT,B9,2018-Q4,-1605.9
PT,B9,2019-Q1,-13.1
PT,B9,2019-Q2,-1148.6
PT,B9,2019-Q3,2374.3
PT,B9,2019-Q4,-963.6
PT,B9,2020-Q1,-536.1
PT,B9,2020-Q2,-4710.6
PT,B9,2020-Q3,-2115.9
PT,B9,2020-Q4,-4201.3
PT,B9,2021-Q1,-2810.9
PT,B9,2021-Q2,-3022.3
PT,B9,2021-Q3,1850.9
PT,B9,2021-Q4,-2134.8
PT,B9,2022-Q1,-399.9
PT,B9,2022-Q2,997.5
PT,B9,2022-Q3,3983.1
PT,B9,2022-Q4,-5338.0
PT,B9,2023-Q1,856.9
PT,B9,2023-Q2,732.1
PT,B9,2023-Q3,5080.6
PT,B9,2023-Q4,-3639.8
PT,B9,2024-Q1,205.9
PT,B9,2024-Q2,1268.5
PT,B9,2024-Q3,4210.2
PT,B9,2024-Q4,-3822.0
PT,B9,2025-Q1,9.0
PT,B9,2025-Q2,1679.3
PT,B9,2025-Q3,2795.7
PT,B9,2025-Q4,-2425.3
PT,B9,2026-Q1,-509.7
BE,P2,1995-Q1,1954.7
BE,P2,1995-Q2,1949.4
BE,P2,1995-Q3,1924.3
BE,P2,1995-Q4,2000.2
BE,P2,1996-Q1,2061.6
BE,P2,1996-Q2,2060.2
BE,P2,1996-Q3,2018.3
BE,P2,1996-Q4,2023.1
BE,P2,1997-Q1,2211.6
BE,P2,1997-Q2,1901.0
BE,P2,1997-Q3,1897.5
BE,P2,1997-Q4,2133.8
BE,P2,1998-Q1,2136.1
BE,P2,1998-Q2,2062.2
BE,P2,1998-Q3,2075.0
BE,P2,1998-Q4,2217.8
BE,P2,1999-Q1,2273.8
BE,P2,1999-Q2,2141.5
BE,P2,1999-Q3,2121.3
BE,P2,1999-Q4,2473.6
BE,P2,2000-Q1,2411.1
BE,P2,2000-Q2,2317.5
BE,P2,2000-Q3,2228.5
BE,P2,2000-Q4,2495.1
BE,P2,2001-Q1,2522.3
BE,P2,2001-Q2,2345.5
BE,P2,2001-Q3,2419.4
BE,P2,2001-Q4,2744.6
BE,P2,2002-Q1,2853.6
BE,P2,2002-Q2,2781.5
BE,P2,2002-Q3,2935.8
BE,P2,2002-Q4,2959.4
BE,P2,2003-Q1,3154.8
BE,P2,2003-Q2,2839.9
BE,P2,2003-Q3,2861.2
BE,P2,2003-Q4,2941.4
BE,P2,2004-Q1,3242.7
BE,P2,2004-Q2,2979.2
BE,P2,2004-Q3,2848.4
BE,P2,2004-Q4,3042.5
BE,P2,2005-Q1,3211.7
BE,P2,2005-Q2,3206.5
BE,P2,2005-Q3,3035.2
BE,P2,2005-Q4,3005.1
BE,P2,2006-Q1,3446.6
BE,P2,2006-Q2,3243.6
BE,P2,2006-Q3,3090.3
BE,P2,2006-Q4,3084.0
BE,P2,2007-Q1,3438.9
BE,P2,2007-Q2,3121.7
BE,P2,2007-Q3,3174.6
BE,P2,2007-Q4,3141.2
BE,P2,2008-Q1,3445.6
BE,P2,2008-Q2,3270.9
BE,P2,2008-Q3,3349.4
BE,P2,2008-Q4,3788.0
BE,P2,2009-Q1,3615.5
BE,P2,2009-Q2,3714.2
BE,P2,2009-Q3,3675.2
BE,P2,2009-Q4,3849.3
BE,P2,2010-Q1,3692.3
BE,P2,2010-Q2,3856.6
BE,P2,2010-Q3,3609.7
BE,P2,2010-Q4,3930.5
BE,P2,2011-Q1,3753.3
BE,P2,2011-Q2,3967.0
BE,P2,2011-Q3,3896.9
BE,P2,2011-Q4,4321.2
BE,P2,2012-Q1,3962.6
BE,P2,2012-Q2,4055.6
BE,P2,2012-Q3,3999.1
BE,P2,2012-Q4,4508.4
BE,P2,2013-Q1,3913.9
BE,P2,2013-Q2,4065.8
BE,P2,2013-Q3,4040.7
BE,P2,2013-Q4,4411.0
BE,P2,2014-Q1,4058.0
BE,P2,2014-Q2,4151.8
BE,P2,2014-Q3,4180.7
BE,P2,2014-Q4,4648.6
BE,P2,2015-Q1,4066.6
BE,P2,2015-Q2,4141.7
BE,P2,2015-Q3,4102.7
BE,P2,2015-Q4,4630.5
BE,P2,2016-Q1,4167.3
BE,P2,2016-Q2,4021.9
BE,P2,2016-Q3,4279.7
BE,P2,2016-Q4,4994.2
BE,P2,2017-Q1,4198.7
BE,P2,2017-Q2,4240.4
BE,P2,2017-Q3,4396.4
BE,P2,2017-Q4,5052.6
BE,P2,2018-Q1,4438.5
BE,P2,2018-Q2,4591.3
BE,P2,2018-Q3,4698.2
BE,P2,2018-Q4,5342.1
BE,P2,2019-Q1,4595.8
BE,P2,2019-Q2,4651.5
BE,P2,2019-Q3,4791.9
BE,P2,2019-Q4,5639.3
BE,P2,2020-Q1,4649.2
BE,P2,2020-Q2,4657.7
BE,P2,2020-Q3,5051.8
BE,P2,2020-Q4,5544.6
BE,P2,2021-Q1,4926.1
BE,P2,2021-Q2,5141.6
BE,P2,2021-Q3,5048.8
BE,P2,2021-Q4,6259.7
BE,P2,2022-Q1,5302.8
BE,P2,2022-Q2,5545.4
BE,P2,2022-Q3,5793.9
BE,P2,2022-Q4,7248.7
BE,P2,2023-Q1,5665.7
BE,P2,2023-Q2,6032.1
BE,P2,2023-Q3,6237.6
BE,P2,2023-Q4,7067.0
BE,P2,2024-Q1,6104.7
BE,P2,2024-Q2,6403.3
BE,P2,2024-Q3,6482.4
BE,P2,2024-Q4,7313.6
BE,P2,2025-Q1,6189.5
BE,P2,2025-Q2,6635.3
BE,P2,2025-Q3,6908.8
BE,P2,2025-Q4,7901.2
BE,P2,2026-Q1,6398.5
DE,P2,2002-Q1,22404.0
DE,P2,2002-Q2,22726.0
DE,P2,2002-Q3,23963.0
DE,P2,2002-Q4,29359.0
DE,P2,2003-Q1,22121.0
DE,P2,2003-Q2,22931.0
DE,P2,2003-Q3,23947.0
DE,P2,2003-Q4,28292.0
DE,P2,2004-Q1,23044.0
DE,P2,2004-Q2,23084.0
DE,P2,2004-Q3,23968.0
DE,P2,2004-Q4,28834.0
DE,P2,2005-Q1,23044.0
DE,P2,2005-Q2,24389.0
DE,P2,2005-Q3,25026.0
DE,P2,2005-Q4,29980.0
DE,P2,2006-Q1,25024.0
DE,P2,2006-Q2,24999.0
DE,P2,2006-Q3,25587.0
DE,P2,2006-Q4,31277.0
DE,P2,2007-Q1,25907.0
DE,P2,2007-Q2,26054.0
DE,P2,2007-Q3,26875.0
DE,P2,2007-Q4,32793.0
DE,P2,2008-Q1,27164.0
DE,P2,2008-Q2,28312.0
DE,P2,2008-Q3,28626.0
DE,P2,2008-Q4,34908.0
DE,P2,2009-Q1,29058.0
DE,P2,2009-Q2,29692.0
DE,P2,2009-Q3,31821.0
DE,P2,2009-Q4,36455.0
DE,P2,2010-Q1,30671.0
DE,P2,2010-Q2,31246.0
DE,P2,2010-Q3,32786.0
DE,P2,2010-Q4,40138.0
DE,P2,2011-Q1,31827.0
DE,P2,2011-Q2,33036.0
DE,P2,2011-Q3,35347.0
DE,P2,2011-Q4,41211.0
DE,P2,2012-Q1,33158.0
DE,P2,2012-Q2,34137.0
DE,P2,2012-Q3,35749.0
DE,P2,2012-Q4,42455.0
DE,P2,2013-Q1,34598.0
DE,P2,2013-Q2,35803.0
DE,P2,2013-Q3,37338.0
DE,P2,2013-Q4,44117.0
DE,P2,2014-Q1,35814.0
DE,P2,2014-Q2,37139.0
DE,P2,2014-Q3,38481.0
DE,P2,2014-Q4,45646.0
DE,P2,2015-Q1,36779.0
DE,P2,2015-Q2,38563.0
DE,P2,2015-Q3,40091.0
DE,P2,2015-Q4,48259.0
DE,P2,2016-Q1,39445.0
DE,P2,2016-Q2,41555.0
DE,P2,2016-Q3,42710.0
DE,P2,2016-Q4,49962.0
DE,P2,2017-Q1,41922.0
DE,P2,2017-Q2,42587.0
DE,P2,2017-Q3,44131.0
DE,P2,2017-Q4,52414.0
DE,P2,2018-Q1,42464.0
DE,P2,2018-Q2,44665.0
DE,P2,2018-Q3,45748.0
DE,P2,2018-Q4,55296.0
DE,P2,2019-Q1,45003.0
DE,P2,2019-Q2,46708.0
DE,P2,2019-Q3,49856.0
DE,P2,2019-Q4,57931.0
DE,P2,2020-Q1,49550.0
DE,P2,2020-Q2,55674.0
DE,P2,2020-Q3,54376.0
DE,P2,2020-Q4,67280.0
DE,P2,2021-Q1,56262.0
DE,P2,2021-Q2,57612.0
DE,P2,2021-Q3,59188.0
DE,P2,2021-Q4,70670.0
DE,P2,2022-Q1,58874.0
DE,P2,2022-Q2,60275.0
DE,P2,2022-Q3,61916.0
DE,P2,2022-Q4,76036.0
DE,P2,2023-Q1,60802.0
DE,P2,2023-Q2,61873.0
DE,P2,2023-Q3,64512.0
DE,P2,2023-Q4,78654.0
DE,P2,2024-Q1,60903.0
DE,P2,2024-Q2,66788.0
DE,P2,2024-Q3,69209.0
DE,P2,2024-Q4,83493.0
DE,P2,2025-Q1,64434.0
DE,P2,2025-Q2,67553.0
DE,P2,2025-Q3,69975.0
DE,P2,2025-Q4,86933.0
DE,P2,2026-Q1,68598.0
ES,P2,1995-Q1,4672.7
ES,P2,1995-Q2,4796.0
ES,P2,1995-Q3,4510.8
ES,P2,1995-Q4,5916.8
ES,P2,1996-Q1,5024.5
ES,P2,1996-Q2,5015.5
ES,P2,1996-Q3,4580.8
ES,P2,1996-Q4,5982.3
ES,P2,1997-Q1,5054.3
ES,P2,1997-Q2,5208.1
ES,P2,1997-Q3,4746.4
ES,P2,1997-Q4,6208.7
ES,P2,1998-Q1,5251.6
ES,P2,1998-Q2,5308.2
ES,P2,1998-Q3,4914.5
ES,P2,1998-Q4,6446.3
ES,P2,1999-Q1,5645.0
ES,P2,1999-Q2,5782.0
ES,P2,1999-Q3,5207.0
ES,P2,1999-Q4,6894.0
ES,P2,2000-Q1,6459.0
ES,P2,2000-Q2,6328.0
ES,P2,2000-Q3,5851.0
ES,P2,2000-Q4,7397.0
ES,P2,2001-Q1,6850.0
ES,P2,2001-Q2,6869.0
ES,P2,2001-Q3,6329.0
ES,P2,2001-Q4,8231.0
ES,P2,2002-Q1,7512.0
ES,P2,2002-Q2,7641.0
ES,P2,2002-Q3,7001.0
ES,P2,2002-Q4,9071.0
ES,P2,2003-Q1,8371.0
ES,P2,2003-Q2,8502.0
ES,P2,2003-Q3,7724.0
ES,P2,2003-Q4,9958.0
ES,P2,2004-Q1,9576.0
ES,P2,2004-Q2,9372.0
ES,P2,2004-Q3,8642.0
ES,P2,2004-Q4,11198.0
ES,P2,2005-Q1,10561.0
ES,P2,2005-Q2,10555.0
ES,P2,2005-Q3,9683.0
ES,P2,2005-Q4,12580.0
ES,P2,2006-Q1,11414.0
ES,P2,2006-Q2,11455.0
ES,P2,2006-Q3,10608.0
ES,P2,2006-Q4,13727.0
ES,P2,2007-Q1,13179.0
ES,P2,2007-Q2,13293.0
ES,P2,2007-Q3,12221.0
ES,P2,2007-Q4,15650.0
ES,P2,2008-Q1,14293.0
ES,P2,2008-Q2,14525.0
ES,P2,2008-Q3,13359.0
ES,P2,2008-Q4,17099.0
ES,P2,2009-Q1,14834.0
ES,P2,2009-Q2,15084.0
ES,P2,2009-Q3,13875.0
ES,P2,2009-Q4,17586.0
ES,P2,2010-Q1,14905.0
ES,P2,2010-Q2,14952.0
ES,P2,2010-Q3,13859.0
ES,P2,2010-Q4,17757.0
ES,P2,2011-Q1,15100.0
ES,P2,2011-Q2,14805.0
ES,P2,2011-Q3,13825.0
ES,P2,2011-Q4,17763.0
ES,P2,2012-Q1,14174.0
ES,P2,2012-Q2,14140.0
ES,P2,2012-Q3,13128.0
ES,P2,2012-Q4,16909.0
ES,P2,2013-Q1,13375.0
ES,P2,2013-Q2,13561.0
ES,P2,2013-Q3,12704.0
ES,P2,2013-Q4,15992.0
ES,P2,2014-Q1,13818.0
ES,P2,2014-Q2,13754.0
ES,P2,2014-Q3,12780.0
ES,P2,2014-Q4,15721.0
ES,P2,2015-Q1,13902.0
ES,P2,2015-Q2,14525.0
ES,P2,2015-Q3,13567.0
ES,P2,2015-Q4,16336.0
ES,P2,2016-Q1,14076.0
ES,P2,2016-Q2,14487.0
ES,P2,2016-Q3,13507.0
ES,P2,2016-Q4,16010.0
ES,P2,2017-Q1,14756.0
ES,P2,2017-Q2,14556.0
ES,P2,2017-Q3,13606.0
ES,P2,2017-Q4,16285.0
ES,P2,2018-Q1,14964.0
ES,P2,2018-Q2,15309.0
ES,P2,2018-Q3,14225.0
ES,P2,2018-Q4,17129.0
ES,P2,2019-Q1,15830.0
ES,P2,2019-Q2,15750.0
ES,P2,2019-Q3,14798.0
ES,P2,2019-Q4,18038.0
ES,P2,2020-Q1,15769.0
ES,P2,2020-Q2,16195.0
ES,P2,2020-Q3,15253.0
ES,P2,2020-Q4,19014.0
ES,P2,2021-Q1,17066.0
ES,P2,2021-Q2,17502.0
ES,P2,2021-Q3,16484.0
ES,P2,2021-Q4,20218.0
ES,P2,2022-Q1,18871.0
ES,P2,2022-Q2,18961.0
ES,P2,2022-Q3,18712.0
ES,P2,2022-Q4,22485.0
ES,P2,2023-Q1,20641.0
ES,P2,2023-Q2,21012.0
ES,P2,2023-Q3,20077.0
ES,P2,2023-Q4,23821.0
ES,P2,2024-Q1,21953.0
ES,P2,2024-Q2,21814.0
ES,P2,2024-Q3,21252.0
ES,P2,2024-Q4,24431.0
ES,P2,2025-Q1,23052.0
ES,P2,2025-Q2,23273.0
ES,P2,2025-Q3,22953.0
ES,P2,2025-Q4,26727.0
ES,P2,2026-Q1,24218.0
FR,P2,1995-Q1,16420.2
FR,P2,1995-Q2,16500.6
FR,P2,1995-Q3,16655.0
FR,P2,1995-Q4,17088.9
FR,P2,1996-Q1,17552.9
FR,P2,1996-Q2,17867.4
FR,P2,1996-Q3,17944.1
FR,P2,1996-Q4,18325.2
FR,P2,1997-Q1,18486.0
FR,P2,1997-Q2,18564.4
FR,P2,1997-Q3,18175.0
FR,P2,1997-Q4,18121.8
FR,P2,1998-Q1,17548.1
FR,P2,1998-Q2,17180.4
FR,P2,1998-Q3,16837.4
FR,P2,1998-Q4,17142.0
FR,P2,1999-Q1,17323.1
FR,P2,1999-Q2,17592.1
FR,P2,1999-Q3,17684.5
FR,P2,1999-Q4,18350.4
FR,P2,2000-Q1,18712.6
FR,P2,2000-Q2,19002.2
FR,P2,2000-Q3,19105.5
FR,P2,2000-Q4,19022.2
FR,P2,2001-Q1,18813.6
FR,P2,2001-Q2,18769.5
FR,P2,2001-Q3,18950.8
FR,P2,2001-Q4,19357.7
FR,P2,2002-Q1,19926.0
FR,P2,2002-Q2,20351.2
FR,P2,2002-Q3,20569.3
FR,P2,2002-Q4,20580.3
FR,P2,2003-Q1,20438.0
FR,P2,2003-Q2,20398.7
FR,P2,2003-Q3,20516.3
FR,P2,2003-Q4,20790.7
FR,P2,2004-Q1,21190.3
FR,P2,2004-Q2,21564.4
FR,P2,2004-Q3,21881.2
FR,P2,2004-Q4,22140.7
FR,P2,2005-Q1,22349.2
FR,P2,2005-Q2,22535.9
FR,P2,2005-Q3,22706.8
FR,P2,2005-Q4,22862.1
FR,P2,2006-Q1,17371.0
FR,P2,2006-Q2,24714.4
FR,P2,2006-Q3,23378.6
FR,P2,2006-Q4,27393.1
FR,P2,2007-Q1,18522.7
FR,P2,2007-Q2,24782.5
FR,P2,2007-Q3,23777.1
FR,P2,2007-Q4,27925.0
FR,P2,2008-Q1,19320.8
FR,P2,2008-Q2,26183.9
FR,P2,2008-Q3,24863.3
FR,P2,2008-Q4,27415.3
FR,P2,2009-Q1,20366.2
FR,P2,2009-Q2,27985.9
FR,P2,2009-Q3,25632.4
FR,P2,2009-Q4,29884.9
FR,P2,2010-Q1,18477.1
FR,P2,2010-Q2,28877.2
FR,P2,2010-Q3,28010.2
FR,P2,2010-Q4,32041.8
FR,P2,2011-Q1,20683.8
FR,P2,2011-Q2,27368.7
FR,P2,2011-Q3,28301.0
FR,P2,2011-Q4,32465.6
FR,P2,2012-Q1,22187.2
FR,P2,2012-Q2,29623.3
FR,P2,2012-Q3,27591.2
FR,P2,2012-Q4,32414.4
FR,P2,2013-Q1,21781.3
FR,P2,2013-Q2,30515.3
FR,P2,2013-Q3,29214.7
FR,P2,2013-Q4,32599.6
FR,P2,2014-Q1,21642.3
FR,P2,2014-Q2,30171.6
FR,P2,2014-Q3,29549.4
FR,P2,2014-Q4,32500.2
FR,P2,2015-Q1,22038.3
FR,P2,2015-Q2,31316.8
FR,P2,2015-Q3,28719.4
FR,P2,2015-Q4,33508.3
FR,P2,2016-Q1,21226.4
FR,P2,2016-Q2,31788.9
FR,P2,2016-Q3,28586.8
FR,P2,2016-Q4,34601.9
FR,P2,2017-Q1,22760.0
FR,P2,2017-Q2,32160.7
FR,P2,2017-Q3,30315.9
FR,P2,2017-Q4,35399.4
FR,P2,2018-Q1,22239.7
FR,P2,2018-Q2,32353.7
FR,P2,2018-Q3,31640.6
FR,P2,2018-Q4,36643.9
FR,P2,2019-Q1,22440.6
FR,P2,2019-Q2,33668.9
FR,P2,2019-Q3,32589.2
FR,P2,2019-Q4,38013.0
FR,P2,2020-Q1,26308.3
FR,P2,2020-Q2,29833.8
FR,P2,2020-Q3,32920.5
FR,P2,2020-Q4,37346.2
FR,P2,2021-Q1,25477.5
FR,P2,2021-Q2,35500.6
FR,P2,2021-Q3,33667.6
FR,P2,2021-Q4,41435.5
FR,P2,2022-Q1,26985.8
FR,P2,2022-Q2,38593.1
FR,P2,2022-Q3,36255.5
FR,P2,2022-Q4,44044.5
FR,P2,2023-Q1,29214.0
FR,P2,2023-Q2,40954.9
FR,P2,2023-Q3,39818.1
FR,P2,2023-Q4,47561.1
FR,P2,2024-Q1,30633.3
FR,P2,2024-Q2,42437.5
FR,P2,2024-Q3,41481.6
FR,P2,2024-Q4,47856.1
FR,P2,2025-Q1,30690.7
FR,P2,2025-Q2,41588.4
FR,P2,2025-Q3,42449.5
FR,P2,2025-Q4,48767.9
FR,P2,2026-Q1,32412.5
IT,P2,1999-Q1,11513.0
IT,P2,1999-Q2,12849.0
IT,P2,1999-Q3,12132.0
IT,P2,1999-Q4,18750.0
IT,P2,2000-Q1,12212.0
IT,P2,2000-Q2,13148.0
IT,P2,2000-Q3,13701.0
IT,P2,2000-Q4,20146.0
IT,P2,2001-Q1,13766.0
IT,P2,2001-Q2,14635.0
IT,P2,2001-Q3,14112.0
IT,P2,2001-Q4,23456.0
IT,P2,2002-Q1,14082.0
IT,P2,2002-Q2,16861.0
IT,P2,2002-Q3,15491.0
IT,P2,2002-Q4,21247.0
IT,P2,2003-Q1,15155.0
IT,P2,2003-Q2,16059.0
IT,P2,2003-Q3,17204.0
IT,P2,2003-Q4,22662.0
IT,P2,2004-Q1,16541.0
IT,P2,2004-Q2,16971.0
IT,P2,2004-Q3,17626.0
IT,P2,2004-Q4,24030.0
IT,P2,2005-Q1,17909.0
IT,P2,2005-Q2,18145.0
IT,P2,2005-Q3,18793.0
IT,P2,2005-Q4,24890.0
IT,P2,2006-Q1,16920.0
IT,P2,2006-Q2,17791.0
IT,P2,2006-Q3,16628.0
IT,P2,2006-Q4,26998.0
IT,P2,2007-Q1,17771.0
IT,P2,2007-Q2,18566.0
IT,P2,2007-Q3,17867.0
IT,P2,2007-Q4,27497.0
IT,P2,2008-Q1,18547.0
IT,P2,2008-Q2,21383.0
IT,P2,2008-Q3,19076.0
IT,P2,2008-Q4,27375.0
IT,P2,2009-Q1,18618.0
IT,P2,2009-Q2,20074.0
IT,P2,2009-Q3,21398.0
IT,P2,2009-Q4,29118.0
IT,P2,2010-Q1,20058.0
IT,P2,2010-Q2,21646.0
IT,P2,2010-Q3,21445.0
IT,P2,2010-Q4,27632.0
IT,P2,2011-Q1,19340.0
IT,P2,2011-Q2,20187.0
IT,P2,2011-Q3,19376.0
IT,P2,2011-Q4,32001.0
IT,P2,2012-Q1,20527.0
IT,P2,2012-Q2,20374.0
IT,P2,2012-Q3,20735.0
IT,P2,2012-Q4,29902.0
IT,P2,2013-Q1,20435.0
IT,P2,2013-Q2,21321.0
IT,P2,2013-Q3,20529.0
IT,P2,2013-Q4,30423.0
IT,P2,2014-Q1,20021.0
IT,P2,2014-Q2,19973.0
IT,P2,2014-Q3,20819.0
IT,P2,2014-Q4,31054.0
IT,P2,2015-Q1,19617.0
IT,P2,2015-Q2,20680.0
IT,P2,2015-Q3,21264.0
IT,P2,2015-Q4,31705.0
IT,P2,2016-Q1,21816.0
IT,P2,2016-Q2,22077.0
IT,P2,2016-Q3,20994.0
IT,P2,2016-Q4,32013.0
IT,P2,2017-Q1,22180.0
IT,P2,2017-Q2,22356.0
IT,P2,2017-Q3,21394.0
IT,P2,2017-Q4,32836.0
IT,P2,2018-Q1,23160.0
IT,P2,2018-Q2,23265.0
IT,P2,2018-Q3,21536.0
IT,P2,2018-Q4,32559.0
IT,P2,2019-Q1,23254.0
IT,P2,2019-Q2,23527.0
IT,P2,2019-Q3,21790.0
IT,P2,2019-Q4,32479.0
IT,P2,2020-Q1,23329.0
IT,P2,2020-Q2,24077.0
IT,P2,2020-Q3,22317.0
IT,P2,2020-Q4,32628.0
IT,P2,2021-Q1,25653.0
IT,P2,2021-Q2,25518.0
IT,P2,2021-Q3,23985.0
IT,P2,2021-Q4,36278.0
IT,P2,2022-Q1,28395.0
IT,P2,2022-Q2,27400.0
IT,P2,2022-Q3,25911.0
IT,P2,2022-Q4,38240.0
IT,P2,2023-Q1,28267.0
IT,P2,2023-Q2,27460.0
IT,P2,2023-Q3,26088.0
IT,P2,2023-Q4,38350.0
IT,P2,2024-Q1,29603.0
IT,P2,2024-Q2,29211.0
IT,P2,2024-Q3,27712.0
IT,P2,2024-Q4,41749.0
IT,P2,2025-Q1,30911.0
IT,P2,2025-Q2,30635.0
IT,P2,2025-Q3,28903.0
IT,P2,2025-Q4,42507.0
IT,P2,2026-Q1,32183.0
PT,P2,1999-Q1,729.9
PT,P2,1999-Q2,1174.9
PT,P2,1999-Q3,1233.1
PT,P2,1999-Q4,2078.4
PT,P2,2000-Q1,838.1
PT,P2,2000-Q2,1368.9
PT,P2,2000-Q3,1277.8
PT,P2,2000-Q4,2411.0
PT,P2,2001-Q1,924.2
PT,P2,2001-Q2,1433.5
PT,P2,2001-Q3,1375.8
PT,P2,2001-Q4,2447.1
PT,P2,2002-Q1,839.9
PT,P2,2002-Q2,1576.9
PT,P2,2002-Q3,1649.5
PT,P2,2002-Q4,2343.0
PT,P2,2003-Q1,1117.4
PT,P2,2003-Q2,1530.4
PT,P2,2003-Q3,1672.5
PT,P2,2003-Q4,2442.9
PT,P2,2004-Q1,1097.4
PT,P2,2004-Q2,1775.1
PT,P2,2004-Q3,1803.4
PT,P2,2004-Q4,2619.1
PT,P2,2005-Q1,1348.6
PT,P2,2005-Q2,1790.4
PT,P2,2005-Q3,1941.8
PT,P2,2005-Q4,2871.4
PT,P2,2006-Q1,1269.0
PT,P2,2006-Q2,1821.3
PT,P2,2006-Q3,2014.0
PT,P2,2006-Q4,3208.8
PT,P2,2007-Q1,1518.8
PT,P2,2007-Q2,2188.1
PT,P2,2007-Q3,2281.6
PT,P2,2007-Q4,3380.9
PT,P2,2008-Q1,1811.5
PT,P2,2008-Q2,2345.6
PT,P2,2008-Q3,2345.4
PT,P2,2008-Q4,3242.1
PT,P2,2009-Q1,1973.1
PT,P2,2009-Q2,2582.0
PT,P2,2009-Q3,2570.1
PT,P2,2009-Q4,3598.3
PT,P2,2010-Q1,1832.6
PT,P2,2010-Q2,2704.9
PT,P2,2010-Q3,2544.0
PT,P2,2010-Q4,3425.5
PT,P2,2011-Q1,1944.9
PT,P2,2011-Q2,2589.8
PT,P2,2011-Q3,2335.6
PT,P2,2011-Q4,3669.6
PT,P2,2012-Q1,1976.4
PT,P2,2012-Q2,2324.1
PT,P2,2012-Q3,2270.2
PT,P2,2012-Q4,3010.0
PT,P2,2013-Q1,1927.8
PT,P2,2013-Q2,2461.7
PT,P2,2013-Q3,2383.7
PT,P2,2013-Q4,2709.4
PT,P2,2014-Q1,2030.4
PT,P2,2014-Q2,2441.4
PT,P2,2014-Q3,2401.2
PT,P2,2014-Q4,2870.6
PT,P2,2015-Q1,2198.8
PT,P2,2015-Q2,2493.4
PT,P2,2015-Q3,2418.9
PT,P2,2015-Q4,2794.6
PT,P2,2016-Q1,2232.1
PT,P2,2016-Q2,2507.8
PT,P2,2016-Q3,2562.4
PT,P2,2016-Q4,2966.7
PT,P2,2017-Q1,2428.1
PT,P2,2017-Q2,2481.1
PT,P2,2017-Q3,2607.3
PT,P2,2017-Q4,2967.9
PT,P2,2018-Q1,2380.2
PT,P2,2018-Q2,2587.5
PT,P2,2018-Q3,2722.4
PT,P2,2018-Q4,3056.9
PT,P2,2019-Q1,2302.1
PT,P2,2019-Q2,2666.8
PT,P2,2019-Q3,2824.2
PT,P2,2019-Q4,3124.3
PT,P2,2020-Q1,2414.3
PT,P2,2020-Q2,2597.7
PT,P2,2020-Q3,2652.5
PT,P2,2020-Q4,3258.4
PT,P2,2021-Q1,2521.4
PT,P2,2021-Q2,2835.8
PT,P2,2021-Q3,3040.7
PT,P2,2021-Q4,3567.7
PT,P2,2022-Q1,2930.4
PT,P2,2022-Q2,3180.8
PT,P2,2022-Q3,3215.4
PT,P2,2022-Q4,3829.7
PT,P2,2023-Q1,2938.9
PT,P2,2023-Q2,3490.5
PT,P2,2023-Q3,3431.3
PT,P2,2023-Q4,4165.2
PT,P2,2024-Q1,3132.1
PT,P2,2024-Q2,3708.5
PT,P2,2024-Q3,3607.5
PT,P2,2024-Q4,4628.1
PT,P2,2025-Q1,3249.6
PT,P2,2025-Q2,3657.4
PT,P2,2025-Q3,4101.6
PT,P2,2025-Q4,4714.4
PT,P2,2026-Q1,3475.5
BE,P51G,1995-Q1,1175.3
BE,P51G,1995-Q2,1232.8
BE,P51G,1995-Q3,1237.5
BE,P51G,1995-Q4,1243.8
BE,P51G,1996-Q1,1121.0
BE,P51G,1996-Q2,1135.0
BE,P51G,1996-Q3,1159.9
BE,P51G,1996-Q4,1156.4
BE,P51G,1997-Q1,1173.7
BE,P51G,1997-Q2,1161.7
BE,P51G,1997-Q3,1170.9
BE,P51G,1997-Q4,1202.8
BE,P51G,1998-Q1,1132.7
BE,P51G,1998-Q2,1146.7
BE,P51G,1998-Q3,1170.6
BE,P51G,1998-Q4,1306.5
BE,P51G,1999-Q1,1319.5
BE,P51G,1999-Q2,1407.5
BE,P51G,1999-Q3,1448.6
BE,P51G,1999-Q4,1519.9
BE,P51G,2000-Q1,1501.0
BE,P51G,2000-Q2,1530.9
BE,P51G,2000-Q3,1517.6
BE,P51G,2000-Q4,1548.5
BE,P51G,2001-Q1,1504.0
BE,P51G,2001-Q2,1468.3
BE,P51G,2001-Q3,1456.1
BE,P51G,2001-Q4,1178.0
BE,P51G,2002-Q1,1431.2
BE,P51G,2002-Q2,1421.8
BE,P51G,2002-Q3,1451.4
BE,P51G,2002-Q4,1337.5
BE,P51G,2003-Q1,1472.6
BE,P51G,2003-Q2,1495.7
BE,P51G,2003-Q3,1549.0
BE,P51G,2003-Q4,1373.2
BE,P51G,2004-Q1,1614.0
BE,P51G,2004-Q2,1416.8
BE,P51G,2004-Q3,1597.3
BE,P51G,2004-Q4,1347.7
BE,P51G,2005-Q1,1600.5
BE,P51G,2005-Q2,1605.8
BE,P51G,2005-Q3,1613.3
BE,P51G,2005-Q4,1582.0
BE,P51G,2006-Q1,1716.8
BE,P51G,2006-Q2,1707.8
BE,P51G,2006-Q3,1703.3
BE,P51G,2006-Q4,1083.8
BE,P51G,2007-Q1,1750.9
BE,P51G,2007-Q2,1676.3
BE,P51G,2007-Q3,1688.6
BE,P51G,2007-Q4,1701.7
BE,P51G,2008-Q1,1698.5
BE,P51G,2008-Q2,1798.2
BE,P51G,2008-Q3,1768.0
BE,P51G,2008-Q4,1910.5
BE,P51G,2009-Q1,1860.9
BE,P51G,2009-Q2,1966.6
BE,P51G,2009-Q3,1955.4
BE,P51G,2009-Q4,2067.7
BE,P51G,2010-Q1,1974.6
BE,P51G,2010-Q2,2016.0
BE,P51G,2010-Q3,2037.1
BE,P51G,2010-Q4,2113.0
BE,P51G,2011-Q1,2117.9
BE,P51G,2011-Q2,2190.5
BE,P51G,2011-Q3,2286.9
BE,P51G,2011-Q4,2378.2
BE,P51G,2012-Q1,2334.0
BE,P51G,2012-Q2,2355.8
BE,P51G,2012-Q3,2395.5
BE,P51G,2012-Q4,2509.9
BE,P51G,2013-Q1,2252.3
BE,P51G,2013-Q2,2247.9
BE,P51G,2013-Q3,2311.0
BE,P51G,2013-Q4,2363.3
BE,P51G,2014-Q1,2512.7
BE,P51G,2014-Q2,2561.3
BE,P51G,2014-Q3,2570.9
BE,P51G,2014-Q4,2663.0
BE,P51G,2015-Q1,2550.7
BE,P51G,2015-Q2,2533.3
BE,P51G,2015-Q3,2625.9
BE,P51G,2015-Q4,2646.7
BE,P51G,2016-Q1,2495.3
BE,P51G,2016-Q2,2514.8
BE,P51G,2016-Q3,2544.0
BE,P51G,2016-Q4,2895.7
BE,P51G,2017-Q1,2490.9
BE,P51G,2017-Q2,2600.7
BE,P51G,2017-Q3,2686.2
BE,P51G,2017-Q4,3106.5
BE,P51G,2018-Q1,2832.9
BE,P51G,2018-Q2,2946.0
BE,P51G,2018-Q3,3034.0
BE,P51G,2018-Q4,3436.2
BE,P51G,2019-Q1,3055.4
BE,P51G,2019-Q2,3024.9
BE,P51G,2019-Q3,3160.5
BE,P51G,2019-Q4,3396.8
BE,P51G,2020-Q1,3091.5
BE,P51G,2020-Q2,3070.2
BE,P51G,2020-Q3,3104.7
BE,P51G,2020-Q4,3488.6
BE,P51G,2021-Q1,3145.0
BE,P51G,2021-Q2,3212.4
BE,P51G,2021-Q3,3565.8
BE,P51G,2021-Q4,4094.1
BE,P51G,2022-Q1,3340.1
BE,P51G,2022-Q2,3823.8
BE,P51G,2022-Q3,3871.1
BE,P51G,2022-Q4,4295.3
BE,P51G,2023-Q1,3841.3
BE,P51G,2023-Q2,4171.9
BE,P51G,2023-Q3,4294.9
BE,P51G,2023-Q4,4872.3
BE,P51G,2024-Q1,4227.9
BE,P51G,2024-Q2,4646.4
BE,P51G,2024-Q3,4604.2
BE,P51G,2024-Q4,5888.8
BE,P51G,2025-Q1,4791.9
BE,P51G,2025-Q2,4751.5
BE,P51G,2025-Q3,4649.4
BE,P51G,2025-Q4,5753.9
BE,P51G,2026-Q1,4979.9
DE,P51G,2002-Q1,11857.0
DE,P51G,2002-Q2,14709.0
DE,P51G,2002-Q3,15641.0
DE,P51G,2002-Q4,16054.0
DE,P51G,2003-Q1,10443.0
DE,P51G,2003-Q2,14644.0
DE,P51G,2003-Q3,15455.0
DE,P51G,2003-Q4,15802.0
DE,P51G,2004-Q1,9982.0
DE,P51G,2004-Q2,13200.0
DE,P51G,2004-Q3,13967.0
DE,P51G,2004-Q4,14223.0
DE,P51G,2005-Q1,8925.0
DE,P51G,2005-Q2,13300.0
DE,P51G,2005-Q3,14493.0
DE,P51G,2005-Q4,14626.0
DE,P51G,2006-Q1,9460.0
DE,P51G,2006-Q2,14520.0
DE,P51G,2006-Q3,15320.0
DE,P51G,2006-Q4,16758.0
DE,P51G,2007-Q1,10984.0
DE,P51G,2007-Q2,14189.0
DE,P51G,2007-Q3,15349.0
DE,P51G,2007-Q4,16279.0
DE,P51G,2008-Q1,11552.0
DE,P51G,2008-Q2,15683.0
DE,P51G,2008-Q3,16509.0
DE,P51G,2008-Q4,17640.0
DE,P51G,2009-Q1,11740.0
DE,P51G,2009-Q2,16381.0
DE,P51G,2009-Q3,18054.0
DE,P51G,2009-Q4,19521.0
DE,P51G,2010-Q1,12445.0
DE,P51G,2010-Q2,17562.0
DE,P51G,2010-Q3,19001.0
DE,P51G,2010-Q4,19486.0
DE,P51G,2011-Q1,13627.0
DE,P51G,2011-Q2,17723.0
DE,P51G,2011-Q3,19158.0
DE,P51G,2011-Q4,20017.0
DE,P51G,2012-Q1,13399.0
DE,P51G,2012-Q2,16870.0
DE,P51G,2012-Q3,18488.0
DE,P51G,2012-Q4,20280.0
DE,P51G,2013-Q1,11626.0
DE,P51G,2013-Q2,17729.0
DE,P51G,2013-Q3,19311.0
DE,P51G,2013-Q4,21159.0
DE,P51G,2014-Q1,13231.0
DE,P51G,2014-Q2,17491.0
DE,P51G,2014-Q3,18859.0
DE,P51G,2014-Q4,20546.0
DE,P51G,2015-Q1,13144.0
DE,P51G,2015-Q2,17797.0
DE,P51G,2015-Q3,19521.0
DE,P51G,2015-Q4,23178.0
DE,P51G,2016-Q1,14939.0
DE,P51G,2016-Q2,19338.0
DE,P51G,2016-Q3,20647.0
DE,P51G,2016-Q4,23160.0
DE,P51G,2017-Q1,15194.0
DE,P51G,2017-Q2,20930.0
DE,P51G,2017-Q3,22387.0
DE,P51G,2017-Q4,24322.0
DE,P51G,2018-Q1,16821.0
DE,P51G,2018-Q2,22233.0
DE,P51G,2018-Q3,24343.0
DE,P51G,2018-Q4,27485.0
DE,P51G,2019-Q1,17399.0
DE,P51G,2019-Q2,24163.0
DE,P51G,2019-Q3,25972.0
DE,P51G,2019-Q4,28103.0
DE,P51G,2020-Q1,19550.0
DE,P51G,2020-Q2,27288.0
DE,P51G,2020-Q3,27049.0
DE,P51G,2020-Q4,30686.0
DE,P51G,2021-Q1,19629.0
DE,P51G,2021-Q2,26049.0
DE,P51G,2021-Q3,27625.0
DE,P51G,2021-Q4,32378.0
DE,P51G,2022-Q1,21337.0
DE,P51G,2022-Q2,27458.0
DE,P51G,2022-Q3,31084.0
DE,P51G,2022-Q4,34820.0
DE,P51G,2023-Q1,22603.0
DE,P51G,2023-Q2,29460.0
DE,P51G,2023-Q3,32199.0
DE,P51G,2023-Q4,37221.0
DE,P51G,2024-Q1,24706.0
DE,P51G,2024-Q2,32899.0
DE,P51G,2024-Q3,34627.0
DE,P51G,2024-Q4,40060.0
DE,P51G,2025-Q1,27360.0
DE,P51G,2025-Q2,34561.0
DE,P51G,2025-Q3,37273.0
DE,P51G,2025-Q4,48797.0
DE,P51G,2026-Q1,28011.0
ES,P51G,1995-Q1,4835.0
ES,P51G,1995-Q2,5178.3
ES,P51G,1995-Q3,5151.9
ES,P51G,1995-Q4,5508.8
ES,P51G,1996-Q1,4425.7
ES,P51G,1996-Q2,4638.8
ES,P51G,1996-Q3,4737.6
ES,P51G,1996-Q4,5060.0
ES,P51G,1997-Q1,4141.6
ES,P51G,1997-Q2,4723.5
ES,P51G,1997-Q3,5054.0
ES,P51G,1997-Q4,5461.7
ES,P51G,1998-Q1,4587.5
ES,P51G,1998-Q2,5125.5
ES,P51G,1998-Q3,5468.9
ES,P51G,1998-Q4,6162.4
ES,P51G,1999-Q1,5142.0
ES,P51G,1999-Q2,5809.0
ES,P51G,1999-Q3,5824.0
ES,P51G,1999-Q4,6311.0
ES,P51G,2000-Q1,5278.0
ES,P51G,2000-Q2,5708.0
ES,P51G,2000-Q3,6026.0
ES,P51G,2000-Q4,6916.0
ES,P51G,2001-Q1,5879.0
ES,P51G,2001-Q2,6443.0
ES,P51G,2001-Q3,6612.0
ES,P51G,2001-Q4,7602.0
ES,P51G,2002-Q1,6511.0
ES,P51G,2002-Q2,7555.0
ES,P51G,2002-Q3,7782.0
ES,P51G,2002-Q4,8639.0
ES,P51G,2003-Q1,7559.0
ES,P51G,2003-Q2,8391.0
ES,P51G,2003-Q3,8332.0
ES,P51G,2003-Q4,8983.0
ES,P51G,2004-Q1,7464.0
ES,P51G,2004-Q2,8149.0
ES,P51G,2004-Q3,8850.0
ES,P51G,2004-Q4,9941.0
ES,P51G,2005-Q1,8337.0
ES,P51G,2005-Q2,9253.0
ES,P51G,2005-Q3,10305.0
ES,P51G,2005-Q4,11239.0
ES,P51G,2006-Q1,9694.0
ES,P51G,2006-Q2,10738.0
ES,P51G,2006-Q3,11044.0
ES,P51G,2006-Q4,12356.0
ES,P51G,2007-Q1,11451.0
ES,P51G,2007-Q2,12357.0
ES,P51G,2007-Q3,12288.0
ES,P51G,2007-Q4,14322.0
ES,P51G,2008-Q1,11987.0
ES,P51G,2008-Q2,13011.0
ES,P51G,2008-Q3,13072.0
ES,P51G,2008-Q4,13642.0
ES,P51G,2009-Q1,13497.0
ES,P51G,2009-Q2,13951.0
ES,P51G,2009-Q3,13987.0
ES,P51G,2009-Q4,13918.0
ES,P51G,2010-Q1,13589.0
ES,P51G,2010-Q2,12852.0
ES,P51G,2010-Q3,12651.0
ES,P51G,2010-Q4,11867.0
ES,P51G,2011-Q1,10827.0
ES,P51G,2011-Q2,10245.0
ES,P51G,2011-Q3,10111.0
ES,P51G,2011-Q4,8818.0
ES,P51G,2012-Q1,7697.0
ES,P51G,2012-Q2,7313.0
ES,P51G,2012-Q3,6412.0
ES,P51G,2012-Q4,11127.0
ES,P51G,2013-Q1,7560.0
ES,P51G,2013-Q2,5835.0
ES,P51G,2013-Q3,5567.0
ES,P51G,2013-Q4,5689.0
ES,P51G,2014-Q1,5517.0
ES,P51G,2014-Q2,5372.0
ES,P51G,2014-Q3,5013.0
ES,P51G,2014-Q4,6177.0
ES,P51G,2015-Q1,6098.0
ES,P51G,2015-Q2,6471.0
ES,P51G,2015-Q3,8017.0
ES,P51G,2015-Q4,7416.0
ES,P51G,2016-Q1,5469.0
ES,P51G,2016-Q2,5679.0
ES,P51G,2016-Q3,5342.0
ES,P51G,2016-Q4,5709.0
ES,P51G,2017-Q1,5415.0
ES,P51G,2017-Q2,5874.0
ES,P51G,2017-Q3,5758.0
ES,P51G,2017-Q4,6071.0
ES,P51G,2018-Q1,6218.0
ES,P51G,2018-Q2,6625.0
ES,P51G,2018-Q3,5977.0
ES,P51G,2018-Q4,7069.0
ES,P51G,2019-Q1,6903.0
ES,P51G,2019-Q2,6748.0
ES,P51G,2019-Q3,6635.0
ES,P51G,2019-Q4,6920.0
ES,P51G,2020-Q1,8435.0
ES,P51G,2020-Q2,7011.0
ES,P51G,2020-Q3,6888.0
ES,P51G,2020-Q4,7360.0
ES,P51G,2021-Q1,6847.0
ES,P51G,2021-Q2,7653.0
ES,P51G,2021-Q3,9529.0
ES,P51G,2021-Q4,9562.0
ES,P51G,2022-Q1,8754.0
ES,P51G,2022-Q2,9860.0
ES,P51G,2022-Q3,9033.0
ES,P51G,2022-Q4,9703.0
ES,P51G,2023-Q1,10386.0
ES,P51G,2023-Q2,11042.0
ES,P51G,2023-Q3,10989.0
ES,P51G,2023-Q4,12279.0
ES,P51G,2024-Q1,11414.0
ES,P51G,2024-Q2,10025.0
ES,P51G,2024-Q3,10675.0
ES,P51G,2024-Q4,11371.0
ES,P51G,2025-Q1,11649.0
ES,P51G,2025-Q2,12386.0
ES,P51G,2025-Q3,12412.0
ES,P51G,2025-Q4,13185.0
ES,P51G,2026-Q1,12693.0
FR,P51G,1995-Q1,13781.9
FR,P51G,1995-Q2,14277.8
FR,P51G,1995-Q3,14084.8
FR,P51G,1995-Q4,14431.7
FR,P51G,1996-Q1,14130.2
FR,P51G,1996-Q2,14754.6
FR,P51G,1996-Q3,14445.4
FR,P51G,1996-Q4,14275.6
FR,P51G,1997-Q1,13381.8
FR,P51G,1997-Q2,13584.4
FR,P51G,1997-Q3,13193.3
FR,P51G,1997-Q4,13524.8
FR,P51G,1998-Q1,13129.2
FR,P51G,1998-Q2,13615.6
FR,P51G,1998-Q3,13607.6
FR,P51G,1998-Q4,13952.4
FR,P51G,1999-Q1,13605.8
FR,P51G,1999-Q2,14313.0
FR,P51G,1999-Q3,14581.2
FR,P51G,1999-Q4,15067.2
FR,P51G,2000-Q1,14783.3
FR,P51G,2000-Q2,15197.5
FR,P51G,2000-Q3,16200.4
FR,P51G,2000-Q4,16897.1
FR,P51G,2001-Q1,15507.5
FR,P51G,2001-Q2,15445.9
FR,P51G,2001-Q3,16321.0
FR,P51G,2001-Q4,16941.9
FR,P51G,2002-Q1,15210.8
FR,P51G,2002-Q2,15483.2
FR,P51G,2002-Q3,16509.9
FR,P51G,2002-Q4,17484.0
FR,P51G,2003-Q1,16277.6
FR,P51G,2003-Q2,16551.9
FR,P51G,2003-Q3,17743.9
FR,P51G,2003-Q4,18588.9
FR,P51G,2004-Q1,17285.0
FR,P51G,2004-Q2,17652.8
FR,P51G,2004-Q3,18707.1
FR,P51G,2004-Q4,19971.2
FR,P51G,2005-Q1,18376.6
FR,P51G,2005-Q2,18924.9
FR,P51G,2005-Q3,20130.6
FR,P51G,2005-Q4,20952.9
FR,P51G,2006-Q1,19147.6
FR,P51G,2006-Q2,19463.3
FR,P51G,2006-Q3,20467.7
FR,P51G,2006-Q4,21798.9
FR,P51G,2007-Q1,20053.5
FR,P51G,2007-Q2,20262.9
FR,P51G,2007-Q3,21556.0
FR,P51G,2007-Q4,22947.5
FR,P51G,2008-Q1,20906.7
FR,P51G,2008-Q2,21261.4
FR,P51G,2008-Q3,22424.4
FR,P51G,2008-Q4,23816.8
FR,P51G,2009-Q1,21862.8
FR,P51G,2009-Q2,22425.7
FR,P51G,2009-Q3,23699.3
FR,P51G,2009-Q4,25442.4
FR,P51G,2010-Q1,22907.9
FR,P51G,2010-Q2,23366.7
FR,P51G,2010-Q3,24215.1
FR,P51G,2010-Q4,25267.7
FR,P51G,2011-Q1,22200.9
FR,P51G,2011-Q2,22492.8
FR,P51G,2011-Q3,23076.3
FR,P51G,2011-Q4,24873.7
FR,P51G,2012-Q1,22541.1
FR,P51G,2012-Q2,22936.3
FR,P51G,2012-Q3,23936.9
FR,P51G,2012-Q4,25688.6
FR,P51G,2013-Q1,23316.8
FR,P51G,2013-Q2,23710.7
FR,P51G,2013-Q3,24267.6
FR,P51G,2013-Q4,25700.1
FR,P51G,2014-Q1,22642.8
FR,P51G,2014-Q2,22486.6
FR,P51G,2014-Q3,22765.9
FR,P51G,2014-Q4,23877.9
FR,P51G,2015-Q1,20919.9
FR,P51G,2015-Q2,20976.9
FR,P51G,2015-Q3,21389.4
FR,P51G,2015-Q4,23481.5
FR,P51G,2016-Q1,20784.8
FR,P51G,2016-Q2,21401.9
FR,P51G,2016-Q3,21619.6
FR,P51G,2016-Q4,23718.0
FR,P51G,2017-Q1,21196.7
FR,P51G,2017-Q2,21377.5
FR,P51G,2017-Q3,21708.1
FR,P51G,2017-Q4,23875.9
FR,P51G,2018-Q1,21219.7
FR,P51G,2018-Q2,22005.1
FR,P51G,2018-Q3,22970.5
FR,P51G,2018-Q4,25986.8
FR,P51G,2019-Q1,23423.8
FR,P51G,2019-Q2,24631.8
FR,P51G,2019-Q3,25487.7
FR,P51G,2019-Q4,27526.0
FR,P51G,2020-Q1,23276.3
FR,P51G,2020-Q2,21685.3
FR,P51G,2020-Q3,24270.5
FR,P51G,2020-Q4,27032.9
FR,P51G,2021-Q1,23697.6
FR,P51G,2021-Q2,24839.4
FR,P51G,2021-Q3,25568.3
FR,P51G,2021-Q4,28053.9
FR,P51G,2022-Q1,25108.4
FR,P51G,2022-Q2,26621.5
FR,P51G,2022-Q3,27804.5
FR,P51G,2022-Q4,30681.1
FR,P51G,2023-Q1,27644.4
FR,P51G,2023-Q2,29209.1
FR,P51G,2023-Q3,30030.4
FR,P51G,2023-Q4,32915.2
FR,P51G,2024-Q1,29588.2
FR,P51G,2024-Q2,31287.4
FR,P51G,2024-Q3,32218.1
FR,P51G,2024-Q4,34436.1
FR,P51G,2025-Q1,30916.0
FR,P51G,2025-Q2,32254.4
FR,P51G,2025-Q3,33082.3
FR,P51G,2025-Q4,35946.3
FR,P51G,2026-Q1,31786.8
IT,P51G,1999-Q1,7385.1
IT,P51G,1999-Q2,8937.5
IT,P51G,1999-Q3,8613.4
IT,P51G,1999-Q4,8590.0
IT,P51G,2000-Q1,8167.6
IT,P51G,2000-Q2,9112.3
IT,P51G,2000-Q3,8557.0
IT,P51G,2000-Q4,8768.0
IT,P51G,2001-Q1,8992.5
IT,P51G,2001-Q2,9885.4
IT,P51G,2001-Q3,9706.8
IT,P51G,2001-Q4,10095.3
IT,P51G,2002-Q1,9266.8
IT,P51G,2002-Q2,10466.7
IT,P51G,2002-Q3,10332.9
IT,P51G,2002-Q4,3035.7
IT,P51G,2003-Q1,9447.5
IT,P51G,2003-Q2,11465.9
IT,P51G,2003-Q3,10810.7
IT,P51G,2003-Q4,10669.9
IT,P51G,2004-Q1,10922.9
IT,P51G,2004-Q2,12642.5
IT,P51G,2004-Q3,11835.3
IT,P51G,2004-Q4,9972.3
IT,P51G,2005-Q1,11390.3
IT,P51G,2005-Q2,13117.1
IT,P51G,2005-Q3,12114.2
IT,P51G,2005-Q4,10501.5
IT,P51G,2006-Q1,12440.7
IT,P51G,2006-Q2,12759.4
IT,P51G,2006-Q3,11773.2
IT,P51G,2006-Q4,11873.6
IT,P51G,2007-Q1,12265.9
IT,P51G,2007-Q2,13270.8
IT,P51G,2007-Q3,12214.6
IT,P51G,2007-Q4,13000.7
IT,P51G,2008-Q1,11514.9
IT,P51G,2008-Q2,13950.4
IT,P51G,2008-Q3,12382.0
IT,P51G,2008-Q4,13646.7
IT,P51G,2009-Q1,13489.9
IT,P51G,2009-Q2,15611.1
IT,P51G,2009-Q3,13037.3
IT,P51G,2009-Q4,15212.8
IT,P51G,2010-Q1,12411.1
IT,P51G,2010-Q2,12905.3
IT,P51G,2010-Q3,12276.5
IT,P51G,2010-Q4,11832.2
IT,P51G,2011-Q1,11553.1
IT,P51G,2011-Q2,12828.6
IT,P51G,2011-Q3,10415.2
IT,P51G,2011-Q4,12619.1
IT,P51G,2012-Q1,10457.7
IT,P51G,2012-Q2,10309.2
IT,P51G,2012-Q3,9711.3
IT,P51G,2012-Q4,12380.8
IT,P51G,2013-Q1,9418.3
IT,P51G,2013-Q2,10654.9
IT,P51G,2013-Q3,10141.9
IT,P51G,2013-Q4,10151.9
IT,P51G,2014-Q1,9010.1
IT,P51G,2014-Q2,9247.2
IT,P51G,2014-Q3,8838.9
IT,P51G,2014-Q4,10520.8
IT,P51G,2015-Q1,9289.2
IT,P51G,2015-Q2,10301.0
IT,P51G,2015-Q3,9313.9
IT,P51G,2015-Q4,11263.9
IT,P51G,2016-Q1,9093.1
IT,P51G,2016-Q2,9574.5
IT,P51G,2016-Q3,9426.0
IT,P51G,2016-Q4,10488.5
IT,P51G,2017-Q1,8688.5
IT,P51G,2017-Q2,9232.8
IT,P51G,2017-Q3,10068.5
IT,P51G,2017-Q4,9921.2
IT,P51G,2018-Q1,8655.1
IT,P51G,2018-Q2,10425.9
IT,P51G,2018-Q3,9179.7
IT,P51G,2018-Q4,9562.3
IT,P51G,2019-Q1,9307.3
IT,P51G,2019-Q2,11587.6
IT,P51G,2019-Q3,10207.3
IT,P51G,2019-Q4,10762.9
IT,P51G,2020-Q1,9637.4
IT,P51G,2020-Q2,10394.6
IT,P51G,2020-Q3,11846.9
IT,P51G,2020-Q4,12006.1
IT,P51G,2021-Q1,11718.4
IT,P51G,2021-Q2,12471.8
IT,P51G,2021-Q3,13362.1
IT,P51G,2021-Q4,14849.7
IT,P51G,2022-Q1,12236.6
IT,P51G,2022-Q2,12138.8
IT,P51G,2022-Q3,12169.7
IT,P51G,2022-Q4,16244.0
IT,P51G,2023-Q1,15114.2
IT,P51G,2023-Q2,16333.5
IT,P51G,2023-Q3,15156.9
IT,P51G,2023-Q4,20977.4
IT,P51G,2024-Q1,18368.2
IT,P51G,2024-Q2,20540.2
IT,P51G,2024-Q3,17459.7
IT,P51G,2024-Q4,22739.9
IT,P51G,2025-Q1,20530.0
IT,P51G,2025-Q2,22218.2
IT,P51G,2025-Q3,19945.9
IT,P51G,2025-Q4,24021.9
IT,P51G,2026-Q1,21880.7
PT,P51G,1999-Q1,904.6
PT,P51G,1999-Q2,1361.6
PT,P51G,1999-Q3,1293.7
PT,P51G,1999-Q4,2343.9
PT,P51G,2000-Q1,1418.0
PT,P51G,2000-Q2,863.4
PT,P51G,2000-Q3,1372.1
PT,P51G,2000-Q4,2263.2
PT,P51G,2001-Q1,789.0
PT,P51G,2001-Q2,1489.6
PT,P51G,2001-Q3,1548.4
PT,P51G,2001-Q4,3006.8
PT,P51G,2002-Q1,1330.3
PT,P51G,2002-Q2,1546.1
PT,P51G,2002-Q3,2543.9
PT,P51G,2002-Q4,1148.3
PT,P51G,2003-Q1,1250.9
PT,P51G,2003-Q2,1302.3
PT,P51G,2003-Q3,1453.9
PT,P51G,2003-Q4,2385.4
PT,P51G,2004-Q1,1234.9
PT,P51G,2004-Q2,1525.7
PT,P51G,2004-Q3,1221.6
PT,P51G,2004-Q4,2772.8
PT,P51G,2005-Q1,1197.8
PT,P51G,2005-Q2,1620.3
PT,P51G,2005-Q3,1703.4
PT,P51G,2005-Q4,1946.5
PT,P51G,2006-Q1,1065.5
PT,P51G,2006-Q2,1380.9
PT,P51G,2006-Q3,1262.2
PT,P51G,2006-Q4,1871.0
PT,P51G,2007-Q1,938.7
PT,P51G,2007-Q2,1118.9
PT,P51G,2007-Q3,1471.5
PT,P51G,2007-Q4,2115.5
PT,P51G,2008-Q1,1122.9
PT,P51G,2008-Q2,1377.5
PT,P51G,2008-Q3,1740.9
PT,P51G,2008-Q4,2409.5
PT,P51G,2009-Q1,1449.9
PT,P51G,2009-Q2,1646.1
PT,P51G,2009-Q3,1789.6
PT,P51G,2009-Q4,2319.9
PT,P51G,2010-Q1,1204.6
PT,P51G,2010-Q2,2093.6
PT,P51G,2010-Q3,1731.3
PT,P51G,2010-Q4,4449.2
PT,P51G,2011-Q1,1158.5
PT,P51G,2011-Q2,1705.6
PT,P51G,2011-Q3,1258.8
PT,P51G,2011-Q4,2016.9
PT,P51G,2012-Q1,921.8
PT,P51G,2012-Q2,991.6
PT,P51G,2012-Q3,937.9
PT,P51G,2012-Q4,1307.3
PT,P51G,2013-Q1,704.0
PT,P51G,2013-Q2,865.6
PT,P51G,2013-Q3,958.8
PT,P51G,2013-Q4,1192.7
PT,P51G,2014-Q1,723.1
PT,P51G,2014-Q2,585.1
PT,P51G,2014-Q3,867.3
PT,P51G,2014-Q4,1273.8
PT,P51G,2015-Q1,816.8
PT,P51G,2015-Q2,826.6
PT,P51G,2015-Q3,843.4
PT,P51G,2015-Q4,1555.9
PT,P51G,2016-Q1,576.0
PT,P51G,2016-Q2,733.1
PT,P51G,2016-Q3,705.1
PT,P51G,2016-Q4,875.8
PT,P51G,2017-Q1,615.4
PT,P51G,2017-Q2,730.8
PT,P51G,2017-Q3,882.2
PT,P51G,2017-Q4,1269.0
PT,P51G,2018-Q1,658.2
PT,P51G,2018-Q2,832.2
PT,P51G,2018-Q3,954.6
PT,P51G,2018-Q4,1352.2
PT,P51G,2019-Q1,694.9
PT,P51G,2019-Q2,870.6
PT,P51G,2019-Q3,1006.9
PT,P51G,2019-Q4,1389.6
PT,P51G,2020-Q1,758.3
PT,P51G,2020-Q2,879.3
PT,P51G,2020-Q3,1157.0
PT,P51G,2020-Q4,1850.8
PT,P51G,2021-Q1,919.7
PT,P51G,2021-Q2,1219.8
PT,P51G,2021-Q3,1352.3
PT,P51G,2021-Q4,2097.6
PT,P51G,2022-Q1,933.9
PT,P51G,2022-Q2,1279.3
PT,P51G,2022-Q3,1439.7
PT,P51G,2022-Q4,2153.6
PT,P51G,2023-Q1,1003.7
PT,P51G,2023-Q2,1523.5
PT,P51G,2023-Q3,1660.2
PT,P51G,2023-Q4,2752.8
PT,P51G,2024-Q1,1018.4
PT,P51G,2024-Q2,1596.0
PT,P51G,2024-Q3,2069.9
PT,P51G,2024-Q4,3196.5
PT,P51G,2025-Q1,1255.5
PT,P51G,2025-Q2,1863.1
PT,P51G,2025-Q3,2387.9
PT,P51G,2025-Q4,3660.5
PT,P51G,2026-Q1,1586.1
BE,D1PAY,1995-Q1,6345.3
BE,D1PAY,1995-Q2,6544.3
BE,D1PAY,1995-Q3,6018.5
BE,D1PAY,1995-Q4,6659.7
BE,D1PAY,1996-Q1,6519.0
BE,D1PAY,1996-Q2,6594.6
BE,D1PAY,1996-Q3,6178.8
BE,D1PAY,1996-Q4,6327.6
BE,D1PAY,1997-Q1,6784.7
BE,D1PAY,1997-Q2,6489.2
BE,D1PAY,1997-Q3,6013.4
BE,D1PAY,1997-Q4,6394.0
BE,D1PAY,1998-Q1,6919.6
BE,D1PAY,1998-Q2,6663.1
BE,D1PAY,1998-Q3,6236.9
BE,D1PAY,1998-Q4,6563.6
BE,D1PAY,1999-Q1,7179.7
BE,D1PAY,1999-Q2,6936.3
BE,D1PAY,1999-Q3,6536.0
BE,D1PAY,1999-Q4,7120.9
BE,D1PAY,2000-Q1,7322.4
BE,D1PAY,2000-Q2,7244.1
BE,D1PAY,2000-Q3,6715.9
BE,D1PAY,2000-Q4,7535.8
BE,D1PAY,2001-Q1,7345.3
BE,D1PAY,2001-Q2,7537.2
BE,D1PAY,2001-Q3,7166.0
BE,D1PAY,2001-Q4,8056.4
BE,D1PAY,2002-Q1,8028.3
BE,D1PAY,2002-Q2,8289.5
BE,D1PAY,2002-Q3,7561.7
BE,D1PAY,2002-Q4,8441.3
BE,D1PAY,2003-Q1,8264.7
BE,D1PAY,2003-Q2,8405.8
BE,D1PAY,2003-Q3,7998.4
BE,D1PAY,2003-Q4,8983.7
BE,D1PAY,2004-Q1,8591.2
BE,D1PAY,2004-Q2,8749.1
BE,D1PAY,2004-Q3,8102.6
BE,D1PAY,2004-Q4,9219.4
BE,D1PAY,2005-Q1,8971.3
BE,D1PAY,2005-Q2,9156.0
BE,D1PAY,2005-Q3,8594.0
BE,D1PAY,2005-Q4,9748.7
BE,D1PAY,2006-Q1,9335.2
BE,D1PAY,2006-Q2,9649.3
BE,D1PAY,2006-Q3,8934.7
BE,D1PAY,2006-Q4,10123.4
BE,D1PAY,2007-Q1,9787.9
BE,D1PAY,2007-Q2,10099.8
BE,D1PAY,2007-Q3,9308.4
BE,D1PAY,2007-Q4,10471.9
BE,D1PAY,2008-Q1,10134.4
BE,D1PAY,2008-Q2,10540.4
BE,D1PAY,2008-Q3,9914.6
BE,D1PAY,2008-Q4,11352.1
BE,D1PAY,2009-Q1,10829.9
BE,D1PAY,2009-Q2,11100.9
BE,D1PAY,2009-Q3,10325.4
BE,D1PAY,2009-Q4,11709.4
BE,D1PAY,2010-Q1,11178.7
BE,D1PAY,2010-Q2,11383.1
BE,D1PAY,2010-Q3,10594.5
BE,D1PAY,2010-Q4,12145.9
BE,D1PAY,2011-Q1,11558.9
BE,D1PAY,2011-Q2,11814.9
BE,D1PAY,2011-Q3,11181.4
BE,D1PAY,2011-Q4,12602.8
BE,D1PAY,2012-Q1,11929.2
BE,D1PAY,2012-Q2,12484.6
BE,D1PAY,2012-Q3,11582.0
BE,D1PAY,2012-Q4,13151.1
BE,D1PAY,2013-Q1,12442.8
BE,D1PAY,2013-Q2,12825.8
BE,D1PAY,2013-Q3,11959.9
BE,D1PAY,2013-Q4,13458.0
BE,D1PAY,2014-Q1,12862.7
BE,D1PAY,2014-Q2,13223.8
BE,D1PAY,2014-Q3,12227.5
BE,D1PAY,2014-Q4,13859.8
BE,D1PAY,2015-Q1,12803.0
BE,D1PAY,2015-Q2,13517.3
BE,D1PAY,2015-Q3,12124.4
BE,D1PAY,2015-Q4,13891.0
BE,D1PAY,2016-Q1,13029.0
BE,D1PAY,2016-Q2,13680.5
BE,D1PAY,2016-Q3,12595.0
BE,D1PAY,2016-Q4,14392.3
BE,D1PAY,2017-Q1,13442.7
BE,D1PAY,2017-Q2,14128.4
BE,D1PAY,2017-Q3,12935.2
BE,D1PAY,2017-Q4,14842.7
BE,D1PAY,2018-Q1,13836.1
BE,D1PAY,2018-Q2,14593.2
BE,D1PAY,2018-Q3,13119.1
BE,D1PAY,2018-Q4,15370.0
BE,D1PAY,2019-Q1,14238.6
BE,D1PAY,2019-Q2,15201.5
BE,D1PAY,2019-Q3,13609.8
BE,D1PAY,2019-Q4,15713.6
BE,D1PAY,2020-Q1,14564.0
BE,D1PAY,2020-Q2,15642.1
BE,D1PAY,2020-Q3,14036.7
BE,D1PAY,2020-Q4,16327.3
BE,D1PAY,2021-Q1,15515.2
BE,D1PAY,2021-Q2,16173.1
BE,D1PAY,2021-Q3,14362.3
BE,D1PAY,2021-Q4,16791.2
BE,D1PAY,2022-Q1,16010.3
BE,D1PAY,2022-Q2,17637.8
BE,D1PAY,2022-Q3,15935.3
BE,D1PAY,2022-Q4,18614.7
BE,D1PAY,2023-Q1,17995.2
BE,D1PAY,2023-Q2,19149.2
BE,D1PAY,2023-Q3,17000.3
BE,D1PAY,2023-Q4,19658.1
BE,D1PAY,2024-Q1,18735.5
BE,D1PAY,2024-Q2,20018.6
BE,D1PAY,2024-Q3,17949.9
BE,D1PAY,2024-Q4,20665.4
BE,D1PAY,2025-Q1,19463.6
BE,D1PAY,2025-Q2,20912.0
BE,D1PAY,2025-Q3,18545.2
BE,D1PAY,2025-Q4,21305.4
BE,D1PAY,2026-Q1,19993.4
DE,D1PAY,2002-Q1,44522.0
DE,D1PAY,2002-Q2,44216.0
DE,D1PAY,2002-Q3,46085.0
DE,D1PAY,2002-Q4,55127.0
DE,D1PAY,2003-Q1,45033.0
DE,D1PAY,2003-Q2,44497.0
DE,D1PAY,2003-Q3,47769.0
DE,D1PAY,2003-Q4,54513.0
DE,D1PAY,2004-Q1,45416.0
DE,D1PAY,2004-Q2,45446.0
DE,D1PAY,2004-Q3,46685.0
DE,D1PAY,2004-Q4,54033.0
DE,D1PAY,2005-Q1,45532.0
DE,D1PAY,2005-Q2,45436.0
DE,D1PAY,2005-Q3,46584.0
DE,D1PAY,2005-Q4,53880.0
DE,D1PAY,2006-Q1,45994.0
DE,D1PAY,2006-Q2,45890.0
DE,D1PAY,2006-Q3,46525.0
DE,D1PAY,2006-Q4,53845.0
DE,D1PAY,2007-Q1,46231.0
DE,D1PAY,2007-Q2,46108.0
DE,D1PAY,2007-Q3,46714.0
DE,D1PAY,2007-Q4,54031.0
DE,D1PAY,2008-Q1,47204.0
DE,D1PAY,2008-Q2,47535.0
DE,D1PAY,2008-Q3,47718.0
DE,D1PAY,2008-Q4,55645.0
DE,D1PAY,2009-Q1,49648.0
DE,D1PAY,2009-Q2,49687.0
DE,D1PAY,2009-Q3,50377.0
DE,D1PAY,2009-Q4,57520.0
DE,D1PAY,2010-Q1,51795.0
DE,D1PAY,2010-Q2,51185.0
DE,D1PAY,2010-Q3,51333.0
DE,D1PAY,2010-Q4,58596.0
DE,D1PAY,2011-Q1,53053.0
DE,D1PAY,2011-Q2,52731.0
DE,D1PAY,2011-Q3,52524.0
DE,D1PAY,2011-Q4,60032.0
DE,D1PAY,2012-Q1,53357.0
DE,D1PAY,2012-Q2,53532.0
DE,D1PAY,2012-Q3,53696.0
DE,D1PAY,2012-Q4,61825.0
DE,D1PAY,2013-Q1,54671.0
DE,D1PAY,2013-Q2,54998.0
DE,D1PAY,2013-Q3,55163.0
DE,D1PAY,2013-Q4,63660.0
DE,D1PAY,2014-Q1,56635.0
DE,D1PAY,2014-Q2,56758.0
DE,D1PAY,2014-Q3,56815.0
DE,D1PAY,2014-Q4,65608.0
DE,D1PAY,2015-Q1,57940.0
DE,D1PAY,2015-Q2,58243.0
DE,D1PAY,2015-Q3,58332.0
DE,D1PAY,2015-Q4,67277.0
DE,D1PAY,2016-Q1,60002.0
DE,D1PAY,2016-Q2,59977.0
DE,D1PAY,2016-Q3,60119.0
DE,D1PAY,2016-Q4,69774.0
DE,D1PAY,2017-Q1,61951.0
DE,D1PAY,2017-Q2,62600.0
DE,D1PAY,2017-Q3,62640.0
DE,D1PAY,2017-Q4,73185.0
DE,D1PAY,2018-Q1,65077.0
DE,D1PAY,2018-Q2,64788.0
DE,D1PAY,2018-Q3,65095.0
DE,D1PAY,2018-Q4,75756.0
DE,D1PAY,2019-Q1,68541.0
DE,D1PAY,2019-Q2,68415.0
DE,D1PAY,2019-Q3,68646.0
DE,D1PAY,2019-Q4,79498.0
DE,D1PAY,2020-Q1,71539.0
DE,D1PAY,2020-Q2,71217.0
DE,D1PAY,2020-Q3,71222.0
DE,D1PAY,2020-Q4,82767.0
DE,D1PAY,2021-Q1,73938.0
DE,D1PAY,2021-Q2,74059.0
DE,D1PAY,2021-Q3,73866.0
DE,D1PAY,2021-Q4,85383.0
DE,D1PAY,2022-Q1,78910.0
DE,D1PAY,2022-Q2,76731.0
DE,D1PAY,2022-Q3,76046.0
DE,D1PAY,2022-Q4,89568.0
DE,D1PAY,2023-Q1,80285.0
DE,D1PAY,2023-Q2,81905.0
DE,D1PAY,2023-Q3,81389.0
DE,D1PAY,2023-Q4,96922.0
DE,D1PAY,2024-Q1,85364.0
DE,D1PAY,2024-Q2,86084.0
DE,D1PAY,2024-Q3,86045.0
DE,D1PAY,2024-Q4,99824.0
DE,D1PAY,2025-Q1,91634.0
DE,D1PAY,2025-Q2,93003.0
DE,D1PAY,2025-Q3,91724.0
DE,D1PAY,2025-Q4,106961.0
DE,D1PAY,2026-Q1,95132.0
ES,D1PAY,1995-Q1,11353.7
ES,D1PAY,1995-Q2,13710.0
ES,D1PAY,1995-Q3,11787.4
ES,D1PAY,1995-Q4,14565.7
ES,D1PAY,1996-Q1,12422.3
ES,D1PAY,1996-Q2,14886.2
ES,D1PAY,1996-Q3,12570.3
ES,D1PAY,1996-Q4,15058.1
ES,D1PAY,1997-Q1,12370.3
ES,D1PAY,1997-Q2,14843.2
ES,D1PAY,1997-Q3,12524.2
ES,D1PAY,1997-Q4,15284.7
ES,D1PAY,1998-Q1,12817.3
ES,D1PAY,1998-Q2,15231.6
ES,D1PAY,1998-Q3,12992.5
ES,D1PAY,1998-Q4,16348.7
ES,D1PAY,1999-Q1,13871.0
ES,D1PAY,1999-Q2,16513.0
ES,D1PAY,1999-Q3,13783.0
ES,D1PAY,1999-Q4,16859.0
ES,D1PAY,2000-Q1,14413.0
ES,D1PAY,2000-Q2,17183.0
ES,D1PAY,2000-Q3,15048.0
ES,D1PAY,2000-Q4,18351.0
ES,D1PAY,2001-Q1,15283.0
ES,D1PAY,2001-Q2,18364.0
ES,D1PAY,2001-Q3,15784.0
ES,D1PAY,2001-Q4,19580.0
ES,D1PAY,2002-Q1,16088.0
ES,D1PAY,2002-Q2,19458.0
ES,D1PAY,2002-Q3,16922.0
ES,D1PAY,2002-Q4,20554.0
ES,D1PAY,2003-Q1,17647.0
ES,D1PAY,2003-Q2,20996.0
ES,D1PAY,2003-Q3,18094.0
ES,D1PAY,2003-Q4,22031.0
ES,D1PAY,2004-Q1,18795.0
ES,D1PAY,2004-Q2,22378.0
ES,D1PAY,2004-Q3,19595.0
ES,D1PAY,2004-Q4,23704.0
ES,D1PAY,2005-Q1,19870.0
ES,D1PAY,2005-Q2,24421.0
ES,D1PAY,2005-Q3,20755.0
ES,D1PAY,2005-Q4,25652.0
ES,D1PAY,2006-Q1,21344.0
ES,D1PAY,2006-Q2,26383.0
ES,D1PAY,2006-Q3,22283.0
ES,D1PAY,2006-Q4,28004.0
ES,D1PAY,2007-Q1,23145.0
ES,D1PAY,2007-Q2,28868.0
ES,D1PAY,2007-Q3,24373.0
ES,D1PAY,2007-Q4,30975.0
ES,D1PAY,2008-Q1,25494.0
ES,D1PAY,2008-Q2,32110.0
ES,D1PAY,2008-Q3,26635.0
ES,D1PAY,2008-Q4,33780.0
ES,D1PAY,2009-Q1,26979.0
ES,D1PAY,2009-Q2,34470.0
ES,D1PAY,2009-Q3,28410.0
ES,D1PAY,2009-Q4,35524.0
ES,D1PAY,2010-Q1,27429.0
ES,D1PAY,2010-Q2,34887.0
ES,D1PAY,2010-Q3,28028.0
ES,D1PAY,2010-Q4,34238.0
ES,D1PAY,2011-Q1,26947.0
ES,D1PAY,2011-Q2,33809.0
ES,D1PAY,2011-Q3,27624.0
ES,D1PAY,2011-Q4,33914.0
ES,D1PAY,2012-Q1,26560.0
ES,D1PAY,2012-Q2,32494.0
ES,D1PAY,2012-Q3,26529.0
ES,D1PAY,2012-Q4,28047.0
ES,D1PAY,2013-Q1,25850.0
ES,D1PAY,2013-Q2,30860.0
ES,D1PAY,2013-Q3,26105.0
ES,D1PAY,2013-Q4,31633.0
ES,D1PAY,2014-Q1,25868.0
ES,D1PAY,2014-Q2,30825.0
ES,D1PAY,2014-Q3,26474.0
ES,D1PAY,2014-Q4,31839.0
ES,D1PAY,2015-Q1,26905.0
ES,D1PAY,2015-Q2,31841.0
ES,D1PAY,2015-Q3,26942.0
ES,D1PAY,2015-Q4,33569.0
ES,D1PAY,2016-Q1,27001.0
ES,D1PAY,2016-Q2,33014.0
ES,D1PAY,2016-Q3,27692.0
ES,D1PAY,2016-Q4,33839.0
ES,D1PAY,2017-Q1,27519.0
ES,D1PAY,2017-Q2,32798.0
ES,D1PAY,2017-Q3,28486.0
ES,D1PAY,2017-Q4,34698.0
ES,D1PAY,2018-Q1,28015.0
ES,D1PAY,2018-Q2,33603.0
ES,D1PAY,2018-Q3,29715.0
ES,D1PAY,2018-Q4,36335.0
ES,D1PAY,2019-Q1,29740.0
ES,D1PAY,2019-Q2,36045.0
ES,D1PAY,2019-Q3,30954.0
ES,D1PAY,2019-Q4,38030.0
ES,D1PAY,2020-Q1,30907.0
ES,D1PAY,2020-Q2,37206.0
ES,D1PAY,2020-Q3,32416.0
ES,D1PAY,2020-Q4,40123.0
ES,D1PAY,2021-Q1,32879.0
ES,D1PAY,2021-Q2,39830.0
ES,D1PAY,2021-Q3,34016.0
ES,D1PAY,2021-Q4,41369.0
ES,D1PAY,2022-Q1,34109.0
ES,D1PAY,2022-Q2,40694.0
ES,D1PAY,2022-Q3,35321.0
ES,D1PAY,2022-Q4,44335.0
ES,D1PAY,2023-Q1,36292.0
ES,D1PAY,2023-Q2,43821.0
ES,D1PAY,2023-Q3,37773.0
ES,D1PAY,2023-Q4,46001.0
ES,D1PAY,2024-Q1,38216.0
ES,D1PAY,2024-Q2,45389.0
ES,D1PAY,2024-Q3,40841.0
ES,D1PAY,2024-Q4,48303.0
ES,D1PAY,2025-Q1,39308.0
ES,D1PAY,2025-Q2,46957.0
ES,D1PAY,2025-Q3,42084.0
ES,D1PAY,2025-Q4,53145.0
ES,D1PAY,2026-Q1,42051.0
FR,D1PAY,1995-Q1,40221.3
FR,D1PAY,1995-Q2,40829.7
FR,D1PAY,1995-Q3,41672.0
FR,D1PAY,1995-Q4,42244.7
FR,D1PAY,1996-Q1,42780.6
FR,D1PAY,1996-Q2,43112.8
FR,D1PAY,1996-Q3,43107.6
FR,D1PAY,1996-Q4,43181.7
FR,D1PAY,1997-Q1,43061.8
FR,D1PAY,1997-Q2,43224.1
FR,D1PAY,1997-Q3,43163.5
FR,D1PAY,1997-Q4,43748.9
FR,D1PAY,1998-Q1,43957.6
FR,D1PAY,1998-Q2,44212.3
FR,D1PAY,1998-Q3,44673.1
FR,D1PAY,1998-Q4,45352.9
FR,D1PAY,1999-Q1,45696.5
FR,D1PAY,1999-Q2,46359.7
FR,D1PAY,1999-Q3,46830.9
FR,D1PAY,1999-Q4,47257.8
FR,D1PAY,2000-Q1,47659.9
FR,D1PAY,2000-Q2,48274.8
FR,D1PAY,2000-Q3,48710.5
FR,D1PAY,2000-Q4,49377.5
FR,D1PAY,2001-Q1,49210.1
FR,D1PAY,2001-Q2,49912.8
FR,D1PAY,2001-Q3,50278.4
FR,D1PAY,2001-Q4,50650.9
FR,D1PAY,2002-Q1,51353.2
FR,D1PAY,2002-Q2,51852.9
FR,D1PAY,2002-Q3,52586.8
FR,D1PAY,2002-Q4,53376.7
FR,D1PAY,2003-Q1,54364.1
FR,D1PAY,2003-Q2,52297.2
FR,D1PAY,2003-Q3,54345.5
FR,D1PAY,2003-Q4,55527.1
FR,D1PAY,2004-Q1,56382.4
FR,D1PAY,2004-Q2,53914.7
FR,D1PAY,2004-Q3,55431.1
FR,D1PAY,2004-Q4,55625.7
FR,D1PAY,2005-Q1,58136.4
FR,D1PAY,2005-Q2,56098.2
FR,D1PAY,2005-Q3,57254.4
FR,D1PAY,2005-Q4,58335.2
FR,D1PAY,2006-Q1,57699.4
FR,D1PAY,2006-Q2,58923.6
FR,D1PAY,2006-Q3,58182.7
FR,D1PAY,2006-Q4,60636.1
FR,D1PAY,2007-Q1,59352.8
FR,D1PAY,2007-Q2,61105.2
FR,D1PAY,2007-Q3,59851.0
FR,D1PAY,2007-Q4,62574.7
FR,D1PAY,2008-Q1,60740.9
FR,D1PAY,2008-Q2,62312.0
FR,D1PAY,2008-Q3,61643.3
FR,D1PAY,2008-Q4,64577.7
FR,D1PAY,2009-Q1,63029.0
FR,D1PAY,2009-Q2,64129.3
FR,D1PAY,2009-Q3,63609.6
FR,D1PAY,2009-Q4,67049.3
FR,D1PAY,2010-Q1,65026.1
FR,D1PAY,2010-Q2,65709.8
FR,D1PAY,2010-Q3,64630.3
FR,D1PAY,2010-Q4,67169.3
FR,D1PAY,2011-Q1,66596.5
FR,D1PAY,2011-Q2,67261.5
FR,D1PAY,2011-Q3,65865.1
FR,D1PAY,2011-Q4,68755.3
FR,D1PAY,2012-Q1,67485.8
FR,D1PAY,2012-Q2,68068.6
FR,D1PAY,2012-Q3,66683.8
FR,D1PAY,2012-Q4,70370.9
FR,D1PAY,2013-Q1,68188.3
FR,D1PAY,2013-Q2,69166.7
FR,D1PAY,2013-Q3,68857.9
FR,D1PAY,2013-Q4,71866.5
FR,D1PAY,2014-Q1,69527.8
FR,D1PAY,2014-Q2,70657.2
FR,D1PAY,2014-Q3,69832.4
FR,D1PAY,2014-Q4,72926.3
FR,D1PAY,2015-Q1,70375.1
FR,D1PAY,2015-Q2,71564.0
FR,D1PAY,2015-Q3,70008.7
FR,D1PAY,2015-Q4,73167.7
FR,D1PAY,2016-Q1,69487.6
FR,D1PAY,2016-Q2,72898.9
FR,D1PAY,2016-Q3,70751.6
FR,D1PAY,2016-Q4,74521.9
FR,D1PAY,2017-Q1,72464.3
FR,D1PAY,2017-Q2,73971.7
FR,D1PAY,2017-Q3,72557.9
FR,D1PAY,2017-Q4,75842.1
FR,D1PAY,2018-Q1,73482.1
FR,D1PAY,2018-Q2,74228.2
FR,D1PAY,2018-Q3,72826.2
FR,D1PAY,2018-Q4,76148.6
FR,D1PAY,2019-Q1,74056.0
FR,D1PAY,2019-Q2,75319.3
FR,D1PAY,2019-Q3,74005.1
FR,D1PAY,2019-Q4,77251.5
FR,D1PAY,2020-Q1,74950.3
FR,D1PAY,2020-Q2,77899.1
FR,D1PAY,2020-Q3,75414.5
FR,D1PAY,2020-Q4,79332.1
FR,D1PAY,2021-Q1,77928.5
FR,D1PAY,2021-Q2,79279.6
FR,D1PAY,2021-Q3,78575.9
FR,D1PAY,2021-Q4,81356.0
FR,D1PAY,2022-Q1,80077.8
FR,D1PAY,2022-Q2,81585.1
FR,D1PAY,2022-Q3,83413.1
FR,D1PAY,2022-Q4,86095.0
FR,D1PAY,2023-Q1,84922.6
FR,D1PAY,2023-Q2,85999.0
FR,D1PAY,2023-Q3,85270.0
FR,D1PAY,2023-Q4,90151.4
FR,D1PAY,2024-Q1,89567.1
FR,D1PAY,2024-Q2,91339.0
FR,D1PAY,2024-Q3,89156.5
FR,D1PAY,2024-Q4,92975.5
FR,D1PAY,2025-Q1,91789.2
FR,D1PAY,2025-Q2,93368.9
FR,D1PAY,2025-Q3,90837.4
FR,D1PAY,2025-Q4,94016.6
FR,D1PAY,2026-Q1,93375.1
IT,D1PAY,1999-Q1,27066.9
IT,D1PAY,1999-Q2,27652.2
IT,D1PAY,1999-Q3,26578.3
IT,D1PAY,1999-Q4,37693.7
IT,D1PAY,2000-Q1,28284.8
IT,D1PAY,2000-Q2,28929.0
IT,D1PAY,2000-Q3,28161.2
IT,D1PAY,2000-Q4,39253.1
IT,D1PAY,2001-Q1,30079.8
IT,D1PAY,2001-Q2,31368.0
IT,D1PAY,2001-Q3,29813.6
IT,D1PAY,2001-Q4,42193.5
IT,D1PAY,2002-Q1,31702.5
IT,D1PAY,2002-Q2,32729.0
IT,D1PAY,2002-Q3,31708.3
IT,D1PAY,2002-Q4,43046.2
IT,D1PAY,2003-Q1,33034.8
IT,D1PAY,2003-Q2,34316.4
IT,D1PAY,2003-Q3,35002.8
IT,D1PAY,2003-Q4,44194.0
IT,D1PAY,2004-Q1,34738.9
IT,D1PAY,2004-Q2,37195.0
IT,D1PAY,2004-Q3,33318.7
IT,D1PAY,2004-Q4,46581.4
IT,D1PAY,2005-Q1,35235.8
IT,D1PAY,2005-Q2,36390.7
IT,D1PAY,2005-Q3,34333.7
IT,D1PAY,2005-Q4,52370.9
IT,D1PAY,2006-Q1,37515.7
IT,D1PAY,2006-Q2,40435.9
IT,D1PAY,2006-Q3,37797.2
IT,D1PAY,2006-Q4,49897.2
IT,D1PAY,2007-Q1,37671.2
IT,D1PAY,2007-Q2,38880.4
IT,D1PAY,2007-Q3,36782.6
IT,D1PAY,2007-Q4,52937.8
IT,D1PAY,2008-Q1,39188.5
IT,D1PAY,2008-Q2,41981.0
IT,D1PAY,2008-Q3,38569.9
IT,D1PAY,2008-Q4,52439.6
IT,D1PAY,2009-Q1,40686.0
IT,D1PAY,2009-Q2,41405.2
IT,D1PAY,2009-Q3,39727.5
IT,D1PAY,2009-Q4,51637.4
IT,D1PAY,2010-Q1,40299.8
IT,D1PAY,2010-Q2,42661.0
IT,D1PAY,2010-Q3,39830.4
IT,D1PAY,2010-Q4,51875.8
IT,D1PAY,2011-Q1,40558.5
IT,D1PAY,2011-Q2,41565.5
IT,D1PAY,2011-Q3,39376.5
IT,D1PAY,2011-Q4,50463.5
IT,D1PAY,2012-Q1,39859.6
IT,D1PAY,2012-Q2,40638.1
IT,D1PAY,2012-Q3,38747.0
IT,D1PAY,2012-Q4,49353.3
IT,D1PAY,2013-Q1,39363.1
IT,D1PAY,2013-Q2,40054.8
IT,D1PAY,2013-Q3,38271.5
IT,D1PAY,2013-Q4,49762.6
IT,D1PAY,2014-Q1,38941.3
IT,D1PAY,2014-Q2,39969.2
IT,D1PAY,2014-Q3,37773.2
IT,D1PAY,2014-Q4,49143.3
IT,D1PAY,2015-Q1,38577.4
IT,D1PAY,2015-Q2,39448.0
IT,D1PAY,2015-Q3,37727.7
IT,D1PAY,2015-Q4,48851.0
IT,D1PAY,2016-Q1,39189.5
IT,D1PAY,2016-Q2,40128.8
IT,D1PAY,2016-Q3,38592.5
IT,D1PAY,2016-Q4,49375.2
IT,D1PAY,2017-Q1,39455.3
IT,D1PAY,2017-Q2,40632.6
IT,D1PAY,2017-Q3,38994.5
IT,D1PAY,2017-Q4,49869.6
IT,D1PAY,2018-Q1,39912.3
IT,D1PAY,2018-Q2,41406.6
IT,D1PAY,2018-Q3,39803.5
IT,D1PAY,2018-Q4,50954.7
IT,D1PAY,2019-Q1,40486.6
IT,D1PAY,2019-Q2,41926.4
IT,D1PAY,2019-Q3,40045.6
IT,D1PAY,2019-Q4,51063.4
IT,D1PAY,2020-Q1,40780.2
IT,D1PAY,2020-Q2,42258.6
IT,D1PAY,2020-Q3,40296.2
IT,D1PAY,2020-Q4,51206.0
IT,D1PAY,2021-Q1,42438.1
IT,D1PAY,2021-Q2,44070.8
IT,D1PAY,2021-Q3,42189.0
IT,D1PAY,2021-Q4,53127.1
IT,D1PAY,2022-Q1,42523.2
IT,D1PAY,2022-Q2,44614.6
IT,D1PAY,2022-Q3,42481.4
IT,D1PAY,2022-Q4,53716.8
IT,D1PAY,2023-Q1,43442.3
IT,D1PAY,2023-Q2,45536.2
IT,D1PAY,2023-Q3,43689.1
IT,D1PAY,2023-Q4,55426.5
IT,D1PAY,2024-Q1,45791.8
IT,D1PAY,2024-Q2,47596.4
IT,D1PAY,2024-Q3,45870.0
IT,D1PAY,2024-Q4,58280.9
IT,D1PAY,2025-Q1,46881.4
IT,D1PAY,2025-Q2,49339.1
IT,D1PAY,2025-Q3,47223.7
IT,D1PAY,2025-Q4,60397.9
IT,D1PAY,2026-Q1,48177.2
PT,D1PAY,1999-Q1,3524.5
PT,D1PAY,1999-Q2,4184.2
PT,D1PAY,1999-Q3,3604.9
PT,D1PAY,1999-Q4,4583.2
PT,D1PAY,2000-Q1,3819.5
PT,D1PAY,2000-Q2,4584.0
PT,D1PAY,2000-Q3,4127.7
PT,D1PAY,2000-Q4,5096.6
PT,D1PAY,2001-Q1,3961.5
PT,D1PAY,2001-Q2,4988.8
PT,D1PAY,2001-Q3,4373.6
PT,D1PAY,2001-Q4,5482.3
PT,D1PAY,2002-Q1,4555.3
PT,D1PAY,2002-Q2,5338.7
PT,D1PAY,2002-Q3,4710.4
PT,D1PAY,2002-Q4,5556.1
PT,D1PAY,2003-Q1,4614.8
PT,D1PAY,2003-Q2,5476.9
PT,D1PAY,2003-Q3,4883.8
PT,D1PAY,2003-Q4,5920.7
PT,D1PAY,2004-Q1,4739.2
PT,D1PAY,2004-Q2,5682.7
PT,D1PAY,2004-Q3,5036.3
PT,D1PAY,2004-Q4,6270.3
PT,D1PAY,2005-Q1,5045.9
PT,D1PAY,2005-Q2,5855.0
PT,D1PAY,2005-Q3,5465.3
PT,D1PAY,2005-Q4,6660.7
PT,D1PAY,2006-Q1,5015.4
PT,D1PAY,2006-Q2,6233.6
PT,D1PAY,2006-Q3,5096.7
PT,D1PAY,2006-Q4,6551.5
PT,D1PAY,2007-Q1,5040.9
PT,D1PAY,2007-Q2,6345.4
PT,D1PAY,2007-Q3,5030.7
PT,D1PAY,2007-Q4,6558.8
PT,D1PAY,2008-Q1,5136.3
PT,D1PAY,2008-Q2,6303.4
PT,D1PAY,2008-Q3,5233.9
PT,D1PAY,2008-Q4,6785.7
PT,D1PAY,2009-Q1,5276.6
PT,D1PAY,2009-Q2,6657.5
PT,D1PAY,2009-Q3,5451.3
PT,D1PAY,2009-Q4,7188.9
PT,D1PAY,2010-Q1,5442.9
PT,D1PAY,2010-Q2,6776.3
PT,D1PAY,2010-Q3,5472.5
PT,D1PAY,2010-Q4,6887.0
PT,D1PAY,2011-Q1,5077.8
PT,D1PAY,2011-Q2,6295.7
PT,D1PAY,2011-Q3,4942.8
PT,D1PAY,2011-Q4,6268.5
PT,D1PAY,2012-Q1,4859.9
PT,D1PAY,2012-Q2,4882.7
PT,D1PAY,2012-Q3,4738.1
PT,D1PAY,2012-Q4,5176.5
PT,D1PAY,2013-Q1,5113.5
PT,D1PAY,2013-Q2,5218.7
PT,D1PAY,2013-Q3,5049.3
PT,D1PAY,2013-Q4,5905.2
PT,D1PAY,2014-Q1,4697.3
PT,D1PAY,2014-Q2,5728.0
PT,D1PAY,2014-Q3,5143.0
PT,D1PAY,2014-Q4,4916.7
PT,D1PAY,2015-Q1,4809.9
PT,D1PAY,2015-Q2,5698.7
PT,D1PAY,2015-Q3,4833.8
PT,D1PAY,2015-Q4,4991.4
PT,D1PAY,2016-Q1,4852.9
PT,D1PAY,2016-Q2,5834.7
PT,D1PAY,2016-Q3,5016.8
PT,D1PAY,2016-Q4,5206.1
PT,D1PAY,2017-Q1,4897.4
PT,D1PAY,2017-Q2,5872.9
PT,D1PAY,2017-Q3,4991.9
PT,D1PAY,2017-Q4,5640.7
PT,D1PAY,2018-Q1,4849.1
PT,D1PAY,2018-Q2,5813.2
PT,D1PAY,2018-Q3,5042.8
PT,D1PAY,2018-Q4,6335.1
PT,D1PAY,2019-Q1,5039.7
PT,D1PAY,2019-Q2,6084.4
PT,D1PAY,2019-Q3,5324.6
PT,D1PAY,2019-Q4,6702.9
PT,D1PAY,2020-Q1,5274.5
PT,D1PAY,2020-Q2,6206.6
PT,D1PAY,2020-Q3,5541.6
PT,D1PAY,2020-Q4,6914.3
PT,D1PAY,2021-Q1,5554.6
PT,D1PAY,2021-Q2,6549.0
PT,D1PAY,2021-Q3,5817.1
PT,D1PAY,2021-Q4,7121.7
PT,D1PAY,2022-Q1,5779.3
PT,D1PAY,2022-Q2,6759.1
PT,D1PAY,2022-Q3,6038.4
PT,D1PAY,2022-Q4,7399.8
PT,D1PAY,2023-Q1,6098.9
PT,D1PAY,2023-Q2,7278.1
PT,D1PAY,2023-Q3,6447.3
PT,D1PAY,2023-Q4,7996.1
PT,D1PAY,2024-Q1,6697.2
PT,D1PAY,2024-Q2,7829.8
PT,D1PAY,2024-Q3,7057.7
PT,D1PAY,2024-Q4,8736.8
PT,D1PAY,2025-Q1,7245.3
PT,D1PAY,2025-Q2,8493.9
PT,D1PAY,2025-Q3,7643.8
PT,D1PAY,2025-Q4,9228.7
PT,D1PAY,2026-Q1,7730.8
BE,D41PAY,1995-Q1,4854.9
BE,D41PAY,1995-Q2,4978.8
BE,D41PAY,1995-Q3,4915.5
BE,D41PAY,1995-Q4,5074.1
BE,D41PAY,1996-Q1,4868.6
BE,D41PAY,1996-Q2,4801.1
BE,D41PAY,1996-Q3,4772.4
BE,D41PAY,1996-Q4,4421.5
BE,D41PAY,1997-Q1,4454.7
BE,D41PAY,1997-Q2,4374.9
BE,D41PAY,1997-Q3,4300.6
BE,D41PAY,1997-Q4,4302.7
BE,D41PAY,1998-Q1,4329.3
BE,D41PAY,1998-Q2,4322.7
BE,D41PAY,1998-Q3,4307.8
BE,D41PAY,1998-Q4,4293.6
BE,D41PAY,1999-Q1,4272.4
BE,D41PAY,1999-Q2,4219.8
BE,D41PAY,1999-Q3,4149.8
BE,D41PAY,1999-Q4,4165.2
BE,D41PAY,2000-Q1,4233.6
BE,D41PAY,2000-Q2,4304.5
BE,D41PAY,2000-Q3,4314.1
BE,D41PAY,2000-Q4,4361.6
BE,D41PAY,2001-Q1,4381.8
BE,D41PAY,2001-Q2,4398.5
BE,D41PAY,2001-Q3,4341.5
BE,D41PAY,2001-Q4,4248.9
BE,D41PAY,2002-Q1,4097.9
BE,D41PAY,2002-Q2,4001.6
BE,D41PAY,2002-Q3,3912.3
BE,D41PAY,2002-Q4,3944.2
BE,D41PAY,2003-Q1,4020.3
BE,D41PAY,2003-Q2,3769.4
BE,D41PAY,2003-Q3,3753.2
BE,D41PAY,2003-Q4,3689.0
BE,D41PAY,2004-Q1,3680.8
BE,D41PAY,2004-Q2,3614.2
BE,D41PAY,2004-Q3,3623.3
BE,D41PAY,2004-Q4,3501.1
BE,D41PAY,2005-Q1,3419.9
BE,D41PAY,2005-Q2,3431.9
BE,D41PAY,2005-Q3,3386.4
BE,D41PAY,2005-Q4,3418.8
BE,D41PAY,2006-Q1,3334.3
BE,D41PAY,2006-Q2,3355.2
BE,D41PAY,2006-Q3,3428.4
BE,D41PAY,2006-Q4,3353.9
BE,D41PAY,2007-Q1,3412.4
BE,D41PAY,2007-Q2,3432.2
BE,D41PAY,2007-Q3,3522.5
BE,D41PAY,2007-Q4,3477.9
BE,D41PAY,2008-Q1,3516.0
BE,D41PAY,2008-Q2,3542.0
BE,D41PAY,2008-Q3,3507.9
BE,D41PAY,2008-Q4,3607.7
BE,D41PAY,2009-Q1,3555.5
BE,D41PAY,2009-Q2,3409.3
BE,D41PAY,2009-Q3,3382.1
BE,D41PAY,2009-Q4,3402.3
BE,D41PAY,2010-Q1,3303.9
BE,D41PAY,2010-Q2,3323.2
BE,D41PAY,2010-Q3,3366.6
BE,D41PAY,2010-Q4,3232.6
BE,D41PAY,2011-Q1,3225.6
BE,D41PAY,2011-Q2,3378.6
BE,D41PAY,2011-Q3,3492.5
BE,D41PAY,2011-Q4,3496.2
BE,D41PAY,2012-Q1,3450.4
BE,D41PAY,2012-Q2,3471.3
BE,D41PAY,2012-Q3,3493.0
BE,D41PAY,2012-Q4,3399.4
BE,D41PAY,2013-Q1,3243.1
BE,D41PAY,2013-Q2,3296.2
BE,D41PAY,2013-Q3,3379.4
BE,D41PAY,2013-Q4,3304.3
BE,D41PAY,2014-Q1,3331.9
BE,D41PAY,2014-Q2,3348.0
BE,D41PAY,2014-Q3,3363.1
BE,D41PAY,2014-Q4,3289.7
BE,D41PAY,2015-Q1,3196.5
BE,D41PAY,2015-Q2,3056.2
BE,D41PAY,2015-Q3,3104.4
BE,D41PAY,2015-Q4,3039.1
BE,D41PAY,2016-Q1,3000.9
BE,D41PAY,2016-Q2,2980.8
BE,D41PAY,2016-Q3,3009.7
BE,D41PAY,2016-Q4,2891.5
BE,D41PAY,2017-Q1,2766.3
BE,D41PAY,2017-Q2,2699.8
BE,D41PAY,2017-Q3,2653.9
BE,D41PAY,2017-Q4,2577.2
BE,D41PAY,2018-Q1,2525.8
BE,D41PAY,2018-Q2,2489.5
BE,D41PAY,2018-Q3,2490.7
BE,D41PAY,2018-Q4,2500.2
BE,D41PAY,2019-Q1,2474.2
BE,D41PAY,2019-Q2,2410.3
BE,D41PAY,2019-Q3,2398.2
BE,D41PAY,2019-Q4,2345.2
BE,D41PAY,2020-Q1,2302.0
BE,D41PAY,2020-Q2,2336.6
BE,D41PAY,2020-Q3,2331.4
BE,D41PAY,2020-Q4,2156.6
BE,D41PAY,2021-Q1,2132.6
BE,D41PAY,2021-Q2,2187.3
BE,D41PAY,2021-Q3,2222.1
BE,D41PAY,2021-Q4,2038.9
BE,D41PAY,2022-Q1,2015.4
BE,D41PAY,2022-Q2,2138.5
BE,D41PAY,2022-Q3,2214.4
BE,D41PAY,2022-Q4,2386.9
BE,D41PAY,2023-Q1,2568.3
BE,D41PAY,2023-Q2,2888.1
BE,D41PAY,2023-Q3,2923.6
BE,D41PAY,2023-Q4,3297.0
BE,D41PAY,2024-Q1,3128.7
BE,D41PAY,2024-Q2,3515.8
BE,D41PAY,2024-Q3,3298.8
BE,D41PAY,2024-Q4,3581.1
BE,D41PAY,2025-Q1,3395.9
BE,D41PAY,2025-Q2,3534.6
BE,D41PAY,2025-Q3,3519.7
BE,D41PAY,2025-Q4,3831.5
BE,D41PAY,2026-Q1,3782.8
DE,D41PAY,2002-Q1,16304.0
DE,D41PAY,2002-Q2,16564.0
DE,D41PAY,2002-Q3,16505.0
DE,D41PAY,2002-Q4,16762.0
DE,D41PAY,2003-Q1,16413.0
DE,D41PAY,2003-Q2,16458.0
DE,D41PAY,2003-Q3,16137.0
DE,D41PAY,2003-Q4,16067.0
DE,D41PAY,2004-Q1,15954.0
DE,D41PAY,2004-Q2,15948.0
DE,D41PAY,2004-Q3,15965.0
DE,D41PAY,2004-Q4,15949.0
DE,D41PAY,2005-Q1,15803.0
DE,D41PAY,2005-Q2,15962.0
DE,D41PAY,2005-Q3,15825.0
DE,D41PAY,2005-Q4,15904.0
DE,D41PAY,2006-Q1,16114.0
DE,D41PAY,2006-Q2,16175.0
DE,D41PAY,2006-Q3,16346.0
DE,D41PAY,2006-Q4,16583.0
DE,D41PAY,2007-Q1,16703.0
DE,D41PAY,2007-Q2,16863.0
DE,D41PAY,2007-Q3,16954.0
DE,D41PAY,2007-Q4,17166.0
DE,D41PAY,2008-Q1,17514.0
DE,D41PAY,2008-Q2,17355.0
DE,D41PAY,2008-Q3,17376.0
DE,D41PAY,2008-Q4,16851.0
DE,D41PAY,2009-Q1,15733.0
DE,D41PAY,2009-Q2,16204.0
DE,D41PAY,2009-Q3,16999.0
DE,D41PAY,2009-Q4,16253.0
DE,D41PAY,2010-Q1,15923.0
DE,D41PAY,2010-Q2,16295.0
DE,D41PAY,2010-Q3,14452.0
DE,D41PAY,2010-Q4,17181.0
DE,D41PAY,2011-Q1,16399.0
DE,D41PAY,2011-Q2,17803.0
DE,D41PAY,2011-Q3,16306.0
DE,D41PAY,2011-Q4,17472.0
DE,D41PAY,2012-Q1,15565.0
DE,D41PAY,2012-Q2,16586.0
DE,D41PAY,2012-Q3,15359.0
DE,D41PAY,2012-Q4,16675.0
DE,D41PAY,2013-Q1,13092.0
DE,D41PAY,2013-Q2,14022.0
DE,D41PAY,2013-Q3,12233.0
DE,D41PAY,2013-Q4,12555.0
DE,D41PAY,2014-Q1,11569.0
DE,D41PAY,2014-Q2,12878.0
DE,D41PAY,2014-Q3,10936.0
DE,D41PAY,2014-Q4,12164.0
DE,D41PAY,2015-Q1,9659.0
DE,D41PAY,2015-Q2,12305.0
DE,D41PAY,2015-Q3,10014.0
DE,D41PAY,2015-Q4,10935.0
DE,D41PAY,2016-Q1,8507.0
DE,D41PAY,2016-Q2,10404.0
DE,D41PAY,2016-Q3,9009.0
DE,D41PAY,2016-Q4,9968.0
DE,D41PAY,2017-Q1,8246.0
DE,D41PAY,2017-Q2,9635.0
DE,D41PAY,2017-Q3,7689.0
DE,D41PAY,2017-Q4,8919.0
DE,D41PAY,2018-Q1,7446.0
DE,D41PAY,2018-Q2,8682.0
DE,D41PAY,2018-Q3,7440.0
DE,D41PAY,2018-Q4,8219.0
DE,D41PAY,2019-Q1,6058.0
DE,D41PAY,2019-Q2,8497.0
DE,D41PAY,2019-Q3,6250.0
DE,D41PAY,2019-Q4,7247.0
DE,D41PAY,2020-Q1,5381.0
DE,D41PAY,2020-Q2,6526.0
DE,D41PAY,2020-Q3,5431.0
DE,D41PAY,2020-Q4,5052.0
DE,D41PAY,2021-Q1,5282.0
DE,D41PAY,2021-Q2,6209.0
DE,D41PAY,2021-Q3,4988.0
DE,D41PAY,2021-Q4,5277.0
DE,D41PAY,2022-Q1,5294.0
DE,D41PAY,2022-Q2,7913.0
DE,D41PAY,2022-Q3,6506.0
DE,D41PAY,2022-Q4,8305.0
DE,D41PAY,2023-Q1,6772.0
DE,D41PAY,2023-Q2,10514.0
DE,D41PAY,2023-Q3,9593.0
DE,D41PAY,2023-Q4,9969.0
DE,D41PAY,2024-Q1,10210.0
DE,D41PAY,2024-Q2,12739.0
DE,D41PAY,2024-Q3,11671.0
DE,D41PAY,2024-Q4,11208.0
DE,D41PAY,2025-Q1,11385.0
DE,D41PAY,2025-Q2,13132.0
DE,D41PAY,2025-Q3,12351.0
DE,D41PAY,2025-Q4,12390.0
DE,D41PAY,2026-Q1,12135.0
ES,D41PAY,1995-Q1,5877.7
ES,D41PAY,1995-Q2,5778.2
ES,D41PAY,1995-Q3,5867.4
ES,D41PAY,1995-Q4,5687.5
ES,D41PAY,1996-Q1,6638.0
ES,D41PAY,1996-Q2,6398.4
ES,D41PAY,1996-Q3,6346.0
ES,D41PAY,1996-Q4,6088.8
ES,D41PAY,1997-Q1,6140.7
ES,D41PAY,1997-Q2,5914.0
ES,D41PAY,1997-Q3,5878.0
ES,D41PAY,1997-Q4,5686.4
ES,D41PAY,1998-Q1,5794.7
ES,D41PAY,1998-Q2,5605.0
ES,D41PAY,1998-Q3,5622.2
ES,D41PAY,1998-Q4,5456.6
ES,D41PAY,1999-Q1,5162.0
ES,D41PAY,1999-Q2,5090.0
ES,D41PAY,1999-Q3,5060.0
ES,D41PAY,1999-Q4,4995.0
ES,D41PAY,2000-Q1,4971.0
ES,D41PAY,2000-Q2,4964.0
ES,D41PAY,2000-Q3,5043.0
ES,D41PAY,2000-Q4,5507.0
ES,D41PAY,2001-Q1,5053.0
ES,D41PAY,2001-Q2,5113.0
ES,D41PAY,2001-Q3,5066.0
ES,D41PAY,2001-Q4,5583.0
ES,D41PAY,2002-Q1,4918.0
ES,D41PAY,2002-Q2,4855.0
ES,D41PAY,2002-Q3,4851.0
ES,D41PAY,2002-Q4,5088.0
ES,D41PAY,2003-Q1,4711.0
ES,D41PAY,2003-Q2,4705.0
ES,D41PAY,2003-Q3,4465.0
ES,D41PAY,2003-Q4,4578.0
ES,D41PAY,2004-Q1,4347.0
ES,D41PAY,2004-Q2,4251.0
ES,D41PAY,2004-Q3,4253.0
ES,D41PAY,2004-Q4,4253.0
ES,D41PAY,2005-Q1,4077.0
ES,D41PAY,2005-Q2,4186.0
ES,D41PAY,2005-Q3,3949.0
ES,D41PAY,2005-Q4,3989.0
ES,D41PAY,2006-Q1,4049.0
ES,D41PAY,2006-Q2,4062.0
ES,D41PAY,2006-Q3,4016.0
ES,D41PAY,2006-Q4,4041.0
ES,D41PAY,2007-Q1,4166.0
ES,D41PAY,2007-Q2,4252.0
ES,D41PAY,2007-Q3,4213.0
ES,D41PAY,2007-Q4,4378.0
ES,D41PAY,2008-Q1,4194.0
ES,D41PAY,2008-Q2,4483.0
ES,D41PAY,2008-Q3,4119.0
ES,D41PAY,2008-Q4,4746.0
ES,D41PAY,2009-Q1,4296.0
ES,D41PAY,2009-Q2,4776.0
ES,D41PAY,2009-Q3,4423.0
ES,D41PAY,2009-Q4,4860.0
ES,D41PAY,2010-Q1,4618.0
ES,D41PAY,2010-Q2,5004.0
ES,D41PAY,2010-Q3,5294.0
ES,D41PAY,2010-Q4,5521.0
ES,D41PAY,2011-Q1,6108.0
ES,D41PAY,2011-Q2,6439.0
ES,D41PAY,2011-Q3,6645.0
ES,D41PAY,2011-Q4,7370.0
ES,D41PAY,2012-Q1,7515.0
ES,D41PAY,2012-Q2,7745.0
ES,D41PAY,2012-Q3,7916.0
ES,D41PAY,2012-Q4,8177.0
ES,D41PAY,2013-Q1,8692.0
ES,D41PAY,2013-Q2,9244.0
ES,D41PAY,2013-Q3,9175.0
ES,D41PAY,2013-Q4,9442.0
ES,D41PAY,2014-Q1,8974.0
ES,D41PAY,2014-Q2,9174.0
ES,D41PAY,2014-Q3,9059.0
ES,D41PAY,2014-Q4,9499.0
ES,D41PAY,2015-Q1,8432.0
ES,D41PAY,2015-Q2,8475.0
ES,D41PAY,2015-Q3,8202.0
ES,D41PAY,2015-Q4,8259.0
ES,D41PAY,2016-Q1,7898.0
ES,D41PAY,2016-Q2,7885.0
ES,D41PAY,2016-Q3,7857.0
ES,D41PAY,2016-Q4,7586.0
ES,D41PAY,2017-Q1,7105.0
ES,D41PAY,2017-Q2,7846.0
ES,D41PAY,2017-Q3,7045.0
ES,D41PAY,2017-Q4,7617.0
ES,D41PAY,2018-Q1,6833.0
ES,D41PAY,2018-Q2,7798.0
ES,D41PAY,2018-Q3,7418.0
ES,D41PAY,2018-Q4,7544.0
ES,D41PAY,2019-Q1,6326.0
ES,D41PAY,2019-Q2,8127.0
ES,D41PAY,2019-Q3,6780.0
ES,D41PAY,2019-Q4,6998.0
ES,D41PAY,2020-Q1,5840.0
ES,D41PAY,2020-Q2,6747.0
ES,D41PAY,2020-Q3,6232.0
ES,D41PAY,2020-Q4,6308.0
ES,D41PAY,2021-Q1,6011.0
ES,D41PAY,2021-Q2,6889.0
ES,D41PAY,2021-Q3,6049.0
ES,D41PAY,2021-Q4,7221.0
ES,D41PAY,2022-Q1,6344.0
ES,D41PAY,2022-Q2,8540.0
ES,D41PAY,2022-Q3,7471.0
ES,D41PAY,2022-Q4,9420.0
ES,D41PAY,2023-Q1,6729.0
ES,D41PAY,2023-Q2,9990.0
ES,D41PAY,2023-Q3,8789.0
ES,D41PAY,2023-Q4,10043.0
ES,D41PAY,2024-Q1,8188.0
ES,D41PAY,2024-Q2,10814.0
ES,D41PAY,2024-Q3,10102.0
ES,D41PAY,2024-Q4,9689.0
ES,D41PAY,2025-Q1,9049.0
ES,D41PAY,2025-Q2,11200.0
ES,D41PAY,2025-Q3,10200.0
ES,D41PAY,2025-Q4,9865.0
ES,D41PAY,2026-Q1,9250.0
FR,D41PAY,1995-Q1,10180.2
FR,D41PAY,1995-Q2,10406.6
FR,D41PAY,1995-Q3,10699.2
FR,D41PAY,1995-Q4,10923.2
FR,D41PAY,1996-Q1,11190.2
FR,D41PAY,1996-Q2,11391.5
FR,D41PAY,1996-Q3,11479.8
FR,D41PAY,1996-Q4,11475.5
FR,D41PAY,1997-Q1,11380.6
FR,D41PAY,1997-Q2,11350.1
FR,D41PAY,1997-Q3,11301.0
FR,D41PAY,1997-Q4,11401.4
FR,D41PAY,1998-Q1,11410.4
FR,D41PAY,1998-Q2,11388.5
FR,D41PAY,1998-Q3,11306.4
FR,D41PAY,1998-Q4,11186.8
FR,D41PAY,1999-Q1,10952.2
FR,D41PAY,1999-Q2,10718.7
FR,D41PAY,1999-Q3,10584.7
FR,D41PAY,1999-Q4,10687.7
FR,D41PAY,2000-Q1,10659.2
FR,D41PAY,2000-Q2,10642.3
FR,D41PAY,2000-Q3,11035.6
FR,D41PAY,2000-Q4,11268.9
FR,D41PAY,2001-Q1,11141.2
FR,D41PAY,2001-Q2,11695.9
FR,D41PAY,2001-Q3,11960.5
FR,D41PAY,2001-Q4,11908.8
FR,D41PAY,2002-Q1,11641.5
FR,D41PAY,2002-Q2,12135.4
FR,D41PAY,2002-Q3,11970.2
FR,D41PAY,2002-Q4,12046.5
FR,D41PAY,2003-Q1,11486.4
FR,D41PAY,2003-Q2,11873.3
FR,D41PAY,2003-Q3,11440.3
FR,D41PAY,2003-Q4,11858.1
FR,D41PAY,2004-Q1,11346.6
FR,D41PAY,2004-Q2,12207.0
FR,D41PAY,2004-Q3,11857.8
FR,D41PAY,2004-Q4,12099.2
FR,D41PAY,2005-Q1,11153.6
FR,D41PAY,2005-Q2,12702.8
FR,D41PAY,2005-Q3,11698.6
FR,D41PAY,2005-Q4,12290.1
FR,D41PAY,2006-Q1,11224.0
FR,D41PAY,2006-Q2,12934.0
FR,D41PAY,2006-Q3,12049.2
FR,D41PAY,2006-Q4,11852.9
FR,D41PAY,2007-Q1,11585.1
FR,D41PAY,2007-Q2,13772.1
FR,D41PAY,2007-Q3,12651.8
FR,D41PAY,2007-Q4,14086.2
FR,D41PAY,2008-Q1,13514.0
FR,D41PAY,2008-Q2,15232.0
FR,D41PAY,2008-Q3,14654.1
FR,D41PAY,2008-Q4,13769.2
FR,D41PAY,2009-Q1,10413.4
FR,D41PAY,2009-Q2,13823.8
FR,D41PAY,2009-Q3,11836.0
FR,D41PAY,2009-Q4,13208.3
FR,D41PAY,2010-Q1,11267.0
FR,D41PAY,2010-Q2,14240.2
FR,D41PAY,2010-Q3,11754.0
FR,D41PAY,2010-Q4,13446.7
FR,D41PAY,2011-Q1,12287.6
FR,D41PAY,2011-Q2,16192.9
FR,D41PAY,2011-Q3,12385.4
FR,D41PAY,2011-Q4,15129.8
FR,D41PAY,2012-Q1,12491.5
FR,D41PAY,2012-Q2,16114.1
FR,D41PAY,2012-Q3,11697.7
FR,D41PAY,2012-Q4,14637.5
FR,D41PAY,2013-Q1,10682.8
FR,D41PAY,2013-Q2,14201.4
FR,D41PAY,2013-Q3,11613.5
FR,D41PAY,2013-Q4,12928.3
FR,D41PAY,2014-Q1,10196.0
FR,D41PAY,2014-Q2,13829.7
FR,D41PAY,2014-Q3,10709.5
FR,D41PAY,2014-Q4,12580.6
FR,D41PAY,2015-Q1,7889.9
FR,D41PAY,2015-Q2,14558.1
FR,D41PAY,2015-Q3,10405.0
FR,D41PAY,2015-Q4,11854.4
FR,D41PAY,2016-Q1,7832.1
FR,D41PAY,2016-Q2,12756.5
FR,D41PAY,2016-Q3,10438.4
FR,D41PAY,2016-Q4,11403.7
FR,D41PAY,2017-Q1,8896.4
FR,D41PAY,2017-Q2,12291.7
FR,D41PAY,2017-Q3,8629.4
FR,D41PAY,2017-Q4,11202.7
FR,D41PAY,2018-Q1,8430.5
FR,D41PAY,2018-Q2,11937.1
FR,D41PAY,2018-Q3,10103.7
FR,D41PAY,2018-Q4,11189.3
FR,D41PAY,2019-Q1,5952.5
FR,D41PAY,2019-Q2,12772.8
FR,D41PAY,2019-Q3,8619.8
FR,D41PAY,2019-Q4,9523.2
FR,D41PAY,2020-Q1,5917.3
FR,D41PAY,2020-Q2,9190.3
FR,D41PAY,2020-Q3,7784.5
FR,D41PAY,2020-Q4,6832.0
FR,D41PAY,2021-Q1,7145.9
FR,D41PAY,2021-Q2,9930.4
FR,D41PAY,2021-Q3,7655.1
FR,D41PAY,2021-Q4,10068.5
FR,D41PAY,2022-Q1,8709.9
FR,D41PAY,2022-Q2,15712.5
FR,D41PAY,2022-Q3,11496.0
FR,D41PAY,2022-Q4,15015.6
FR,D41PAY,2023-Q1,8241.7
FR,D41PAY,2023-Q2,17385.0
FR,D41PAY,2023-Q3,12446.8
FR,D41PAY,2023-Q4,15336.4
FR,D41PAY,2024-Q1,10674.1
FR,D41PAY,2024-Q2,18805.3
FR,D41PAY,2024-Q3,15329.6
FR,D41PAY,2024-Q4,15321.9
FR,D41PAY,2025-Q1,13309.4
FR,D41PAY,2025-Q2,19268.3
FR,D41PAY,2025-Q3,16422.9
FR,D41PAY,2025-Q4,16720.4
FR,D41PAY,2026-Q1,13462.9
IT,D41PAY,1999-Q1,19544.0
IT,D41PAY,1999-Q2,18922.0
IT,D41PAY,1999-Q3,18047.0
IT,D41PAY,1999-Q4,18485.0
IT,D41PAY,2000-Q1,17943.0
IT,D41PAY,2000-Q2,18746.0
IT,D41PAY,2000-Q3,19258.0
IT,D41PAY,2000-Q4,20014.0
IT,D41PAY,2001-Q1,19500.0
IT,D41PAY,2001-Q2,20261.0
IT,D41PAY,2001-Q3,19711.0
IT,D41PAY,2001-Q4,19610.0
IT,D41PAY,2002-Q1,17868.0
IT,D41PAY,2002-Q2,18541.0
IT,D41PAY,2002-Q3,18389.0
IT,D41PAY,2002-Q4,18679.0
IT,D41PAY,2003-Q1,17691.0
IT,D41PAY,2003-Q2,17912.0
IT,D41PAY,2003-Q3,16560.0
IT,D41PAY,2003-Q4,16974.0
IT,D41PAY,2004-Q1,16126.0
IT,D41PAY,2004-Q2,16590.0
IT,D41PAY,2004-Q3,16379.0
IT,D41PAY,2004-Q4,17654.0
IT,D41PAY,2005-Q1,15886.0
IT,D41PAY,2005-Q2,17518.0
IT,D41PAY,2005-Q3,16050.0
IT,D41PAY,2005-Q4,17769.0
IT,D41PAY,2006-Q1,15665.0
IT,D41PAY,2006-Q2,17855.0
IT,D41PAY,2006-Q3,16806.0
IT,D41PAY,2006-Q4,18545.0
IT,D41PAY,2007-Q1,17071.0
IT,D41PAY,2007-Q2,20224.0
IT,D41PAY,2007-Q3,18590.0
IT,D41PAY,2007-Q4,20792.0
IT,D41PAY,2008-Q1,18639.0
IT,D41PAY,2008-Q2,21626.0
IT,D41PAY,2008-Q3,19715.0
IT,D41PAY,2008-Q4,20698.0
IT,D41PAY,2009-Q1,16250.0
IT,D41PAY,2009-Q2,19063.0
IT,D41PAY,2009-Q3,15531.0
IT,D41PAY,2009-Q4,18655.0
IT,D41PAY,2010-Q1,15156.0
IT,D41PAY,2010-Q2,18771.0
IT,D41PAY,2010-Q3,15915.0
IT,D41PAY,2010-Q4,19016.0
IT,D41PAY,2011-Q1,16479.0
IT,D41PAY,2011-Q2,20919.0
IT,D41PAY,2011-Q3,17169.0
IT,D41PAY,2011-Q4,22000.0
IT,D41PAY,2012-Q1,19018.0
IT,D41PAY,2012-Q2,23297.0
IT,D41PAY,2012-Q3,18579.0
IT,D41PAY,2012-Q4,22688.0
IT,D41PAY,2013-Q1,17523.0
IT,D41PAY,2013-Q2,21390.0
IT,D41PAY,2013-Q3,18220.0
IT,D41PAY,2013-Q4,20526.0
IT,D41PAY,2014-Q1,16975.0
IT,D41PAY,2014-Q2,21056.0
IT,D41PAY,2014-Q3,16752.0
IT,D41PAY,2014-Q4,19658.0
IT,D41PAY,2015-Q1,14556.0
IT,D41PAY,2015-Q2,20271.0
IT,D41PAY,2015-Q3,15819.0
IT,D41PAY,2015-Q4,17470.0
IT,D41PAY,2016-Q1,14259.0
IT,D41PAY,2016-Q2,18993.0
IT,D41PAY,2016-Q3,15581.0
IT,D41PAY,2016-Q4,17425.0
IT,D41PAY,2017-Q1,15387.0
IT,D41PAY,2017-Q2,18570.0
IT,D41PAY,2017-Q3,14404.0
IT,D41PAY,2017-Q4,16972.0
IT,D41PAY,2018-Q1,13923.0
IT,D41PAY,2018-Q2,17447.0
IT,D41PAY,2018-Q3,15927.0
IT,D41PAY,2018-Q4,17069.0
IT,D41PAY,2019-Q1,12334.0
IT,D41PAY,2019-Q2,17993.0
IT,D41PAY,2019-Q3,14103.0
IT,D41PAY,2019-Q4,15784.0
IT,D41PAY,2020-Q1,12513.0
IT,D41PAY,2020-Q2,15577.0
IT,D41PAY,2020-Q3,14380.0
IT,D41PAY,2020-Q4,14655.0
IT,D41PAY,2021-Q1,13722.0
IT,D41PAY,2021-Q2,16944.0
IT,D41PAY,2021-Q3,14862.0
IT,D41PAY,2021-Q4,17475.0
IT,D41PAY,2022-Q1,16458.0
IT,D41PAY,2022-Q2,22017.0
IT,D41PAY,2022-Q3,18479.0
IT,D41PAY,2022-Q4,24660.0
IT,D41PAY,2023-Q1,15327.0
IT,D41PAY,2023-Q2,22255.0
IT,D41PAY,2023-Q3,18500.0
IT,D41PAY,2023-Q4,21698.0
IT,D41PAY,2024-Q1,18064.0
IT,D41PAY,2024-Q2,23970.0
IT,D41PAY,2024-Q3,21519.0
IT,D41PAY,2024-Q4,21931.0
IT,D41PAY,2025-Q1,19948.0
IT,D41PAY,2025-Q2,23964.0
IT,D41PAY,2025-Q3,21111.0
IT,D41PAY,2025-Q4,22122.0
IT,D41PAY,2026-Q1,19017.0
PT,D41PAY,1999-Q1,851.8
PT,D41PAY,1999-Q2,847.9
PT,D41PAY,1999-Q3,896.1
PT,D41PAY,1999-Q4,927.2
PT,D41PAY,2000-Q1,929.2
PT,D41PAY,2000-Q2,906.5
PT,D41PAY,2000-Q3,980.7
PT,D41PAY,2000-Q4,1045.5
PT,D41PAY,2001-Q1,996.2
PT,D41PAY,2001-Q2,1000.3
PT,D41PAY,2001-Q3,1016.5
PT,D41PAY,2001-Q4,1044.4
PT,D41PAY,2002-Q1,979.4
PT,D41PAY,2002-Q2,979.3
PT,D41PAY,2002-Q3,1023.4
PT,D41PAY,2002-Q4,1060.4
PT,D41PAY,2003-Q1,1003.4
PT,D41PAY,2003-Q2,960.0
PT,D41PAY,2003-Q3,938.6
PT,D41PAY,2003-Q4,981.1
PT,D41PAY,2004-Q1,993.0
PT,D41PAY,2004-Q2,925.6
PT,D41PAY,2004-Q3,950.5
PT,D41PAY,2004-Q4,1039.7
PT,D41PAY,2005-Q1,1020.1
PT,D41PAY,2005-Q2,962.6
PT,D41PAY,2005-Q3,996.2
PT,D41PAY,2005-Q4,1092.5
PT,D41PAY,2006-Q1,1131.3
PT,D41PAY,2006-Q2,1074.7
PT,D41PAY,2006-Q3,1151.2
PT,D41PAY,2006-Q4,1269.1
PT,D41PAY,2007-Q1,1302.3
PT,D41PAY,2007-Q2,1198.0
PT,D41PAY,2007-Q3,1308.6
PT,D41PAY,2007-Q4,1396.3
PT,D41PAY,2008-Q1,1377.1
PT,D41PAY,2008-Q2,1274.2
PT,D41PAY,2008-Q3,1445.2
PT,D41PAY,2008-Q4,1476.2
PT,D41PAY,2009-Q1,1362.4
PT,D41PAY,2009-Q2,1214.7
PT,D41PAY,2009-Q3,1338.5
PT,D41PAY,2009-Q4,1314.5
PT,D41PAY,2010-Q1,1244.8
PT,D41PAY,2010-Q2,1158.0
PT,D41PAY,2010-Q3,1346.6
PT,D41PAY,2010-Q4,1496.1
PT,D41PAY,2011-Q1,1615.1
PT,D41PAY,2011-Q2,1729.0
PT,D41PAY,2011-Q3,2008.0
PT,D41PAY,2011-Q4,2169.5
PT,D41PAY,2012-Q1,2075.3
PT,D41PAY,2012-Q2,1971.5
PT,D41PAY,2012-Q3,2052.0
PT,D41PAY,2012-Q4,2038.2
PT,D41PAY,2013-Q1,2049.2
PT,D41PAY,2013-Q2,1992.7
PT,D41PAY,2013-Q3,2080.3
PT,D41PAY,2013-Q4,2017.1
PT,D41PAY,2014-Q1,2044.4
PT,D41PAY,2014-Q2,1988.4
PT,D41PAY,2014-Q3,2197.4
PT,D41PAY,2014-Q4,2104.1
PT,D41PAY,2015-Q1,2114.2
PT,D41PAY,2015-Q2,1911.5
PT,D41PAY,2015-Q3,2085.1
PT,D41PAY,2015-Q4,2022.0
PT,D41PAY,2016-Q1,1868.3
PT,D41PAY,2016-Q2,1822.1
PT,D41PAY,2016-Q3,1995.5
PT,D41PAY,2016-Q4,1947.4
PT,D41PAY,2017-Q1,1783.6
PT,D41PAY,2017-Q2,1754.2
PT,D41PAY,2017-Q3,1933.5
PT,D41PAY,2017-Q4,1828.1
PT,D41PAY,2018-Q1,1657.9
PT,D41PAY,2018-Q2,1632.7
PT,D41PAY,2018-Q3,1778.9
PT,D41PAY,2018-Q4,1736.4
PT,D41PAY,2019-Q1,1558.4
PT,D41PAY,2019-Q2,1561.0
PT,D41PAY,2019-Q3,1587.5
PT,D41PAY,2019-Q4,1520.1
PT,D41PAY,2020-Q1,1399.1
PT,D41PAY,2020-Q2,1442.0
PT,D41PAY,2020-Q3,1451.1
PT,D41PAY,2020-Q4,1404.9
PT,D41PAY,2021-Q1,1307.1
PT,D41PAY,2021-Q2,1325.0
PT,D41PAY,2021-Q3,1308.6
PT,D41PAY,2021-Q4,1177.0
PT,D41PAY,2022-Q1,1121.0
PT,D41PAY,2022-Q2,1172.0
PT,D41PAY,2022-Q3,1222.4
PT,D41PAY,2022-Q4,1092.7
PT,D41PAY,2023-Q1,1317.2
PT,D41PAY,2023-Q2,1368.7
PT,D41PAY,2023-Q3,1487.9
PT,D41PAY,2023-Q4,1379.6
PT,D41PAY,2024-Q1,1443.9
PT,D41PAY,2024-Q2,1419.8
PT,D41PAY,2024-Q3,1575.9
PT,D41PAY,2024-Q4,1495.2
PT,D41PAY,2025-Q1,1503.6
PT,D41PAY,2025-Q2,1389.8
PT,D41PAY,2025-Q3,1580.6
PT,D41PAY,2025-Q4,1490.6
PT,D41PAY,2026-Q1,1520.9
BE,D62PAY,1995-Q1,8389.0
BE,D62PAY,1995-Q2,9128.5
BE,D62PAY,1995-Q3,8413.0
BE,D62PAY,1995-Q4,8544.3
BE,D62PAY,1996-Q1,8606.8
BE,D62PAY,1996-Q2,9082.5
BE,D62PAY,1996-Q3,8588.4
BE,D62PAY,1996-Q4,8531.4
BE,D62PAY,1997-Q1,8573.7
BE,D62PAY,1997-Q2,9085.8
BE,D62PAY,1997-Q3,8489.4
BE,D62PAY,1997-Q4,8642.5
BE,D62PAY,1998-Q1,8721.8
BE,D62PAY,1998-Q2,9241.5
BE,D62PAY,1998-Q3,8691.7
BE,D62PAY,1998-Q4,8743.6
BE,D62PAY,1999-Q1,8805.1
BE,D62PAY,1999-Q2,9476.2
BE,D62PAY,1999-Q3,8955.9
BE,D62PAY,1999-Q4,9054.9
BE,D62PAY,2000-Q1,9068.3
BE,D62PAY,2000-Q2,9701.6
BE,D62PAY,2000-Q3,9193.7
BE,D62PAY,2000-Q4,9268.0
BE,D62PAY,2001-Q1,9358.1
BE,D62PAY,2001-Q2,10091.8
BE,D62PAY,2001-Q3,9569.3
BE,D62PAY,2001-Q4,9770.7
BE,D62PAY,2002-Q1,9993.7
BE,D62PAY,2002-Q2,10871.5
BE,D62PAY,2002-Q3,10229.3
BE,D62PAY,2002-Q4,10371.4
BE,D62PAY,2003-Q1,10465.6
BE,D62PAY,2003-Q2,11286.8
BE,D62PAY,2003-Q3,10749.4
BE,D62PAY,2003-Q4,10851.1
BE,D62PAY,2004-Q1,11032.2
BE,D62PAY,2004-Q2,11700.0
BE,D62PAY,2004-Q3,11088.8
BE,D62PAY,2004-Q4,11203.5
BE,D62PAY,2005-Q1,11444.1
BE,D62PAY,2005-Q2,12128.7
BE,D62PAY,2005-Q3,11534.6
BE,D62PAY,2005-Q4,11570.2
BE,D62PAY,2006-Q1,11813.8
BE,D62PAY,2006-Q2,12573.2
BE,D62PAY,2006-Q3,11912.6
BE,D62PAY,2006-Q4,11978.5
BE,D62PAY,2007-Q1,12432.9
BE,D62PAY,2007-Q2,13238.4
BE,D62PAY,2007-Q3,12533.2
BE,D62PAY,2007-Q4,12598.5
BE,D62PAY,2008-Q1,12902.4
BE,D62PAY,2008-Q2,13993.5
BE,D62PAY,2008-Q3,13437.7
BE,D62PAY,2008-Q4,13733.1
BE,D62PAY,2009-Q1,14226.5
BE,D62PAY,2009-Q2,15024.8
BE,D62PAY,2009-Q3,14494.7
BE,D62PAY,2009-Q4,14451.0
BE,D62PAY,2010-Q1,14682.8
BE,D62PAY,2010-Q2,15352.3
BE,D62PAY,2010-Q3,14825.5
BE,D62PAY,2010-Q4,14838.2
BE,D62PAY,2011-Q1,15095.7
BE,D62PAY,2011-Q2,16042.8
BE,D62PAY,2011-Q3,15508.0
BE,D62PAY,2011-Q4,15529.6
BE,D62PAY,2012-Q1,15873.9
BE,D62PAY,2012-Q2,17148.6
BE,D62PAY,2012-Q3,16207.0
BE,D62PAY,2012-Q4,16196.2
BE,D62PAY,2013-Q1,16676.9
BE,D62PAY,2013-Q2,17881.6
BE,D62PAY,2013-Q3,16873.6
BE,D62PAY,2013-Q4,16802.6
BE,D62PAY,2014-Q1,17028.5
BE,D62PAY,2014-Q2,18235.9
BE,D62PAY,2014-Q3,17030.7
BE,D62PAY,2014-Q4,16940.6
BE,D62PAY,2015-Q1,17268.7
BE,D62PAY,2015-Q2,18604.6
BE,D62PAY,2015-Q3,17519.2
BE,D62PAY,2015-Q4,17331.3
BE,D62PAY,2016-Q1,17532.2
BE,D62PAY,2016-Q2,19031.0
BE,D62PAY,2016-Q3,18237.0
BE,D62PAY,2016-Q4,18056.3
BE,D62PAY,2017-Q1,18061.7
BE,D62PAY,2017-Q2,19659.0
BE,D62PAY,2017-Q3,18776.4
BE,D62PAY,2017-Q4,18658.4
BE,D62PAY,2018-Q1,18742.0
BE,D62PAY,2018-Q2,20280.4
BE,D62PAY,2018-Q3,19106.9
BE,D62PAY,2018-Q4,19293.7
BE,D62PAY,2019-Q1,19373.4
BE,D62PAY,2019-Q2,21128.6
BE,D62PAY,2019-Q3,19844.4
BE,D62PAY,2019-Q4,19712.9
BE,D62PAY,2020-Q1,21333.8
BE,D62PAY,2020-Q2,25849.0
BE,D62PAY,2020-Q3,21823.8
BE,D62PAY,2020-Q4,22537.5
BE,D62PAY,2021-Q1,22522.0
BE,D62PAY,2021-Q2,24234.9
BE,D62PAY,2021-Q3,22185.3
BE,D62PAY,2021-Q4,21626.6
BE,D62PAY,2022-Q1,22781.3
BE,D62PAY,2022-Q2,25090.2
BE,D62PAY,2022-Q3,23501.0
BE,D62PAY,2022-Q4,23582.8
BE,D62PAY,2023-Q1,24933.0
BE,D62PAY,2023-Q2,27258.1
BE,D62PAY,2023-Q3,25346.9
BE,D62PAY,2023-Q4,25234.8
BE,D62PAY,2024-Q1,26405.8
BE,D62PAY,2024-Q2,28996.2
BE,D62PAY,2024-Q3,27034.4
BE,D62PAY,2024-Q4,26803.6
BE,D62PAY,2025-Q1,27580.7
BE,D62PAY,2025-Q2,30166.9
BE,D62PAY,2025-Q3,27978.7
BE,D62PAY,2025-Q4,27604.5
BE,D62PAY,2026-Q1,28274.7
DE,D62PAY,2002-Q1,98878.0
DE,D62PAY,2002-Q2,97789.0
DE,D62PAY,2002-Q3,99471.0
DE,D62PAY,2002-Q4,101854.0
DE,D62PAY,2003-Q1,102565.0
DE,D62PAY,2003-Q2,101256.0
DE,D62PAY,2003-Q3,101774.0
DE,D62PAY,2003-Q4,103393.0
DE,D62PAY,2004-Q1,104747.0
DE,D62PAY,2004-Q2,102215.0
DE,D62PAY,2004-Q3,101564.0
DE,D62PAY,2004-Q4,102592.0
DE,D62PAY,2005-Q1,104123.0
DE,D62PAY,2005-Q2,103568.0
DE,D62PAY,2005-Q3,102243.0
DE,D62PAY,2005-Q4,102681.0
DE,D62PAY,2006-Q1,104583.0
DE,D62PAY,2006-Q2,102833.0
DE,D62PAY,2006-Q3,101148.0
DE,D62PAY,2006-Q4,100696.0
DE,D62PAY,2007-Q1,101894.0
DE,D62PAY,2007-Q2,100271.0
DE,D62PAY,2007-Q3,99767.0
DE,D62PAY,2007-Q4,99901.0
DE,D62PAY,2008-Q1,101874.0
DE,D62PAY,2008-Q2,100913.0
DE,D62PAY,2008-Q3,100921.0
DE,D62PAY,2008-Q4,101458.0
DE,D62PAY,2009-Q1,104987.0
DE,D62PAY,2009-Q2,106954.0
DE,D62PAY,2009-Q3,107782.0
DE,D62PAY,2009-Q4,107481.0
DE,D62PAY,2010-Q1,110161.0
DE,D62PAY,2010-Q2,107999.0
DE,D62PAY,2010-Q3,106602.0
DE,D62PAY,2010-Q4,106452.0
DE,D62PAY,2011-Q1,108716.0
DE,D62PAY,2011-Q2,105482.0
DE,D62PAY,2011-Q3,106001.0
DE,D62PAY,2011-Q4,105072.0
DE,D62PAY,2012-Q1,109362.0
DE,D62PAY,2012-Q2,106799.0
DE,D62PAY,2012-Q3,108070.0
DE,D62PAY,2012-Q4,107436.0
DE,D62PAY,2013-Q1,111684.0
DE,D62PAY,2013-Q2,109616.0
DE,D62PAY,2013-Q3,109920.0
DE,D62PAY,2013-Q4,108893.0
DE,D62PAY,2014-Q1,113898.0
DE,D62PAY,2014-Q2,110956.0
DE,D62PAY,2014-Q3,113443.0
DE,D62PAY,2014-Q4,114466.0
DE,D62PAY,2015-Q1,119187.0
DE,D62PAY,2015-Q2,116166.0
DE,D62PAY,2015-Q3,117835.0
DE,D62PAY,2015-Q4,118384.0
DE,D62PAY,2016-Q1,122219.0
DE,D62PAY,2016-Q2,120399.0
DE,D62PAY,2016-Q3,123769.0
DE,D62PAY,2016-Q4,122983.0
DE,D62PAY,2017-Q1,128527.0
DE,D62PAY,2017-Q2,125845.0
DE,D62PAY,2017-Q3,127799.0
DE,D62PAY,2017-Q4,127402.0
DE,D62PAY,2018-Q1,131798.0
DE,D62PAY,2018-Q2,129020.0
DE,D62PAY,2018-Q3,131395.0
DE,D62PAY,2018-Q4,131035.0
DE,D62PAY,2019-Q1,136815.0
DE,D62PAY,2019-Q2,135907.0
DE,D62PAY,2019-Q3,138790.0
DE,D62PAY,2019-Q4,138455.0
DE,D62PAY,2020-Q1,144237.0
DE,D62PAY,2020-Q2,149239.0
DE,D62PAY,2020-Q3,152001.0
DE,D62PAY,2020-Q4,149952.0
DE,D62PAY,2021-Q1,157575.0
DE,D62PAY,2021-Q2,154168.0
DE,D62PAY,2021-Q3,150224.0
DE,D62PAY,2021-Q4,148207.0
DE,D62PAY,2022-Q1,153360.0
DE,D62PAY,2022-Q2,150515.0
DE,D62PAY,2022-Q3,158217.0
DE,D62PAY,2022-Q4,155770.0
DE,D62PAY,2023-Q1,164692.0
DE,D62PAY,2023-Q2,161112.0
DE,D62PAY,2023-Q3,167669.0
DE,D62PAY,2023-Q4,167260.0
DE,D62PAY,2024-Q1,176059.0
DE,D62PAY,2024-Q2,174070.0
DE,D62PAY,2024-Q3,180413.0
DE,D62PAY,2024-Q4,178981.0
DE,D62PAY,2025-Q1,187493.0
DE,D62PAY,2025-Q2,184507.0
DE,D62PAY,2025-Q3,190034.0
DE,D62PAY,2025-Q4,189166.0
DE,D62PAY,2026-Q1,196845.0
ES,D62PAY,1995-Q1,13266.8
ES,D62PAY,1995-Q2,16500.0
ES,D62PAY,1995-Q3,14083.6
ES,D62PAY,1995-Q4,17878.4
ES,D62PAY,1996-Q1,14304.4
ES,D62PAY,1996-Q2,18015.1
ES,D62PAY,1996-Q3,14550.2
ES,D62PAY,1996-Q4,18863.1
ES,D62PAY,1997-Q1,14133.2
ES,D62PAY,1997-Q2,17956.0
ES,D62PAY,1997-Q3,14332.0
ES,D62PAY,1997-Q4,19288.4
ES,D62PAY,1998-Q1,14552.6
ES,D62PAY,1998-Q2,18322.0
ES,D62PAY,1998-Q3,14728.5
ES,D62PAY,1998-Q4,19454.9
ES,D62PAY,1999-Q1,15410.0
ES,D62PAY,1999-Q2,19331.0
ES,D62PAY,1999-Q3,15442.0
ES,D62PAY,1999-Q4,20302.0
ES,D62PAY,2000-Q1,16782.0
ES,D62PAY,2000-Q2,20780.0
ES,D62PAY,2000-Q3,16561.0
ES,D62PAY,2000-Q4,21185.0
ES,D62PAY,2001-Q1,17071.0
ES,D62PAY,2001-Q2,21900.0
ES,D62PAY,2001-Q3,17521.0
ES,D62PAY,2001-Q4,23427.0
ES,D62PAY,2002-Q1,18795.0
ES,D62PAY,2002-Q2,23949.0
ES,D62PAY,2002-Q3,18619.0
ES,D62PAY,2002-Q4,24802.0
ES,D62PAY,2003-Q1,20092.0
ES,D62PAY,2003-Q2,25231.0
ES,D62PAY,2003-Q3,20199.0
ES,D62PAY,2003-Q4,26476.0
ES,D62PAY,2004-Q1,21504.0
ES,D62PAY,2004-Q2,27133.0
ES,D62PAY,2004-Q3,21672.0
ES,D62PAY,2004-Q4,28672.0
ES,D62PAY,2005-Q1,22920.0
ES,D62PAY,2005-Q2,28890.0
ES,D62PAY,2005-Q3,23096.0
ES,D62PAY,2005-Q4,30944.0
ES,D62PAY,2006-Q1,24491.0
ES,D62PAY,2006-Q2,31159.0
ES,D62PAY,2006-Q3,24914.0
ES,D62PAY,2006-Q4,32661.0
ES,D62PAY,2007-Q1,26204.0
ES,D62PAY,2007-Q2,33308.0
ES,D62PAY,2007-Q3,26637.0
ES,D62PAY,2007-Q4,36932.0
ES,D62PAY,2008-Q1,28986.0
ES,D62PAY,2008-Q2,36987.0
ES,D62PAY,2008-Q3,30419.0
ES,D62PAY,2008-Q4,39890.0
ES,D62PAY,2009-Q1,33887.0
ES,D62PAY,2009-Q2,42213.0
ES,D62PAY,2009-Q3,34814.0
ES,D62PAY,2009-Q4,43460.0
ES,D62PAY,2010-Q1,36251.0
ES,D62PAY,2010-Q2,44167.0
ES,D62PAY,2010-Q3,35689.0
ES,D62PAY,2010-Q4,45762.0
ES,D62PAY,2011-Q1,36411.0
ES,D62PAY,2011-Q2,44082.0
ES,D62PAY,2011-Q3,36069.0
ES,D62PAY,2011-Q4,46226.0
ES,D62PAY,2012-Q1,37526.0
ES,D62PAY,2012-Q2,45869.0
ES,D62PAY,2012-Q3,37505.0
ES,D62PAY,2012-Q4,46991.0
ES,D62PAY,2013-Q1,38154.0
ES,D62PAY,2013-Q2,47174.0
ES,D62PAY,2013-Q3,38464.0
ES,D62PAY,2013-Q4,46615.0
ES,D62PAY,2014-Q1,37770.0
ES,D62PAY,2014-Q2,46903.0
ES,D62PAY,2014-Q3,37769.0
ES,D62PAY,2014-Q4,48267.0
ES,D62PAY,2015-Q1,37646.0
ES,D62PAY,2015-Q2,47108.0
ES,D62PAY,2015-Q3,37618.0
ES,D62PAY,2015-Q4,47877.0
ES,D62PAY,2016-Q1,38242.0
ES,D62PAY,2016-Q2,48556.0
ES,D62PAY,2016-Q3,38354.0
ES,D62PAY,2016-Q4,48557.0
ES,D62PAY,2017-Q1,38745.0
ES,D62PAY,2017-Q2,49469.0
ES,D62PAY,2017-Q3,39171.0
ES,D62PAY,2017-Q4,49961.0
ES,D62PAY,2018-Q1,39891.0
ES,D62PAY,2018-Q2,50983.0
ES,D62PAY,2018-Q3,41845.0
ES,D62PAY,2018-Q4,52560.0
ES,D62PAY,2019-Q1,42602.0
ES,D62PAY,2019-Q2,55148.0
ES,D62PAY,2019-Q3,43542.0
ES,D62PAY,2019-Q4,55595.0
ES,D62PAY,2020-Q1,46607.0
ES,D62PAY,2020-Q2,71294.0
ES,D62PAY,2020-Q3,49113.0
ES,D62PAY,2020-Q4,61007.0
ES,D62PAY,2021-Q1,51716.0
ES,D62PAY,2021-Q2,63792.0
ES,D62PAY,2021-Q3,49298.0
ES,D62PAY,2021-Q4,62682.0
ES,D62PAY,2022-Q1,50719.0
ES,D62PAY,2022-Q2,63857.0
ES,D62PAY,2022-Q3,50310.0
ES,D62PAY,2022-Q4,63599.0
ES,D62PAY,2023-Q1,54996.0
ES,D62PAY,2023-Q2,70938.0
ES,D62PAY,2023-Q3,55479.0
ES,D62PAY,2023-Q4,70304.0
ES,D62PAY,2024-Q1,58769.0
ES,D62PAY,2024-Q2,75741.0
ES,D62PAY,2024-Q3,59772.0
ES,D62PAY,2024-Q4,74531.0
ES,D62PAY,2025-Q1,62686.0
ES,D62PAY,2025-Q2,80230.0
ES,D62PAY,2025-Q3,63471.0
ES,D62PAY,2025-Q4,80164.0
ES,D62PAY,2026-Q1,66862.0
FR,D62PAY,1995-Q1,53008.9
FR,D62PAY,1995-Q2,53420.9
FR,D62PAY,1995-Q3,55211.6
FR,D62PAY,1995-Q4,54587.1
FR,D62PAY,1996-Q1,55699.8
FR,D62PAY,1996-Q2,56007.3
FR,D62PAY,1996-Q3,56821.4
FR,D62PAY,1996-Q4,55833.3
FR,D62PAY,1997-Q1,56599.4
FR,D62PAY,1997-Q2,56839.3
FR,D62PAY,1997-Q3,57610.7
FR,D62PAY,1997-Q4,57414.2
FR,D62PAY,1998-Q1,57900.5
FR,D62PAY,1998-Q2,57918.3
FR,D62PAY,1998-Q3,58976.7
FR,D62PAY,1998-Q4,59308.1
FR,D62PAY,1999-Q1,59833.5
FR,D62PAY,1999-Q2,60112.1
FR,D62PAY,1999-Q3,61221.2
FR,D62PAY,1999-Q4,60899.4
FR,D62PAY,2000-Q1,61416.0
FR,D62PAY,2000-Q2,61583.0
FR,D62PAY,2000-Q3,62405.5
FR,D62PAY,2000-Q4,62247.3
FR,D62PAY,2001-Q1,63189.1
FR,D62PAY,2001-Q2,63474.4
FR,D62PAY,2001-Q3,66104.9
FR,D62PAY,2001-Q4,66152.3
FR,D62PAY,2002-Q1,66290.4
FR,D62PAY,2002-Q2,66814.6
FR,D62PAY,2002-Q3,69368.8
FR,D62PAY,2002-Q4,69284.2
FR,D62PAY,2003-Q1,69088.3
FR,D62PAY,2003-Q2,69651.9
FR,D62PAY,2003-Q3,72572.6
FR,D62PAY,2003-Q4,71487.1
FR,D62PAY,2004-Q1,72074.4
FR,D62PAY,2004-Q2,73048.1
FR,D62PAY,2004-Q3,75833.3
FR,D62PAY,2004-Q4,74558.2
FR,D62PAY,2005-Q1,75913.2
FR,D62PAY,2005-Q2,76445.5
FR,D62PAY,2005-Q3,79006.4
FR,D62PAY,2005-Q4,77359.2
FR,D62PAY,2006-Q1,79648.2
FR,D62PAY,2006-Q2,79954.7
FR,D62PAY,2006-Q3,82833.4
FR,D62PAY,2006-Q4,81519.2
FR,D62PAY,2007-Q1,82804.0
FR,D62PAY,2007-Q2,83276.6
FR,D62PAY,2007-Q3,87117.8
FR,D62PAY,2007-Q4,84929.7
FR,D62PAY,2008-Q1,85558.4
FR,D62PAY,2008-Q2,85685.3
FR,D62PAY,2008-Q3,90151.8
FR,D62PAY,2008-Q4,88323.7
FR,D62PAY,2009-Q1,88840.6
FR,D62PAY,2009-Q2,91888.1
FR,D62PAY,2009-Q3,95866.0
FR,D62PAY,2009-Q4,93039.5
FR,D62PAY,2010-Q1,93528.1
FR,D62PAY,2010-Q2,94211.0
FR,D62PAY,2010-Q3,97956.2
FR,D62PAY,2010-Q4,95371.5
FR,D62PAY,2011-Q1,96028.1
FR,D62PAY,2011-Q2,97202.7
FR,D62PAY,2011-Q3,100714.1
FR,D62PAY,2011-Q4,98561.5
FR,D62PAY,2012-Q1,99381.2
FR,D62PAY,2012-Q2,100631.4
FR,D62PAY,2012-Q3,104181.4
FR,D62PAY,2012-Q4,102294.4
FR,D62PAY,2013-Q1,102817.5
FR,D62PAY,2013-Q2,103724.8
FR,D62PAY,2013-Q3,106977.4
FR,D62PAY,2013-Q4,105085.8
FR,D62PAY,2014-Q1,105167.3
FR,D62PAY,2014-Q2,105503.4
FR,D62PAY,2014-Q3,109290.5
FR,D62PAY,2014-Q4,107066.3
FR,D62PAY,2015-Q1,107079.7
FR,D62PAY,2015-Q2,107445.9
FR,D62PAY,2015-Q3,110737.2
FR,D62PAY,2015-Q4,108612.1
FR,D62PAY,2016-Q1,109123.4
FR,D62PAY,2016-Q2,109602.7
FR,D62PAY,2016-Q3,111345.2
FR,D62PAY,2016-Q4,110445.8
FR,D62PAY,2017-Q1,111003.1
FR,D62PAY,2017-Q2,111171.5
FR,D62PAY,2017-Q3,112917.3
FR,D62PAY,2017-Q4,112615.2
FR,D62PAY,2018-Q1,112947.5
FR,D62PAY,2018-Q2,113427.0
FR,D62PAY,2018-Q3,115487.6
FR,D62PAY,2018-Q4,115293.1
FR,D62PAY,2019-Q1,116576.9
FR,D62PAY,2019-Q2,116631.7
FR,D62PAY,2019-Q3,118729.7
FR,D62PAY,2019-Q4,118622.0
FR,D62PAY,2020-Q1,123656.9
FR,D62PAY,2020-Q2,139771.4
FR,D62PAY,2020-Q3,126280.7
FR,D62PAY,2020-Q4,128128.5
FR,D62PAY,2021-Q1,127216.0
FR,D62PAY,2021-Q2,126814.1
FR,D62PAY,2021-Q3,124636.6
FR,D62PAY,2021-Q4,127258.5
FR,D62PAY,2022-Q1,124351.0
FR,D62PAY,2022-Q2,124626.7
FR,D62PAY,2022-Q3,130635.4
FR,D62PAY,2022-Q4,130421.9
FR,D62PAY,2023-Q1,131469.4
FR,D62PAY,2023-Q2,131353.7
FR,D62PAY,2023-Q3,133772.2
FR,D62PAY,2023-Q4,134312.6
FR,D62PAY,2024-Q1,138890.3
FR,D62PAY,2024-Q2,139711.0
FR,D62PAY,2024-Q3,142676.8
FR,D62PAY,2024-Q4,142407.2
FR,D62PAY,2025-Q1,143969.2
FR,D62PAY,2025-Q2,144523.1
FR,D62PAY,2025-Q3,146418.5
FR,D62PAY,2025-Q4,145969.7
FR,D62PAY,2026-Q1,146690.3
IT,D62PAY,1999-Q1,42736.2
IT,D62PAY,1999-Q2,44791.0
IT,D62PAY,1999-Q3,45326.0
IT,D62PAY,1999-Q4,57570.8
IT,D62PAY,2000-Q1,45140.0
IT,D62PAY,2000-Q2,46463.0
IT,D62PAY,2000-Q3,46017.6
IT,D62PAY,2000-Q4,58102.4
IT,D62PAY,2001-Q1,47648.3
IT,D62PAY,2001-Q2,48613.9
IT,D62PAY,2001-Q3,47605.3
IT,D62PAY,2001-Q4,59240.6
IT,D62PAY,2002-Q1,49147.0
IT,D62PAY,2002-Q2,50100.0
IT,D62PAY,2002-Q3,50144.0
IT,D62PAY,2002-Q4,64887.0
IT,D62PAY,2003-Q1,51635.0
IT,D62PAY,2003-Q2,52545.0
IT,D62PAY,2003-Q3,52544.0
IT,D62PAY,2003-Q4,67641.0
IT,D62PAY,2004-Q1,54537.0
IT,D62PAY,2004-Q2,54806.0
IT,D62PAY,2004-Q3,54629.0
IT,D62PAY,2004-Q4,70623.0
IT,D62PAY,2005-Q1,56597.0
IT,D62PAY,2005-Q2,56449.0
IT,D62PAY,2005-Q3,56087.0
IT,D62PAY,2005-Q4,73112.0
IT,D62PAY,2006-Q1,59171.0
IT,D62PAY,2006-Q2,58761.0
IT,D62PAY,2006-Q3,58243.0
IT,D62PAY,2006-Q4,75929.0
IT,D62PAY,2007-Q1,61153.0
IT,D62PAY,2007-Q2,61689.0
IT,D62PAY,2007-Q3,60850.0
IT,D62PAY,2007-Q4,80715.1
IT,D62PAY,2008-Q1,63935.2
IT,D62PAY,2008-Q2,65024.2
IT,D62PAY,2008-Q3,65107.0
IT,D62PAY,2008-Q4,83203.7
IT,D62PAY,2009-Q1,67604.3
IT,D62PAY,2009-Q2,68222.4
IT,D62PAY,2009-Q3,68158.0
IT,D62PAY,2009-Q4,87642.3
IT,D62PAY,2010-Q1,69280.8
IT,D62PAY,2010-Q2,69889.5
IT,D62PAY,2010-Q3,69801.2
IT,D62PAY,2010-Q4,89723.5
IT,D62PAY,2011-Q1,71612.3
IT,D62PAY,2011-Q2,71037.7
IT,D62PAY,2011-Q3,70681.4
IT,D62PAY,2011-Q4,91146.5
IT,D62PAY,2012-Q1,73349.0
IT,D62PAY,2012-Q2,72826.6
IT,D62PAY,2012-Q3,72350.6
IT,D62PAY,2012-Q4,93221.8
IT,D62PAY,2013-Q1,75051.4
IT,D62PAY,2013-Q2,74921.7
IT,D62PAY,2013-Q3,74419.5
IT,D62PAY,2013-Q4,95585.4
IT,D62PAY,2014-Q1,75183.4
IT,D62PAY,2014-Q2,76203.1
IT,D62PAY,2014-Q3,77128.2
IT,D62PAY,2014-Q4,98495.3
IT,D62PAY,2015-Q1,77132.1
IT,D62PAY,2015-Q2,77382.8
IT,D62PAY,2015-Q3,78443.9
IT,D62PAY,2015-Q4,99965.2
IT,D62PAY,2016-Q1,78571.9
IT,D62PAY,2016-Q2,78454.4
IT,D62PAY,2016-Q3,79111.2
IT,D62PAY,2016-Q4,100232.6
IT,D62PAY,2017-Q1,79488.4
IT,D62PAY,2017-Q2,79321.7
IT,D62PAY,2017-Q3,80862.5
IT,D62PAY,2017-Q4,101731.4
IT,D62PAY,2018-Q1,80998.8
IT,D62PAY,2018-Q2,81031.4
IT,D62PAY,2018-Q3,82740.9
IT,D62PAY,2018-Q4,103702.8
IT,D62PAY,2019-Q1,83536.9
IT,D62PAY,2019-Q2,84149.8
IT,D62PAY,2019-Q3,85876.9
IT,D62PAY,2019-Q4,107639.4
IT,D62PAY,2020-Q1,89982.3
IT,D62PAY,2020-Q2,100145.8
IT,D62PAY,2020-Q3,93932.9
IT,D62PAY,2020-Q4,115114.1
IT,D62PAY,2021-Q1,92023.6
IT,D62PAY,2021-Q2,94625.1
IT,D62PAY,2021-Q3,94870.8
IT,D62PAY,2021-Q4,116356.6
IT,D62PAY,2022-Q1,92533.5
IT,D62PAY,2022-Q2,94444.4
IT,D62PAY,2022-Q3,100144.3
IT,D62PAY,2022-Q4,119770.9
IT,D62PAY,2023-Q1,100525.4
IT,D62PAY,2023-Q2,100242.8
IT,D62PAY,2023-Q3,100881.6
IT,D62PAY,2023-Q4,122634.2
IT,D62PAY,2024-Q1,105950.6
IT,D62PAY,2024-Q2,105839.0
IT,D62PAY,2024-Q3,106887.8
IT,D62PAY,2024-Q4,126958.8
IT,D62PAY,2025-Q1,108934.4
IT,D62PAY,2025-Q2,108911.7
IT,D62PAY,2025-Q3,110238.0
IT,D62PAY,2025-Q4,131113.9
IT,D62PAY,2026-Q1,111840.4
PT,D62PAY,1995-Q1,2097.4
PT,D62PAY,1995-Q2,2249.8
PT,D62PAY,1995-Q3,2578.7
PT,D62PAY,1995-Q4,2901.1
PT,D62PAY,1996-Q1,2281.8
PT,D62PAY,1996-Q2,2540.8
PT,D62PAY,1996-Q3,2704.8
PT,D62PAY,1996-Q4,3069.4
PT,D62PAY,1997-Q1,2440.5
PT,D62PAY,1997-Q2,2660.9
PT,D62PAY,1997-Q3,2862.9
PT,D62PAY,1997-Q4,3129.9
PT,D62PAY,1998-Q1,2628.8
PT,D62PAY,1998-Q2,2874.0
PT,D62PAY,1998-Q3,3090.6
PT,D62PAY,1998-Q4,3495.6
PT,D62PAY,1999-Q1,2840.4
PT,D62PAY,1999-Q2,3016.3
PT,D62PAY,1999-Q3,3318.8
PT,D62PAY,1999-Q4,3834.1
PT,D62PAY,2000-Q1,3076.5
PT,D62PAY,2000-Q2,3347.9
PT,D62PAY,2000-Q3,3769.6
PT,D62PAY,2000-Q4,4276.4
PT,D62PAY,2001-Q1,3331.4
PT,D62PAY,2001-Q2,3667.6
PT,D62PAY,2001-Q3,4138.3
PT,D62PAY,2001-Q4,4567.1
PT,D62PAY,2002-Q1,3741.6
PT,D62PAY,2002-Q2,4070.2
PT,D62PAY,2002-Q3,4469.4
PT,D62PAY,2002-Q4,4902.2
PT,D62PAY,2003-Q1,4186.8
PT,D62PAY,2003-Q2,4700.8
PT,D62PAY,2003-Q3,4844.6
PT,D62PAY,2003-Q4,5608.6
PT,D62PAY,2004-Q1,4555.8
PT,D62PAY,2004-Q2,5018.7
PT,D62PAY,2004-Q3,5287.3
PT,D62PAY,2004-Q4,5959.0
PT,D62PAY,2005-Q1,4986.9
PT,D62PAY,2005-Q2,5417.9
PT,D62PAY,2005-Q3,5632.8
PT,D62PAY,2005-Q4,6428.5
PT,D62PAY,2006-Q1,5217.4
PT,D62PAY,2006-Q2,5800.1
PT,D62PAY,2006-Q3,5871.0
PT,D62PAY,2006-Q4,6816.4
PT,D62PAY,2007-Q1,5628.1
PT,D62PAY,2007-Q2,6149.4
PT,D62PAY,2007-Q3,6207.4
PT,D62PAY,2007-Q4,7002.2
PT,D62PAY,2008-Q1,5683.7
PT,D62PAY,2008-Q2,5812.4
PT,D62PAY,2008-Q3,7247.8
PT,D62PAY,2008-Q4,7625.7
PT,D62PAY,2009-Q1,6264.9
PT,D62PAY,2009-Q2,6502.6
PT,D62PAY,2009-Q3,7966.0
PT,D62PAY,2009-Q4,8294.5
PT,D62PAY,2010-Q1,6589.3
PT,D62PAY,2010-Q2,6915.2
PT,D62PAY,2010-Q3,8046.1
PT,D62PAY,2010-Q4,8327.6
PT,D62PAY,2011-Q1,6828.9
PT,D62PAY,2011-Q2,6980.5
PT,D62PAY,2011-Q3,8026.6
PT,D62PAY,2011-Q4,8409.4
PT,D62PAY,2012-Q1,7090.1
PT,D62PAY,2012-Q2,7152.7
PT,D62PAY,2012-Q3,7785.4
PT,D62PAY,2012-Q4,7952.9
PT,D62PAY,2013-Q1,7599.5
PT,D62PAY,2013-Q2,7531.8
PT,D62PAY,2013-Q3,8307.2
PT,D62PAY,2013-Q4,8414.1
PT,D62PAY,2014-Q1,7408.1
PT,D62PAY,2014-Q2,7338.2
PT,D62PAY,2014-Q3,9066.7
PT,D62PAY,2014-Q4,7363.9
PT,D62PAY,2015-Q1,7473.9
PT,D62PAY,2015-Q2,7492.3
PT,D62PAY,2015-Q3,9154.4
PT,D62PAY,2015-Q4,7599.9
PT,D62PAY,2016-Q1,7537.5
PT,D62PAY,2016-Q2,7622.5
PT,D62PAY,2016-Q3,9302.7
PT,D62PAY,2016-Q4,7691.7
PT,D62PAY,2017-Q1,7433.4
PT,D62PAY,2017-Q2,7459.5
PT,D62PAY,2017-Q3,9186.7
PT,D62PAY,2017-Q4,8498.5
PT,D62PAY,2018-Q1,7463.3
PT,D62PAY,2018-Q2,7481.1
PT,D62PAY,2018-Q3,9212.7
PT,D62PAY,2018-Q4,9420.5
PT,D62PAY,2019-Q1,7651.3
PT,D62PAY,2019-Q2,7744.4
PT,D62PAY,2019-Q3,9575.4
PT,D62PAY,2019-Q4,9828.1
PT,D62PAY,2020-Q1,7955.8
PT,D62PAY,2020-Q2,8047.0
PT,D62PAY,2020-Q3,10026.1
PT,D62PAY,2020-Q4,10282.0
PT,D62PAY,2021-Q1,8384.1
PT,D62PAY,2021-Q2,8413.8
PT,D62PAY,2021-Q3,10310.4
PT,D62PAY,2021-Q4,10465.1
PT,D62PAY,2022-Q1,8645.3
PT,D62PAY,2022-Q2,8529.2
PT,D62PAY,2022-Q3,10579.4
PT,D62PAY,2022-Q4,12542.5
PT,D62PAY,2023-Q1,9045.1
PT,D62PAY,2023-Q2,9251.8
PT,D62PAY,2023-Q3,11764.3
PT,D62PAY,2023-Q4,12057.6
PT,D62PAY,2024-Q1,10168.5
PT,D62PAY,2024-Q2,10181.7
PT,D62PAY,2024-Q3,12629.3
PT,D62PAY,2024-Q4,13406.2
PT,D62PAY,2025-Q1,10837.3
PT,D62PAY,2025-Q2,10831.8
PT,D62PAY,2025-Q3,13960.0
PT,D62PAY,2025-Q4,13650.3
PT,D62PAY,2026-Q1,11248.8
BE,TE,1995-Q1,28458.8
BE,TE,1995-Q2,29698.8
BE,TE,1995-Q3,28324.2
BE,TE,1995-Q4,29498.4
BE,TE,1996-Q1,29413.7
BE,TE,1996-Q2,29983.6
BE,TE,1996-Q3,28771.0
BE,TE,1996-Q4,28541.8
BE,TE,1997-Q1,29301.8
BE,TE,1997-Q2,29493.2
BE,TE,1997-Q3,27663.8
BE,TE,1997-Q4,28655.5
BE,TE,1998-Q1,29617.7
BE,TE,1998-Q2,29658.2
BE,TE,1998-Q3,28675.0
BE,TE,1998-Q4,29764.0
BE,TE,1999-Q1,30547.7
BE,TE,1999-Q2,30732.0
BE,TE,1999-Q3,29594.1
BE,TE,1999-Q4,31483.9
BE,TE,2000-Q1,31600.8
BE,TE,2000-Q2,31968.3
BE,TE,2000-Q3,30492.1
BE,TE,2000-Q4,32584.4
BE,TE,2001-Q1,32488.5
BE,TE,2001-Q2,33109.0
BE,TE,2001-Q3,31706.9
BE,TE,2001-Q4,33222.5
BE,TE,2002-Q1,33699.0
BE,TE,2002-Q2,34712.6
BE,TE,2002-Q3,33300.3
BE,TE,2002-Q4,34652.4
BE,TE,2003-Q1,35494.1
BE,TE,2003-Q2,36212.2
BE,TE,2003-Q3,35018.6
BE,TE,2003-Q4,36820.2
BE,TE,2004-Q1,36916.3
BE,TE,2004-Q2,36870.3
BE,TE,2004-Q3,35385.2
BE,TE,2004-Q4,37216.4
BE,TE,2005-Q1,45735.1
BE,TE,2005-Q2,38853.6
BE,TE,2005-Q3,37319.6
BE,TE,2005-Q4,38883.3
BE,TE,2006-Q1,40207.4
BE,TE,2006-Q2,40159.5
BE,TE,2006-Q3,38865.1
BE,TE,2006-Q4,39407.4
BE,TE,2007-Q1,41950.9
BE,TE,2007-Q2,41837.6
BE,TE,2007-Q3,40664.9
BE,TE,2007-Q4,42417.9
BE,TE,2008-Q1,43599.2
BE,TE,2008-Q2,44581.2
BE,TE,2008-Q3,43406.8
BE,TE,2008-Q4,47011.5
BE,TE,2009-Q1,47084.0
BE,TE,2009-Q2,47872.8
BE,TE,2009-Q3,45942.4
BE,TE,2009-Q4,48722.0
BE,TE,2010-Q1,48658.5
BE,TE,2010-Q2,49014.8
BE,TE,2010-Q3,47784.6
BE,TE,2010-Q4,50338.7
BE,TE,2011-Q1,50730.2
BE,TE,2011-Q2,52137.0
BE,TE,2011-Q3,50780.4
BE,TE,2011-Q4,54765.5
BE,TE,2012-Q1,53332.4
BE,TE,2012-Q2,54389.8
BE,TE,2012-Q3,52308.3
BE,TE,2012-Q4,58163.9
BE,TE,2013-Q1,54912.0
BE,TE,2013-Q2,55730.9
BE,TE,2013-Q3,53988.8
BE,TE,2013-Q4,55966.9
BE,TE,2014-Q1,56746.3
BE,TE,2014-Q2,57039.6
BE,TE,2014-Q3,53689.3
BE,TE,2014-Q4,56938.9
BE,TE,2015-Q1,56090.8
BE,TE,2015-Q2,56753.8
BE,TE,2015-Q3,53787.7
BE,TE,2015-Q4,57263.4
BE,TE,2016-Q1,56157.1
BE,TE,2016-Q2,57012.2
BE,TE,2016-Q3,55649.1
BE,TE,2016-Q4,59890.3
BE,TE,2017-Q1,56610.6
BE,TE,2017-Q2,58461.7
BE,TE,2017-Q3,56374.9
BE,TE,2017-Q4,60252.3
BE,TE,2018-Q1,59152.4
BE,TE,2018-Q2,60916.9
BE,TE,2018-Q3,57845.2
BE,TE,2018-Q4,63093.7
BE,TE,2019-Q1,60888.9
BE,TE,2019-Q2,62884.5
BE,TE,2019-Q3,59890.6
BE,TE,2019-Q4,64455.4
BE,TE,2020-Q1,64946.6
BE,TE,2020-Q2,69504.4
BE,TE,2020-Q3,65264.3
BE,TE,2020-Q4,71360.9
BE,TE,2021-Q1,68756.6
BE,TE,2021-Q2,70409.3
BE,TE,2021-Q3,67667.2
BE,TE,2021-Q4,71184.8
BE,TE,2022-Q1,70137.4
BE,TE,2022-Q2,74848.5
BE,TE,2022-Q3,71823.6
BE,TE,2022-Q4,77936.4
BE,TE,2023-Q1,77502.7
BE,TE,2023-Q2,81098.1
BE,TE,2023-Q3,76648.6
BE,TE,2023-Q4,82801.5
BE,TE,2024-Q1,81184.3
BE,TE,2024-Q2,85532.5
BE,TE,2024-Q3,80754.2
BE,TE,2024-Q4,87629.1
BE,TE,2025-Q1,84147.5
BE,TE,2025-Q2,88364.5
BE,TE,2025-Q3,84469.3
BE,TE,2025-Q4,90975.1
BE,TE,2026-Q1,87364.7
DE,TE,2002-Q1,261325.0
DE,TE,2002-Q2,258605.0
DE,TE,2002-Q3,263611.0
DE,TE,2002-Q4,289097.0
DE,TE,2003-Q1,267234.0
DE,TE,2003-Q2,263788.0
DE,TE,2003-Q3,268918.0
DE,TE,2003-Q4,287161.0
DE,TE,2004-Q1,270001.0
DE,TE,2004-Q2,261387.0
DE,TE,2004-Q3,264427.0
DE,TE,2004-Q4,281265.0
DE,TE,2005-Q1,271939.0
DE,TE,2005-Q2,265491.0
DE,TE,2005-Q3,266733.0
DE,TE,2005-Q4,285830.0
DE,TE,2006-Q1,274826.0
DE,TE,2006-Q2,266298.0
DE,TE,2006-Q3,268376.0
DE,TE,2006-Q4,289774.0
DE,TE,2007-Q1,275713.0
DE,TE,2007-Q2,266300.0
DE,TE,2007-Q3,270514.0
DE,TE,2007-Q4,294352.0
DE,TE,2008-Q1,283660.0
DE,TE,2008-Q2,278791.0
DE,TE,2008-Q3,279524.0
DE,TE,2008-Q4,308305.0
DE,TE,2009-Q1,291330.0
DE,TE,2009-Q2,291904.0
DE,TE,2009-Q3,298590.0
DE,TE,2009-Q4,322995.0
DE,TE,2010-Q1,303143.0
DE,TE,2010-Q2,301222.0
DE,TE,2010-Q3,331875.0
DE,TE,2010-Q4,322467.0
DE,TE,2011-Q1,306307.0
DE,TE,2011-Q2,303819.0
DE,TE,2011-Q3,306283.0
DE,TE,2011-Q4,327654.0
DE,TE,2012-Q1,309106.0
DE,TE,2012-Q2,308613.0
DE,TE,2012-Q3,311502.0
DE,TE,2012-Q4,333286.0
DE,TE,2013-Q1,316813.0
DE,TE,2013-Q2,318280.0
DE,TE,2013-Q3,319117.0
DE,TE,2013-Q4,340390.0
DE,TE,2014-Q1,322559.0
DE,TE,2014-Q2,324152.0
DE,TE,2014-Q3,326801.0
DE,TE,2014-Q4,354820.0
DE,TE,2015-Q1,333730.0
DE,TE,2015-Q2,337085.0
DE,TE,2015-Q3,334061.0
DE,TE,2015-Q4,368417.0
DE,TE,2016-Q1,346071.0
DE,TE,2016-Q2,350131.0
DE,TE,2016-Q3,354853.0
DE,TE,2016-Q4,378201.0
DE,TE,2017-Q1,358505.0
DE,TE,2017-Q2,369538.0
DE,TE,2017-Q3,360628.0
DE,TE,2017-Q4,395881.0
DE,TE,2018-Q1,365788.0
DE,TE,2018-Q2,373320.0
DE,TE,2018-Q3,376484.0
DE,TE,2018-Q4,417736.0
DE,TE,2019-Q1,381160.0
DE,TE,2019-Q2,393634.0
DE,TE,2019-Q3,400133.0
DE,TE,2019-Q4,435688.0
DE,TE,2020-Q1,406412.0
DE,TE,2020-Q2,444220.0
DE,TE,2020-Q3,436569.0
DE,TE,2020-Q4,476583.0
DE,TE,2021-Q1,446352.0
DE,TE,2021-Q2,458001.0
DE,TE,2021-Q3,453857.0
DE,TE,2021-Q4,507609.0
DE,TE,2022-Q1,448380.0
DE,TE,2022-Q2,458092.0
DE,TE,2022-Q3,481753.0
DE,TE,2022-Q4,550983.0
DE,TE,2023-Q1,479192.0
DE,TE,2023-Q2,492247.0
DE,TE,2023-Q3,503127.0
DE,TE,2023-Q4,556867.0
DE,TE,2024-Q1,506543.0
DE,TE,2024-Q2,520187.0
DE,TE,2024-Q3,529019.0
DE,TE,2024-Q4,583968.0
DE,TE,2025-Q1,529287.0
DE,TE,2025-Q2,545781.0
DE,TE,2025-Q3,558828.0
DE,TE,2025-Q4,628691.0
DE,TE,2026-Q1,560944.0
ES,TE,1995-Q1,45352.6
ES,TE,1995-Q2,53073.8
ES,TE,1995-Q3,48026.3
ES,TE,1995-Q4,61014.7
ES,TE,1996-Q1,50832.5
ES,TE,1996-Q2,56672.8
ES,TE,1996-Q3,49379.6
ES,TE,1996-Q4,59997.1
ES,TE,1997-Q1,48061.6
ES,TE,1997-Q2,56085.0
ES,TE,1997-Q3,49743.1
ES,TE,1997-Q4,62030.6
ES,TE,1998-Q1,50673.7
ES,TE,1998-Q2,58502.3
ES,TE,1998-Q3,52675.6
ES,TE,1998-Q4,64689.1
ES,TE,1999-Q1,53217.0
ES,TE,1999-Q2,61982.0
ES,TE,1999-Q3,53748.0
ES,TE,1999-Q4,68832.0
ES,TE,2000-Q1,56632.0
ES,TE,2000-Q2,64779.0
ES,TE,2000-Q3,58685.0
ES,TE,2000-Q4,73171.0
ES,TE,2001-Q1,58823.0
ES,TE,2001-Q2,69648.0
ES,TE,2001-Q3,61083.0
ES,TE,2001-Q4,79641.0
ES,TE,2002-Q1,62982.0
ES,TE,2002-Q2,74511.0
ES,TE,2002-Q3,67390.0
ES,TE,2002-Q4,84644.0
ES,TE,2003-Q1,68623.0
ES,TE,2003-Q2,81054.0
ES,TE,2003-Q3,70241.0
ES,TE,2003-Q4,87878.0
ES,TE,2004-Q1,73704.0
ES,TE,2004-Q2,84210.0
ES,TE,2004-Q3,75629.0
ES,TE,2004-Q4,100123.0
ES,TE,2005-Q1,78350.0
ES,TE,2005-Q2,91305.0
ES,TE,2005-Q3,80921.0
ES,TE,2005-Q4,106209.0
ES,TE,2006-Q1,83949.0
ES,TE,2006-Q2,97373.0
ES,TE,2006-Q3,88936.0
ES,TE,2006-Q4,115499.0
ES,TE,2007-Q1,91706.0
ES,TE,2007-Q2,106900.0
ES,TE,2007-Q3,94993.0
ES,TE,2007-Q4,128565.0
ES,TE,2008-Q1,100956.0
ES,TE,2008-Q2,117856.0
ES,TE,2008-Q3,103976.0
ES,TE,2008-Q4,137025.0
ES,TE,2009-Q1,108770.0
ES,TE,2009-Q2,128625.0
ES,TE,2009-Q3,112263.0
ES,TE,2009-Q4,144695.0
ES,TE,2010-Q1,112926.0
ES,TE,2010-Q2,128622.0
ES,TE,2010-Q3,112390.0
ES,TE,2010-Q4,139879.0
ES,TE,2011-Q1,111803.0
ES,TE,2011-Q2,125677.0
ES,TE,2011-Q3,109431.0
ES,TE,2011-Q4,143997.0
ES,TE,2012-Q1,110011.0
ES,TE,2012-Q2,126123.0
ES,TE,2012-Q3,109102.0
ES,TE,2012-Q4,164700.0
ES,TE,2013-Q1,109176.0
ES,TE,2013-Q2,123479.0
ES,TE,2013-Q3,107718.0
ES,TE,2013-Q4,133025.0
ES,TE,2014-Q1,106405.0
ES,TE,2014-Q2,121829.0
ES,TE,2014-Q3,104446.0
ES,TE,2014-Q4,135161.0
ES,TE,2015-Q1,108125.0
ES,TE,2015-Q2,123843.0
ES,TE,2015-Q3,106955.0
ES,TE,2015-Q4,135970.0
ES,TE,2016-Q1,107618.0
ES,TE,2016-Q2,124181.0
ES,TE,2016-Q3,107509.0
ES,TE,2016-Q4,133409.0
ES,TE,2017-Q1,108532.0
ES,TE,2017-Q2,125795.0
ES,TE,2017-Q3,108500.0
ES,TE,2017-Q4,137081.0
ES,TE,2018-Q1,112888.0
ES,TE,2018-Q2,130524.0
ES,TE,2018-Q3,114218.0
ES,TE,2018-Q4,145563.0
ES,TE,2019-Q1,119154.0
ES,TE,2019-Q2,139062.0
ES,TE,2019-Q3,119596.0
ES,TE,2019-Q4,148957.0
ES,TE,2020-Q1,126954.0
ES,TE,2020-Q2,161341.0
ES,TE,2020-Q3,128104.0
ES,TE,2020-Q4,163765.0
ES,TE,2021-Q1,139271.0
ES,TE,2021-Q2,156240.0
ES,TE,2021-Q3,137901.0
ES,TE,2021-Q4,177712.0
ES,TE,2022-Q1,137494.0
ES,TE,2022-Q2,164669.0
ES,TE,2022-Q3,144137.0
ES,TE,2022-Q4,190817.0
ES,TE,2023-Q1,147965.0
ES,TE,2023-Q2,179389.0
ES,TE,2023-Q3,154131.0
ES,TE,2023-Q4,198740.0
ES,TE,2024-Q1,156679.0
ES,TE,2024-Q2,186719.0
ES,TE,2024-Q3,164130.0
ES,TE,2024-Q4,217473.0
ES,TE,2025-Q1,167104.0
ES,TE,2025-Q2,198908.0
ES,TE,2025-Q3,173792.0
ES,TE,2025-Q4,225080.0
ES,TE,2026-Q1,179057.0
FR,TE,1995-Q1,167836.0
FR,TE,1995-Q2,169968.2
FR,TE,1995-Q3,171759.2
FR,TE,1995-Q4,174435.9
FR,TE,1996-Q1,175750.6
FR,TE,1996-Q2,176829.0
FR,TE,1996-Q3,175845.3
FR,TE,1996-Q4,177292.2
FR,TE,1997-Q1,176757.4
FR,TE,1997-Q2,177826.1
FR,TE,1997-Q3,176443.2
FR,TE,1997-Q4,179932.8
FR,TE,1998-Q1,178881.3
FR,TE,1998-Q2,179841.6
FR,TE,1998-Q3,179375.2
FR,TE,1998-Q4,183985.1
FR,TE,1999-Q1,184510.6
FR,TE,1999-Q2,186769.8
FR,TE,1999-Q3,186783.2
FR,TE,1999-Q4,190525.3
FR,TE,2000-Q1,191286.6
FR,TE,2000-Q2,192386.6
FR,TE,2000-Q3,193879.0
FR,TE,2000-Q4,197796.5
FR,TE,2001-Q1,197868.3
FR,TE,2001-Q2,199678.3
FR,TE,2001-Q3,203160.2
FR,TE,2001-Q4,207518.9
FR,TE,2002-Q1,207675.5
FR,TE,2002-Q2,210510.0
FR,TE,2002-Q3,214116.2
FR,TE,2002-Q4,218805.7
FR,TE,2003-Q1,217508.2
FR,TE,2003-Q2,216800.9
FR,TE,2003-Q3,221474.5
FR,TE,2003-Q4,226002.1
FR,TE,2004-Q1,225799.8
FR,TE,2004-Q2,226164.1
FR,TE,2004-Q3,230109.9
FR,TE,2004-Q4,233832.6
FR,TE,2005-Q1,235500.8
FR,TE,2005-Q2,237174.2
FR,TE,2005-Q3,239810.0
FR,TE,2005-Q4,243657.5
FR,TE,2006-Q1,237429.2
FR,TE,2006-Q2,248416.9
FR,TE,2006-Q3,248143.8
FR,TE,2006-Q4,258251.0
FR,TE,2007-Q1,249383.2
FR,TE,2007-Q2,258043.9
FR,TE,2007-Q3,260256.0
FR,TE,2007-Q4,271604.5
FR,TE,2008-Q1,261010.7
FR,TE,2008-Q2,268930.5
FR,TE,2008-Q3,270182.5
FR,TE,2008-Q4,280096.7
FR,TE,2009-Q1,267166.0
FR,TE,2009-Q2,281658.5
FR,TE,2009-Q3,279781.1
FR,TE,2009-Q4,294001.7
FR,TE,2010-Q1,277022.6
FR,TE,2010-Q2,288599.2
FR,TE,2010-Q3,288572.5
FR,TE,2010-Q4,297767.6
FR,TE,2011-Q1,284667.2
FR,TE,2011-Q2,293188.3
FR,TE,2011-Q3,292434.9
FR,TE,2011-Q4,305414.3
FR,TE,2012-Q1,293228.7
FR,TE,2012-Q2,302477.5
FR,TE,2012-Q3,297693.9
FR,TE,2012-Q4,315552.9
FR,TE,2013-Q1,300563.5
FR,TE,2013-Q2,312138.6
FR,TE,2013-Q3,310201.8
FR,TE,2013-Q4,319454.1
FR,TE,2014-Q1,305676.9
FR,TE,2014-Q2,315892.5
FR,TE,2014-Q3,312117.5
FR,TE,2014-Q4,323962.2
FR,TE,2015-Q1,307035.9
FR,TE,2015-Q2,321877.9
FR,TE,2015-Q3,312864.7
FR,TE,2015-Q4,326229.3
FR,TE,2016-Q1,306135.7
FR,TE,2016-Q2,322888.2
FR,TE,2016-Q3,316965.8
FR,TE,2016-Q4,334658.4
FR,TE,2017-Q1,317171.3
FR,TE,2017-Q2,331429.2
FR,TE,2017-Q3,329011.3
FR,TE,2017-Q4,343832.9
FR,TE,2018-Q1,321717.8
FR,TE,2018-Q2,331551.5
FR,TE,2018-Q3,328956.2
FR,TE,2018-Q4,345406.8
FR,TE,2019-Q1,322184.9
FR,TE,2019-Q2,339221.5
FR,TE,2019-Q3,335853.4
FR,TE,2019-Q4,348895.9
FR,TE,2020-Q1,338532.6
FR,TE,2020-Q2,363834.5
FR,TE,2020-Q3,348524.1
FR,TE,2020-Q4,379465.9
FR,TE,2021-Q1,369887.2
FR,TE,2021-Q2,376824.5
FR,TE,2021-Q3,361115.7
FR,TE,2021-Q4,383553.7
FR,TE,2022-Q1,365507.3
FR,TE,2022-Q2,387274.3
FR,TE,2022-Q3,387597.3
FR,TE,2022-Q4,409952.6
FR,TE,2023-Q1,381574.3
FR,TE,2023-Q2,404240.3
FR,TE,2023-Q3,398339.8
FR,TE,2023-Q4,424115.4
FR,TE,2024-Q1,395488.8
FR,TE,2024-Q2,421594.9
FR,TE,2024-Q3,417764.0
FR,TE,2024-Q4,437860.2
FR,TE,2025-Q1,406212.9
FR,TE,2025-Q2,431454.3
FR,TE,2025-Q3,427461.2
FR,TE,2025-Q4,449092.8
FR,TE,2026-Q1,415127.0
IT,TE,1999-Q1,128029.0
IT,TE,1999-Q2,132095.0
IT,TE,1999-Q3,128938.0
IT,TE,1999-Q4,165289.0
IT,TE,2000-Q1,131718.0
IT,TE,2000-Q2,137322.0
IT,TE,2000-Q3,134168.0
IT,TE,2000-Q4,173962.0
IT,TE,2001-Q1,141528.0
IT,TE,2001-Q2,148267.0
IT,TE,2001-Q3,141724.0
IT,TE,2001-Q4,185259.0
IT,TE,2002-Q1,145592.0
IT,TE,2002-Q2,152639.0
IT,TE,2002-Q3,151392.0
IT,TE,2002-Q4,180603.0
IT,TE,2003-Q1,150364.0
IT,TE,2003-Q2,158615.0
IT,TE,2003-Q3,156448.0
IT,TE,2003-Q4,191844.0
IT,TE,2004-Q1,156913.0
IT,TE,2004-Q2,163897.0
IT,TE,2004-Q3,157599.0
IT,TE,2004-Q4,201692.0
IT,TE,2005-Q1,163515.0
IT,TE,2005-Q2,167935.0
IT,TE,2005-Q3,162183.0
IT,TE,2005-Q4,211731.0
IT,TE,2006-Q1,168276.0
IT,TE,2006-Q2,174881.0
IT,TE,2006-Q3,167932.0
IT,TE,2006-Q4,230781.0
IT,TE,2007-Q1,172125.0
IT,TE,2007-Q2,178884.0
IT,TE,2007-Q3,173179.0
IT,TE,2007-Q4,231537.0
IT,TE,2008-Q1,178970.0
IT,TE,2008-Q2,190864.0
IT,TE,2008-Q3,180825.0
IT,TE,2008-Q4,234232.0
IT,TE,2009-Q1,185956.0
IT,TE,2009-Q2,193645.0
IT,TE,2009-Q3,187119.0
IT,TE,2009-Q4,242008.0
IT,TE,2010-Q1,187424.0
IT,TE,2010-Q2,194372.0
IT,TE,2010-Q3,188301.0
IT,TE,2010-Q4,235620.0
IT,TE,2011-Q1,188863.0
IT,TE,2011-Q2,194640.0
IT,TE,2011-Q3,184995.0
IT,TE,2011-Q4,244052.0
IT,TE,2012-Q1,193219.0
IT,TE,2012-Q2,197658.0
IT,TE,2012-Q3,189697.0
IT,TE,2012-Q4,243728.0
IT,TE,2013-Q1,192415.0
IT,TE,2013-Q2,199631.0
IT,TE,2013-Q3,191732.0
IT,TE,2013-Q4,241455.0
IT,TE,2014-Q1,191216.0
IT,TE,2014-Q2,198668.0
IT,TE,2014-Q3,192016.0
IT,TE,2014-Q4,247732.0
IT,TE,2015-Q1,191637.0
IT,TE,2015-Q2,202366.0
IT,TE,2015-Q3,192322.0
IT,TE,2015-Q4,249369.0
IT,TE,2016-Q1,193348.0
IT,TE,2016-Q2,199545.0
IT,TE,2016-Q3,194076.0
IT,TE,2016-Q4,248068.0
IT,TE,2017-Q1,193568.0
IT,TE,2017-Q2,208292.0
IT,TE,2017-Q3,198671.0
IT,TE,2017-Q4,250484.0
IT,TE,2018-Q1,197496.0
IT,TE,2018-Q2,205820.0
IT,TE,2018-Q3,201191.0
IT,TE,2018-Q4,254510.0
IT,TE,2019-Q1,201396.0
IT,TE,2019-Q2,210713.0
IT,TE,2019-Q3,204251.0
IT,TE,2019-Q4,257238.0
IT,TE,2020-Q1,209767.0
IT,TE,2020-Q2,232065.0
IT,TE,2020-Q3,225646.0
IT,TE,2020-Q4,280818.0
IT,TE,2021-Q1,235714.0
IT,TE,2021-Q2,252432.0
IT,TE,2021-Q3,240207.0
IT,TE,2021-Q4,304175.0
IT,TE,2022-Q1,245264.0
IT,TE,2022-Q2,260274.0
IT,TE,2022-Q3,267412.0
IT,TE,2022-Q4,324677.0
IT,TE,2023-Q1,260202.0
IT,TE,2023-Q2,268916.0
IT,TE,2023-Q3,270011.0
IT,TE,2023-Q4,349954.0
IT,TE,2024-Q1,256568.0
IT,TE,2024-Q2,268761.0
IT,TE,2024-Q3,261053.0
IT,TE,2024-Q4,323422.0
IT,TE,2025-Q1,267925.0
IT,TE,2025-Q2,277152.0
IT,TE,2025-Q3,271811.0
IT,TE,2025-Q4,338421.0
IT,TE,2026-Q1,274987.0
PT,TE,1999-Q1,10538.5
PT,TE,1999-Q2,12315.7
PT,TE,1999-Q3,11948.5
PT,TE,1999-Q4,16119.4
PT,TE,2000-Q1,11381.5
PT,TE,2000-Q2,13101.9
PT,TE,2000-Q3,13275.9
PT,TE,2000-Q4,17015.3
PT,TE,2001-Q1,11889.8
PT,TE,2001-Q2,14586.6
PT,TE,2001-Q3,14454.7
PT,TE,2001-Q4,18983.7
PT,TE,2002-Q1,13247.8
PT,TE,2002-Q2,15328.4
PT,TE,2002-Q3,16416.7
PT,TE,2002-Q4,17360.1
PT,TE,2003-Q1,14264.9
PT,TE,2003-Q2,16139.8
PT,TE,2003-Q3,16271.1
PT,TE,2003-Q4,19675.7
PT,TE,2004-Q1,14970.0
PT,TE,2004-Q2,17394.5
PT,TE,2004-Q3,16649.9
PT,TE,2004-Q4,21434.0
PT,TE,2005-Q1,16112.1
PT,TE,2005-Q2,17844.9
PT,TE,2005-Q3,18023.6
PT,TE,2005-Q4,22190.6
PT,TE,2006-Q1,16381.6
PT,TE,2006-Q2,18721.9
PT,TE,2006-Q3,17706.4
PT,TE,2006-Q4,22409.8
PT,TE,2007-Q1,17259.1
PT,TE,2007-Q2,19224.4
PT,TE,2007-Q3,18660.6
PT,TE,2007-Q4,22964.6
PT,TE,2008-Q1,17703.0
PT,TE,2008-Q2,19201.0
PT,TE,2008-Q3,20850.2
PT,TE,2008-Q4,23711.6
PT,TE,2009-Q1,19233.5
PT,TE,2009-Q2,21192.2
PT,TE,2009-Q3,21888.3
PT,TE,2009-Q4,25845.8
PT,TE,2010-Q1,19279.6
PT,TE,2010-Q2,22567.4
PT,TE,2010-Q3,21643.9
PT,TE,2010-Q4,29833.6
PT,TE,2011-Q1,19378.8
PT,TE,2011-Q2,21819.5
PT,TE,2011-Q3,20728.1
PT,TE,2011-Q4,26281.1
PT,TE,2012-Q1,19471.2
PT,TE,2012-Q2,20517.7
PT,TE,2012-Q3,20031.0
PT,TE,2012-Q4,22284.2
PT,TE,2013-Q1,20426.1
PT,TE,2013-Q2,20186.6
PT,TE,2013-Q3,21122.2
PT,TE,2013-Q4,23529.3
PT,TE,2014-Q1,19250.9
PT,TE,2014-Q2,21794.3
PT,TE,2014-Q3,26705.9
PT,TE,2014-Q4,21797.5
PT,TE,2015-Q1,19814.2
PT,TE,2015-Q2,20947.5
PT,TE,2015-Q3,21681.9
PT,TE,2015-Q4,24233.8
PT,TE,2016-Q1,19199.6
PT,TE,2016-Q2,20646.4
PT,TE,2016-Q3,21909.8
PT,TE,2016-Q4,21865.2
PT,TE,2017-Q1,23259.7
PT,TE,2017-Q2,20627.4
PT,TE,2017-Q3,21837.0
PT,TE,2017-Q4,23205.0
PT,TE,2018-Q1,19381.4
PT,TE,2018-Q2,21717.9
PT,TE,2018-Q3,22150.0
PT,TE,2018-Q4,25476.6
PT,TE,2019-Q1,19839.4
PT,TE,2019-Q2,22352.9
PT,TE,2019-Q3,23189.1
PT,TE,2019-Q4,25735.7
PT,TE,2020-Q1,20483.9
PT,TE,2020-Q2,24088.0
PT,TE,2020-Q3,25267.2
PT,TE,2020-Q4,28914.4
PT,TE,2021-Q1,22791.7
PT,TE,2021-Q2,25376.7
PT,TE,2021-Q3,25134.7
PT,TE,2021-Q4,29192.1
PT,TE,2022-Q1,22598.2
PT,TE,2022-Q2,24210.0
PT,TE,2022-Q3,26021.4
PT,TE,2022-Q4,34204.0
PT,TE,2023-Q1,23552.3
PT,TE,2023-Q2,26616.3
PT,TE,2023-Q3,28206.1
PT,TE,2023-Q4,35266.2
PT,TE,2024-Q1,26016.2
PT,TE,2024-Q2,28770.3
PT,TE,2024-Q3,30884.8
PT,TE,2024-Q4,37134.1
PT,TE,2025-Q1,27804.2
PT,TE,2025-Q2,30479.7
PT,TE,2025-Q3,34307.4
PT,TE,2025-Q4,38350.1
PT,TE,2026-Q1,30005.2
BE,TR,1995-Q1,23302.2
BE,TR,1995-Q2,29642.9
BE,TR,1995-Q3,23635.4
BE,TR,1995-Q4,29507.5
BE,TR,1996-Q1,24041.1
BE,TR,1996-Q2,30060.2
BE,TR,1996-Q3,24325.0
BE,TR,1996-Q4,29408.0
BE,TR,1997-Q1,24130.8
BE,TR,1997-Q2,30652.6
BE,TR,1997-Q3,24775.5
BE,TR,1997-Q4,30730.6
BE,TR,1998-Q1,25099.5
BE,TR,1998-Q2,31973.3
BE,TR,1998-Q3,25390.6
BE,TR,1998-Q4,32915.8
BE,TR,1999-Q1,25866.8
BE,TR,1999-Q2,33761.3
BE,TR,1999-Q3,26874.4
BE,TR,1999-Q4,34284.1
BE,TR,2000-Q1,28646.5
BE,TR,2000-Q2,34887.1
BE,TR,2000-Q3,27821.0
BE,TR,2000-Q4,35087.9
BE,TR,2001-Q1,28784.9
BE,TR,2001-Q2,36728.4
BE,TR,2001-Q3,29074.2
BE,TR,2001-Q4,36555.4
BE,TR,2002-Q1,29798.8
BE,TR,2002-Q2,38015.9
BE,TR,2002-Q3,30976.5
BE,TR,2002-Q4,37453.4
BE,TR,2003-Q1,30251.7
BE,TR,2003-Q2,39225.2
BE,TR,2003-Q3,30406.2
BE,TR,2003-Q4,38420.3
BE,TR,2004-Q1,32175.8
BE,TR,2004-Q2,40252.3
BE,TR,2004-Q3,32589.0
BE,TR,2004-Q4,40662.5
BE,TR,2005-Q1,32376.8
BE,TR,2005-Q2,43585.3
BE,TR,2005-Q3,34492.1
BE,TR,2005-Q4,41919.4
BE,TR,2006-Q1,34264.2
BE,TR,2006-Q2,43068.4
BE,TR,2006-Q3,36752.6
BE,TR,2006-Q4,45332.8
BE,TR,2007-Q1,34809.5
BE,TR,2007-Q2,46654.9
BE,TR,2007-Q3,37856.8
BE,TR,2007-Q4,47778.9
BE,TR,2008-Q1,37015.4
BE,TR,2008-Q2,49270.8
BE,TR,2008-Q3,39843.9
BE,TR,2008-Q4,48615.9
BE,TR,2009-Q1,37374.6
BE,TR,2009-Q2,46988.0
BE,TR,2009-Q3,39138.6
BE,TR,2009-Q4,47176.5
BE,TR,2010-Q1,39711.2
BE,TR,2010-Q2,49700.2
BE,TR,2010-Q3,41131.8
BE,TR,2010-Q4,50240.1
BE,TR,2011-Q1,42806.6
BE,TR,2011-Q2,52726.3
BE,TR,2011-Q3,43033.4
BE,TR,2011-Q4,53024.9
BE,TR,2012-Q1,46138.9
BE,TR,2012-Q2,55304.6
BE,TR,2012-Q3,44671.7
BE,TR,2012-Q4,55209.7
BE,TR,2013-Q1,46513.5
BE,TR,2013-Q2,57399.5
BE,TR,2013-Q3,46221.6
BE,TR,2013-Q4,57980.1
BE,TR,2014-Q1,47921.3
BE,TR,2014-Q2,57243.6
BE,TR,2014-Q3,47638.0
BE,TR,2014-Q4,58753.0
BE,TR,2015-Q1,47127.4
BE,TR,2015-Q2,57772.2
BE,TR,2015-Q3,48386.3
BE,TR,2015-Q4,60323.8
BE,TR,2016-Q1,47085.3
BE,TR,2016-Q2,58563.6
BE,TR,2016-Q3,48876.0
BE,TR,2016-Q4,63768.3
BE,TR,2017-Q1,49612.3
BE,TR,2017-Q2,62568.7
BE,TR,2017-Q3,50906.6
BE,TR,2017-Q4,65227.0
BE,TR,2018-Q1,51359.2
BE,TR,2018-Q2,65967.9
BE,TR,2018-Q3,52938.4
BE,TR,2018-Q4,65925.7
BE,TR,2019-Q1,52136.3
BE,TR,2019-Q2,65808.2
BE,TR,2019-Q3,54351.7
BE,TR,2019-Q4,66004.0
BE,TR,2020-Q1,51461.4
BE,TR,2020-Q2,59480.7
BE,TR,2020-Q3,53843.2
BE,TR,2020-Q4,64392.3
BE,TR,2021-Q1,55702.2
BE,TR,2021-Q2,67455.7
BE,TR,2021-Q3,56455.3
BE,TR,2021-Q4,71068.4
BE,TR,2022-Q1,60949.6
BE,TR,2022-Q2,74423.4
BE,TR,2022-Q3,61583.7
BE,TR,2022-Q4,77906.1
BE,TR,2023-Q1,63836.0
BE,TR,2023-Q2,81187.9
BE,TR,2023-Q3,67055.9
BE,TR,2023-Q4,81251.2
BE,TR,2024-Q1,68518.8
BE,TR,2024-Q2,85109.7
BE,TR,2024-Q3,69810.0
BE,TR,2024-Q4,84606.0
BE,TR,2025-Q1,69589.5
BE,TR,2025-Q2,87235.9
BE,TR,2025-Q3,71138.7
BE,TR,2025-Q4,86772.3
BE,TR,2026-Q1,72114.6
DE,TR,2002-Q1,229387.0
DE,TR,2002-Q2,245341.0
DE,TR,2002-Q3,237262.0
DE,TR,2002-Q4,269798.0
DE,TR,2003-Q1,236787.0
DE,TR,2003-Q2,249691.0
DE,TR,2003-Q3,238129.0
DE,TR,2003-Q4,276682.0
DE,TR,2004-Q1,238402.0
DE,TR,2004-Q2,246679.0
DE,TR,2004-Q3,237948.0
DE,TR,2004-Q4,275606.0
DE,TR,2005-Q1,244715.0
DE,TR,2005-Q2,249928.0
DE,TR,2005-Q3,243112.0
DE,TR,2005-Q4,273842.0
DE,TR,2006-Q1,253981.0
DE,TR,2006-Q2,262259.0
DE,TR,2006-Q3,253976.0
DE,TR,2006-Q4,286474.0
DE,TR,2007-Q1,269428.0
DE,TR,2007-Q2,277369.0
DE,TR,2007-Q3,265506.0
DE,TR,2007-Q4,298513.0
DE,TR,2008-Q1,278129.0
DE,TR,2008-Q2,287384.0
DE,TR,2008-Q3,273844.0
DE,TR,2008-Q4,304114.0
DE,TR,2009-Q1,281062.0
DE,TR,2009-Q2,282742.0
DE,TR,2009-Q3,266592.0
DE,TR,2009-Q4,295216.0
DE,TR,2010-Q1,270992.0
DE,TR,2010-Q2,288488.0
DE,TR,2010-Q3,274052.0
DE,TR,2010-Q4,309555.0
DE,TR,2011-Q1,294396.0
DE,TR,2011-Q2,309353.0
DE,TR,2011-Q3,293148.0
DE,TR,2011-Q4,324092.0
DE,TR,2012-Q1,303951.0
DE,TR,2012-Q2,318057.0
DE,TR,2012-Q3,307491.0
DE,TR,2012-Q4,331487.0
DE,TR,2013-Q1,309562.0
DE,TR,2013-Q2,331732.0
DE,TR,2013-Q3,314398.0
DE,TR,2013-Q4,342420.0
DE,TR,2014-Q1,324425.0
DE,TR,2014-Q2,338998.0
DE,TR,2014-Q3,325835.0
DE,TR,2014-Q4,360906.0
DE,TR,2015-Q1,337562.0
DE,TR,2015-Q2,352294.0
DE,TR,2015-Q3,340246.0
DE,TR,2015-Q4,371430.0
DE,TR,2016-Q1,352346.0
DE,TR,2016-Q2,367756.0
DE,TR,2016-Q3,353941.0
DE,TR,2016-Q4,391450.0
DE,TR,2017-Q1,370096.0
DE,TR,2017-Q2,383038.0
DE,TR,2017-Q3,369632.0
DE,TR,2017-Q4,406357.0
DE,TR,2018-Q1,384730.0
DE,TR,2018-Q2,405319.0
DE,TR,2018-Q3,386421.0
DE,TR,2018-Q4,421525.0
DE,TR,2019-Q1,397849.0
DE,TR,2019-Q2,420208.0
DE,TR,2019-Q3,401490.0
DE,TR,2019-Q4,438017.0
DE,TR,2020-Q1,409595.0
DE,TR,2020-Q2,387868.0
DE,TR,2020-Q3,383671.0
DE,TR,2020-Q4,431519.0
DE,TR,2021-Q1,410498.0
DE,TR,2021-Q2,422458.0
DE,TR,2021-Q3,429368.0
DE,TR,2021-Q4,486865.0
DE,TR,2022-Q1,448674.0
DE,TR,2022-Q2,461232.0
DE,TR,2022-Q3,450737.0
DE,TR,2022-Q4,502427.0
DE,TR,2023-Q1,455581.0
DE,TR,2023-Q2,478886.0
DE,TR,2023-Q3,471555.0
DE,TR,2023-Q4,520162.0
DE,TR,2024-Q1,476914.0
DE,TR,2024-Q2,501491.0
DE,TR,2024-Q3,493187.0
DE,TR,2024-Q4,552830.0
DE,TR,2025-Q1,510142.0
DE,TR,2025-Q2,534336.0
DE,TR,2025-Q3,520972.0
DE,TR,2025-Q4,573522.0
DE,TR,2026-Q1,524578.0
ES,TR,1995-Q1,37050.0
ES,TR,1995-Q2,44464.9
ES,TR,1995-Q3,43130.4
ES,TR,1995-Q4,50923.7
ES,TR,1996-Q1,42931.0
ES,TR,1996-Q2,46196.5
ES,TR,1996-Q3,45432.3
ES,TR,1996-Q4,52600.1
ES,TR,1997-Q1,43492.9
ES,TR,1997-Q2,47680.6
ES,TR,1997-Q3,47506.7
ES,TR,1997-Q4,57132.1
ES,TR,1998-Q1,47437.3
ES,TR,1998-Q2,52236.1
ES,TR,1998-Q3,51453.2
ES,TR,1998-Q4,60896.0
ES,TR,1999-Q1,53058.0
ES,TR,1999-Q2,56891.0
ES,TR,1999-Q3,53509.0
ES,TR,1999-Q4,66939.0
ES,TR,2000-Q1,57458.0
ES,TR,2000-Q2,62257.0
ES,TR,2000-Q3,57583.0
ES,TR,2000-Q4,68449.0
ES,TR,2001-Q1,62720.0
ES,TR,2001-Q2,64685.0
ES,TR,2001-Q3,62784.0
ES,TR,2001-Q4,75817.0
ES,TR,2002-Q1,65170.0
ES,TR,2002-Q2,66480.0
ES,TR,2002-Q3,73741.0
ES,TR,2002-Q4,81780.0
ES,TR,2003-Q1,69910.0
ES,TR,2003-Q2,71329.0
ES,TR,2003-Q3,75850.0
ES,TR,2003-Q4,87698.0
ES,TR,2004-Q1,75152.0
ES,TR,2004-Q2,76454.0
ES,TR,2004-Q3,83774.0
ES,TR,2004-Q4,97345.0
ES,TR,2005-Q1,81095.0
ES,TR,2005-Q2,86342.0
ES,TR,2005-Q3,93019.0
ES,TR,2005-Q4,107750.0
ES,TR,2006-Q1,91382.0
ES,TR,2006-Q2,94584.0
ES,TR,2006-Q3,102929.0
ES,TR,2006-Q4,118184.0
ES,TR,2007-Q1,100097.0
ES,TR,2007-Q2,103103.0
ES,TR,2007-Q3,115002.0
ES,TR,2007-Q4,124249.0
ES,TR,2008-Q1,100961.0
ES,TR,2008-Q2,98597.0
ES,TR,2008-Q3,101502.0
ES,TR,2008-Q4,108022.0
ES,TR,2009-Q1,92883.0
ES,TR,2009-Q2,84088.0
ES,TR,2009-Q3,92877.0
ES,TR,2009-Q4,103929.0
ES,TR,2010-Q1,94530.0
ES,TR,2010-Q2,92946.0
ES,TR,2010-Q3,99874.0
ES,TR,2010-Q4,104274.0
ES,TR,2011-Q1,95997.0
ES,TR,2011-Q2,91770.0
ES,TR,2011-Q3,96715.0
ES,TR,2011-Q4,102851.0
ES,TR,2012-Q1,96532.0
ES,TR,2012-Q2,90843.0
ES,TR,2012-Q3,96952.0
ES,TR,2012-Q4,106515.0
ES,TR,2013-Q1,97740.0
ES,TR,2013-Q2,91534.0
ES,TR,2013-Q3,98982.0
ES,TR,2013-Q4,108337.0
ES,TR,2014-Q1,100038.0
ES,TR,2014-Q2,94228.0
ES,TR,2014-Q3,101329.0
ES,TR,2014-Q4,109530.0
ES,TR,2015-Q1,100385.0
ES,TR,2015-Q2,98589.0
ES,TR,2015-Q3,105195.0
ES,TR,2015-Q4,113476.0
ES,TR,2016-Q1,99533.0
ES,TR,2016-Q2,98649.0
ES,TR,2016-Q3,109552.0
ES,TR,2016-Q4,117582.0
ES,TR,2017-Q1,103698.0
ES,TR,2017-Q2,104908.0
ES,TR,2017-Q3,115476.0
ES,TR,2017-Q4,119923.0
ES,TR,2018-Q1,109157.0
ES,TR,2018-Q2,111247.0
ES,TR,2018-Q3,121966.0
ES,TR,2018-Q4,129880.0
ES,TR,2019-Q1,114499.0
ES,TR,2019-Q2,115932.0
ES,TR,2019-Q3,127933.0
ES,TR,2019-Q4,129983.0
ES,TR,2020-Q1,116422.0
ES,TR,2020-Q2,99242.0
ES,TR,2020-Q3,123092.0
ES,TR,2020-Q4,129511.0
ES,TR,2021-Q1,118596.0
ES,TR,2021-Q2,121859.0
ES,TR,2021-Q3,138844.0
ES,TR,2021-Q4,149651.0
ES,TR,2022-Q1,131156.0
ES,TR,2022-Q2,135886.0
ES,TR,2022-Q3,152194.0
ES,TR,2022-Q4,154776.0
ES,TR,2023-Q1,144536.0
ES,TR,2023-Q2,147257.0
ES,TR,2023-Q3,162921.0
ES,TR,2023-Q4,175484.0
ES,TR,2024-Q1,151501.0
ES,TR,2024-Q2,159912.0
ES,TR,2024-Q3,174935.0
ES,TR,2024-Q4,187386.0
ES,TR,2025-Q1,160700.0
ES,TR,2025-Q2,170987.0
ES,TR,2025-Q3,188687.0
ES,TR,2025-Q4,204180.0
ES,TR,2026-Q1,172627.0
FR,TR,1995-Q1,146220.2
FR,TR,1995-Q2,159742.4
FR,TR,1995-Q3,152403.5
FR,TR,1995-Q4,163294.9
FR,TR,1996-Q1,156868.2
FR,TR,1996-Q2,168931.8
FR,TR,1996-Q3,160541.6
FR,TR,1996-Q4,170263.5
FR,TR,1997-Q1,157296.0
FR,TR,1997-Q2,170728.5
FR,TR,1997-Q3,158906.5
FR,TR,1997-Q4,176550.7
FR,TR,1998-Q1,153803.7
FR,TR,1998-Q2,176803.6
FR,TR,1998-Q3,162185.4
FR,TR,1998-Q4,197478.3
FR,TR,1999-Q1,161779.2
FR,TR,1999-Q2,187321.3
FR,TR,1999-Q3,173645.7
FR,TR,1999-Q4,204298.4
FR,TR,2000-Q1,175206.1
FR,TR,2000-Q2,196429.9
FR,TR,2000-Q3,185782.4
FR,TR,2000-Q4,198587.9
FR,TR,2001-Q1,180990.9
FR,TR,2001-Q2,206961.0
FR,TR,2001-Q3,190920.9
FR,TR,2001-Q4,207666.1
FR,TR,2002-Q1,187060.1
FR,TR,2002-Q2,209027.3
FR,TR,2002-Q3,196659.8
FR,TR,2002-Q4,208239.3
FR,TR,2003-Q1,190884.0
FR,TR,2003-Q2,207938.9
FR,TR,2003-Q3,199888.6
FR,TR,2003-Q4,216757.1
FR,TR,2004-Q1,199335.9
FR,TR,2004-Q2,221153.4
FR,TR,2004-Q3,207424.2
FR,TR,2004-Q4,227693.1
FR,TR,2005-Q1,208287.3
FR,TR,2005-Q2,230185.6
FR,TR,2005-Q3,220038.2
FR,TR,2005-Q4,235830.1
FR,TR,2006-Q1,217116.1
FR,TR,2006-Q2,244030.9
FR,TR,2006-Q3,227643.0
FR,TR,2006-Q4,254388.2
FR,TR,2007-Q1,223812.7
FR,TR,2007-Q2,259011.3
FR,TR,2007-Q3,238522.2
FR,TR,2007-Q4,260005.6
FR,TR,2008-Q1,234136.9
FR,TR,2008-Q2,267742.3
FR,TR,2008-Q3,247387.1
FR,TR,2008-Q4,261264.3
FR,TR,2009-Q1,223948.6
FR,TR,2009-Q2,255868.1
FR,TR,2009-Q3,235007.8
FR,TR,2009-Q4,264949.0
FR,TR,2010-Q1,231439.0
FR,TR,2010-Q2,253930.9
FR,TR,2010-Q3,243879.5
FR,TR,2010-Q4,279951.9
FR,TR,2011-Q1,246675.0
FR,TR,2011-Q2,264678.9
FR,TR,2011-Q3,258866.9
FR,TR,2011-Q4,296098.4
FR,TR,2012-Q1,255448.6
FR,TR,2012-Q2,271948.5
FR,TR,2012-Q3,262922.9
FR,TR,2012-Q4,310645.6
FR,TR,2013-Q1,261619.7
FR,TR,2013-Q2,285287.5
FR,TR,2013-Q3,275968.8
FR,TR,2013-Q4,314770.3
FR,TR,2014-Q1,269739.6
FR,TR,2014-Q2,289435.1
FR,TR,2014-Q3,279900.3
FR,TR,2014-Q4,320070.4
FR,TR,2015-Q1,274929.1
FR,TR,2015-Q2,292838.3
FR,TR,2015-Q3,285466.7
FR,TR,2015-Q4,329092.6
FR,TR,2016-Q1,278920.7
FR,TR,2016-Q2,297646.7
FR,TR,2016-Q3,286595.9
FR,TR,2016-Q4,333459.6
FR,TR,2017-Q1,284476.7
FR,TR,2017-Q2,307345.4
FR,TR,2017-Q3,298066.2
FR,TR,2017-Q4,354498.4
FR,TR,2018-Q1,295296.1
FR,TR,2018-Q2,314276.4
FR,TR,2018-Q3,307435.5
FR,TR,2018-Q4,356008.2
FR,TR,2019-Q1,293618.0
FR,TR,2019-Q2,318487.5
FR,TR,2019-Q3,307986.8
FR,TR,2019-Q4,367837.9
FR,TR,2020-Q1,287843.5
FR,TR,2020-Q2,278737.8
FR,TR,2020-Q3,308607.2
FR,TR,2020-Q4,348084.0
FR,TR,2021-Q1,297797.6
FR,TR,2021-Q2,319817.0
FR,TR,2021-Q3,324198.6
FR,TR,2021-Q4,384418.6
FR,TR,2022-Q1,323403.8
FR,TR,2022-Q2,357004.8
FR,TR,2022-Q3,347457.9
FR,TR,2022-Q4,396569.1
FR,TR,2023-Q1,339539.5
FR,TR,2023-Q2,358998.9
FR,TR,2023-Q3,351404.7
FR,TR,2023-Q4,406407.4
FR,TR,2024-Q1,349324.7
FR,TR,2024-Q2,373399.6
FR,TR,2024-Q3,364530.8
FR,TR,2024-Q4,416335.0
FR,TR,2025-Q1,361516.9
FR,TR,2025-Q2,384881.8
FR,TR,2025-Q3,377711.5
FR,TR,2025-Q4,437579.5
FR,TR,2026-Q1,369528.6
IT,TR,1999-Q1,105268.0
IT,TR,1999-Q2,133507.0
IT,TR,1999-Q3,123351.0
IT,TR,1999-Q4,171327.0
IT,TR,2000-Q1,113806.0
IT,TR,2000-Q2,135092.0
IT,TR,2000-Q3,126633.0
IT,TR,2000-Q4,171514.0
IT,TR,2001-Q1,108676.0
IT,TR,2001-Q2,144644.0
IT,TR,2001-Q3,136251.0
IT,TR,2001-Q4,185581.0
IT,TR,2002-Q1,113688.0
IT,TR,2002-Q2,147209.0
IT,TR,2002-Q3,137280.0
IT,TR,2002-Q4,193012.0
IT,TR,2003-Q1,117169.0
IT,TR,2003-Q2,162438.0
IT,TR,2003-Q3,140141.0
IT,TR,2003-Q4,192377.0
IT,TR,2004-Q1,119869.0
IT,TR,2004-Q2,161466.0
IT,TR,2004-Q3,142080.0
IT,TR,2004-Q4,206248.0
IT,TR,2005-Q1,125765.0
IT,TR,2005-Q2,156750.0
IT,TR,2005-Q3,148454.0
IT,TR,2005-Q4,212955.0
IT,TR,2006-Q1,132307.0
IT,TR,2006-Q2,174216.0
IT,TR,2006-Q3,155954.0
IT,TR,2006-Q4,223154.0
IT,TR,2007-Q1,137847.0
IT,TR,2007-Q2,181902.0
IT,TR,2007-Q3,171824.0
IT,TR,2007-Q4,242649.0
IT,TR,2008-Q1,146807.0
IT,TR,2008-Q2,183524.0
IT,TR,2008-Q3,175805.0
IT,TR,2008-Q4,236281.0
IT,TR,2009-Q1,143366.0
IT,TR,2009-Q2,180403.0
IT,TR,2009-Q3,172015.0
IT,TR,2009-Q4,232844.0
IT,TR,2010-Q1,146785.0
IT,TR,2010-Q2,181808.0
IT,TR,2010-Q3,177007.0
IT,TR,2010-Q4,232787.0
IT,TR,2011-Q1,153595.0
IT,TR,2011-Q2,182818.0
IT,TR,2011-Q3,177095.0
IT,TR,2011-Q4,240629.0
IT,TR,2012-Q1,156264.0
IT,TR,2012-Q2,185271.0
IT,TR,2012-Q3,183793.0
IT,TR,2012-Q4,250223.0
IT,TR,2013-Q1,155927.0
IT,TR,2013-Q2,196788.0
IT,TR,2013-Q3,179123.0
IT,TR,2013-Q4,246791.0
IT,TR,2014-Q1,158182.0
IT,TR,2014-Q2,194058.0
IT,TR,2014-Q3,181804.0
IT,TR,2014-Q4,249480.0
IT,TR,2015-Q1,160289.0
IT,TR,2015-Q2,199042.0
IT,TR,2015-Q3,185148.0
IT,TR,2015-Q4,250313.0
IT,TR,2016-Q1,162941.0
IT,TR,2016-Q2,199421.0
IT,TR,2016-Q3,185908.0
IT,TR,2016-Q4,245771.0
IT,TR,2017-Q1,167851.0
IT,TR,2017-Q2,201308.0
IT,TR,2017-Q3,187433.0
IT,TR,2017-Q4,250657.0
IT,TR,2018-Q1,170570.0
IT,TR,2018-Q2,206592.0
IT,TR,2018-Q3,190161.0
IT,TR,2018-Q4,252727.0
IT,TR,2019-Q1,175464.0
IT,TR,2019-Q2,212845.0
IT,TR,2019-Q3,195303.0
IT,TR,2019-Q4,263824.0
IT,TR,2020-Q1,168659.0
IT,TR,2020-Q2,185124.0
IT,TR,2020-Q3,183607.0
IT,TR,2020-Q4,254278.0
IT,TR,2021-Q1,175430.0
IT,TR,2021-Q2,213623.0
IT,TR,2021-Q3,205951.0
IT,TR,2021-Q4,273989.0
IT,TR,2022-Q1,191184.0
IT,TR,2022-Q2,232586.0
IT,TR,2022-Q3,222703.0
IT,TR,2022-Q4,289285.0
IT,TR,2023-Q1,204715.0
IT,TR,2023-Q2,242712.0
IT,TR,2023-Q3,236124.0
IT,TR,2023-Q4,312666.0
IT,TR,2024-Q1,214134.0
IT,TR,2024-Q2,248929.0
IT,TR,2024-Q3,245909.0
IT,TR,2024-Q4,327053.0
IT,TR,2025-Q1,223073.0
IT,TR,2025-Q2,262101.0
IT,TR,2025-Q3,253837.0
IT,TR,2025-Q4,346916.0
IT,TR,2026-Q1,231947.0
PT,TR,1999-Q1,10430.3
PT,TR,1999-Q2,12256.6
PT,TR,1999-Q3,11507.1
PT,TR,1999-Q4,13102.4
PT,TR,2000-Q1,11055.4
PT,TR,2000-Q2,12663.2
PT,TR,2000-Q3,12742.1
PT,TR,2000-Q4,14241.7
PT,TR,2001-Q1,11368.2
PT,TR,2001-Q2,13366.0
PT,TR,2001-Q3,13163.5
PT,TR,2001-Q4,15579.3
PT,TR,2002-Q1,12455.8
PT,TR,2002-Q2,14541.3
PT,TR,2002-Q3,13785.2
PT,TR,2002-Q4,16884.1
PT,TR,2003-Q1,12440.8
PT,TR,2003-Q2,13938.6
PT,TR,2003-Q3,13384.6
PT,TR,2003-Q4,18262.5
PT,TR,2004-Q1,12918.9
PT,TR,2004-Q2,15597.9
PT,TR,2004-Q3,14423.6
PT,TR,2004-Q4,18065.1
PT,TR,2005-Q1,13722.1
PT,TR,2005-Q2,16815.1
PT,TR,2005-Q3,15329.7
PT,TR,2005-Q4,18585.0
PT,TR,2006-Q1,14797.0
PT,TR,2006-Q2,17672.9
PT,TR,2006-Q3,16625.3
PT,TR,2006-Q4,19196.4
PT,TR,2007-Q1,15607.6
PT,TR,2007-Q2,19014.1
PT,TR,2007-Q3,17972.9
PT,TR,2007-Q4,20468.9
PT,TR,2008-Q1,17123.7
PT,TR,2008-Q2,18858.4
PT,TR,2008-Q3,17406.2
PT,TR,2008-Q4,21252.4
PT,TR,2009-Q1,15987.8
PT,TR,2009-Q2,16043.8
PT,TR,2009-Q3,19274.8
PT,TR,2009-Q4,19532.5
PT,TR,2010-Q1,15718.4
PT,TR,2010-Q2,17401.6
PT,TR,2010-Q3,18705.0
PT,TR,2010-Q4,20962.3
PT,TR,2011-Q1,16414.4
PT,TR,2011-Q2,17508.1
PT,TR,2011-Q3,19340.0
PT,TR,2011-Q4,21320.9
PT,TR,2012-Q1,16458.3
PT,TR,2012-Q2,17422.1
PT,TR,2012-Q3,18605.6
PT,TR,2012-Q4,19364.6
PT,TR,2013-Q1,16564.8
PT,TR,2013-Q2,18339.5
PT,TR,2013-Q3,19627.3
PT,TR,2013-Q4,21834.2
PT,TR,2014-Q1,16930.0
PT,TR,2014-Q2,18844.5
PT,TR,2014-Q3,20478.0
PT,TR,2014-Q4,20544.6
PT,TR,2015-Q1,17288.4
PT,TR,2015-Q2,19169.8
PT,TR,2015-Q3,21098.3
PT,TR,2015-Q4,21094.9
PT,TR,2016-Q1,17804.9
PT,TR,2016-Q2,19390.5
PT,TR,2016-Q3,20887.3
PT,TR,2016-Q4,21916.3
PT,TR,2017-Q1,18416.8
PT,TR,2017-Q2,19508.7
PT,TR,2017-Q3,22871.4
PT,TR,2017-Q4,22262.6
PT,TR,2018-Q1,18875.8
PT,TR,2018-Q2,20162.9
PT,TR,2018-Q3,24943.6
PT,TR,2018-Q4,23870.7
PT,TR,2019-Q1,19826.3
PT,TR,2019-Q2,21204.3
PT,TR,2019-Q3,25563.4
PT,TR,2019-Q4,24772.2
PT,TR,2020-Q1,19947.9
PT,TR,2020-Q2,19377.3
PT,TR,2020-Q3,23151.3
PT,TR,2020-Q4,24713.1
PT,TR,2021-Q1,19980.8
PT,TR,2021-Q2,22354.3
PT,TR,2021-Q3,26985.6
PT,TR,2021-Q4,27057.3
PT,TR,2022-Q1,22198.3
PT,TR,2022-Q2,25207.5
PT,TR,2022-Q3,30004.5
PT,TR,2022-Q4,28866.0
PT,TR,2023-Q1,24409.1
PT,TR,2023-Q2,27348.4
PT,TR,2023-Q3,33286.7
PT,TR,2023-Q4,31626.4
PT,TR,2024-Q1,26222.0
PT,TR,2024-Q2,30038.8
PT,TR,2024-Q3,35095.0
PT,TR,2024-Q4,33312.1
PT,TR,2025-Q1,27813.1
PT,TR,2025-Q2,32159.0
PT,TR,2025-Q3,37103.1
PT,TR,2025-Q4,35924.8
PT,TR,2026-Q1,29495.5
