date,vinci,eiffage,bouygues,thales,dassault_aviation,cac40
2012-01-02,34.45000076293945,19.459999084472656,24.8799991607666,24.399999618530273,56.5,
2012-01-03,34.755001068115234,20.25,24.94499969482422,24.3799991607666,58.0,3245.39990234375
2012-01-04,34.54999923706055,19.979999542236328,24.635000228881836,24.0,57.70000076293945,3193.64990234375
2012-01-05,34.060001373291016,18.799999237060547,24.049999237060547,23.5,58.5,3144.909912109375
2012-01-06,33.73500061035156,19.040000915527344,23.729999542236328,23.829999923706055,58.900001525878906,3137.360107421875
2012-01-09,33.845001220703125,18.795000076293945,23.600000381469727,23.344999313354492,59.849998474121094,3127.68994140625
2012-01-10,35.0,19.850000381469727,23.239999771118164,23.889999389648438,59.999000549316406,3210.7900390625
2012-01-11,35.47999954223633,21.44499969482422,23.299999237060547,24.739999771118164,60.70000076293945,3204.830078125
2012-01-12,35.39500045776367,21.665000915527344,23.3700008392334,24.81999969482422,60.17499923706055,3199.97998046875
2012-01-13,35.04499816894531,21.454999923706055,23.860000610351562,24.684999465942383,60.180999755859375,3196.489990234375
2012-01-16,35.189998626708984,21.625,23.790000915527344,24.709999084472656,59.0,3225.0
2012-01-17,36.0099983215332,22.389999389648438,24.360000610351562,25.045000076293945,60.5,3269.989990234375
2012-01-18,36.20000076293945,22.815000534057617,24.440000534057617,25.110000610351562,61.0,3264.929931640625
2012-01-19,36.834999084472656,24.31999969482422,24.959999084472656,25.645000457763672,61.099998474121094,3328.93994140625
2012-01-20,36.77000045776367,23.614999771118164,24.649999618530273,25.655000686645508,60.349998474121094,3321.5
2012-01-23,37.05500030517578,24.225000381469727,24.704999923706055,25.600000381469727,60.540000915527344,3338.419921875
2012-01-24,36.32500076293945,23.415000915527344,24.05500030517578,25.450000762939453,60.58399963378906,3322.64990234375
2012-01-25,36.39500045776367,23.219999313354492,24.010000228881836,25.270000457763672,60.564998626708984,3312.47998046875
2012-01-26,36.994998931884766,23.704999923706055,24.200000762939453,25.71500015258789,59.5,3363.22998046875
2012-01-27,36.314998626708984,23.469999313354492,24.094999313354492,25.559999465942383,59.5099983215332,3318.760009765625
2012-01-30,35.36000061035156,22.450000762939453,23.450000762939453,25.024999618530273,61.20000076293945,3265.639892578125
2012-01-31,35.459999084472656,23.454999923706055,23.7549991607666,26.155000686645508,72.5,3298.550048828125
2012-02-01,36.119998931884766,25.389999389648438,24.1200008392334,27.065000534057617,67.9000015258789,3367.4599609375
2012-02-02,36.5,25.34000015258789,25.170000076293945,27.0,66.00399780273438,3376.659912109375
2012-02-03,37.15999984741211,25.815000534057617,25.360000610351562,27.55500030517578,69.0,3427.919921875
2012-02-06,36.96500015258789,25.395000457763672,25.299999237060547,27.399999618530273,69.5,3405.27001953125
2012-02-07,36.83000183105469,25.5,25.104999542236328,27.2450008392334,68.21700286865234,3411.5400390625
2012-02-08,37.78499984741211,26.364999771118164,25.19499969482422,26.899999618530273,69.49800109863281,3410.0
2012-02-09,38.40999984741211,26.575000762939453,25.28499984741211,27.0,69.32499694824219,3424.7099609375
2012-02-10,38.10499954223633,26.0049991607666,24.649999618530273,26.7450008392334,67.53099822998047,3373.139892578125
2012-02-13,38.08000183105469,25.860000610351562,24.674999237060547,26.985000610351562,70.44100189208984,3384.550048828125
2012-02-14,38.040000915527344,25.18000030517578,24.520000457763672,26.950000762939453,70.0009994506836,3375.639892578125
2012-02-15,37.849998474121094,25.28499984741211,24.434999465942383,27.200000762939453,70.45500183105469,3390.35009765625
2012-02-16,37.595001220703125,25.094999313354492,24.389999389648438,27.06999969482422,70.50299835205078,3393.25
2012-02-17,38.154998779296875,26.665000915527344,25.104999542236328,27.399999618530273,71.0999984741211,3439.6201171875
2012-02-20,38.82500076293945,26.844999313354492,25.44499969482422,27.55500030517578,68.63500213623047,3472.5400390625
2012-02-21,38.849998474121094,25.93000030517578,25.270000457763672,27.3700008392334,69.30000305175781,3465.239990234375
2012-02-22,38.36000061035156,26.040000915527344,25.094999313354492,27.454999923706055,69.9000015258789,3447.3701171875
2012-02-23,38.529998779296875,25.40999984741211,24.459999084472656,27.274999618530273,68.40899658203125,3447.31005859375
2012-02-24,38.625,29.510000228881836,24.71500015258789,27.530000686645508,69.0999984741211,3467.030029296875
2012-02-27,38.345001220703125,28.704999923706055,24.43000030517578,26.920000076293945,70.89900207519531,3441.449951171875
2012-02-28,38.85499954223633,30.094999313354492,24.389999389648438,26.934999465942383,70.06900024414062,3453.989990234375
2012-02-29,39.084999084472656,29.8700008392334,23.8799991607666,27.094999313354492,70.99299621582031,3452.449951171875
2012-03-01,39.494998931884766,30.475000381469727,23.799999237060547,27.329999923706055,69.552001953125,3499.72998046875
2012-03-02,39.40999984741211,30.510000228881836,23.75,27.299999237060547,69.8489990234375,3501.169921875
2012-03-05,39.4900016784668,29.950000762939453,23.735000610351562,27.25,68.62200164794922,3487.5400390625
2012-03-06,37.755001068115234,28.274999618530273,23.21500015258789,26.3700008392334,68.6240005493164,3362.56005859375
2012-03-07,38.39500045776367,29.200000762939453,23.524999618530273,27.09000015258789,68.5,3392.330078125
2012-03-08,39.189998626708984,30.520000457763672,23.799999237060547,27.844999313354492,69.0,3478.360107421875
2012-03-09,39.35499954223633,30.950000762939453,23.889999389648438,27.9950008392334,68.5009994506836,3487.47998046875
2012-03-12,39.67499923706055,30.885000228881836,23.809999465942383,28.135000228881836,69.0,3490.06005859375
2012-03-13,40.0,31.795000076293945,24.209999084472656,28.55500030517578,69.09300231933594,3550.159912109375
2012-03-14,40.27000045776367,31.844999313354492,24.290000915527344,28.514999389648438,69.99700164794922,3564.510009765625
2012-03-15,40.70000076293945,31.78499984741211,24.46500015258789,28.53499984741211,69.5999984741211,3580.2099609375
2012-03-16,40.790000915527344,32.06999969482422,24.329999923706055,28.704999923706055,69.74500274658203,3594.830078125
2012-03-19,40.20000076293945,31.53499984741211,24.125,28.364999771118164,70.7969970703125,3577.8798828125
2012-03-20,39.560001373291016,30.934999465942383,23.80500030517578,28.6299991607666,70.5009994506836,3530.830078125
2012-03-21,39.52000045776367,30.104999542236328,23.645000457763672,28.405000686645508,71.0,3527.3701171875
2012-03-22,39.119998931884766,29.0,23.280000686645508,27.895000457763672,69.95500183105469,3472.4599609375
2012-03-23,39.119998931884766,29.55500030517578,23.415000915527344,28.139999389648438,70.5,3476.179931640625
2012-03-26,39.43000030517578,29.834999084472656,23.399999618530273,28.264999389648438,68.70099639892578,3501.97998046875
2012-03-27,39.54999923706055,30.104999542236328,23.274999618530273,28.209999084472656,68.20099639892578,3469.590087890625
2012-03-28,38.904998779296875,28.934999465942383,22.94499969482422,28.049999237060547,68.30000305175781,3430.14990234375
2012-03-29,38.314998626708984,28.559999465942383,22.59000015258789,27.739999771118164,68.0999984741211,3381.1201171875
2012-03-30,39.099998474121094,29.010000228881836,22.93000030517578,28.059999465942383,68.0999984741211,3423.81005859375
2012-04-02,38.875,29.155000686645508,22.920000076293945,28.354999542236328,68.41999816894531,3462.909912109375
2012-04-03,38.0,28.760000228881836,22.655000686645508,27.809999465942383,69.10199737548828,3406.780029296875
2012-04-04,37.0099983215332,27.239999771118164,21.709999084472656,27.100000381469727,69.0,3313.469970703125
2012-04-05,37.125,27.0,21.594999313354492,26.94499969482422,68.94999694824219,3319.81005859375
2012-04-10,35.72999954223633,26.209999084472656,20.790000915527344,26.2549991607666,68.87699890136719,3217.60009765625
2012-04-11,36.16999816894531,27.065000534057617,21.739999771118164,26.69499969482422,69.0,3237.68994140625
2012-04-12,36.3650016784668,26.989999771118164,21.389999389648438,26.9950008392334,68.5,3269.7900390625
2012-04-13,34.834999084472656,25.75,21.145000457763672,26.434999465942383,69.0,3189.090087890625
2012-04-16,34.915000915527344,25.5049991607666,21.21500015258789,26.204999923706055,68.5,3205.280029296875
2012-04-17,36.380001068115234,27.25,21.684999465942383,27.100000381469727,68.9990005493164,3292.510009765625
2012-04-18,35.2400016784668,25.399999618530273,20.920000076293945,26.809999465942383,68.19999694824219,3240.2900390625
2012-04-19,34.1349983215332,24.360000610351562,20.43000030517578,26.545000076293945,68.75,3174.02001953125
2012-04-20,33.81999969482422,24.56999969482422,20.469999313354492,25.93000030517578,69.6989974975586,3188.580078125
2012-04-23,32.3849983215332,22.764999389648438,20.170000076293945,25.049999237060547,68.95700073242188,3098.3701171875
2012-04-24,33.334999084472656,22.709999084472656,20.850000381469727,25.545000076293945,68.5,3169.320068359375
2012-04-25,34.275001525878906,23.934999465942383,21.434999465942383,25.950000762939453,68.00199890136719,3233.4599609375
2012-04-26,34.11000061035156,23.989999771118164,21.415000915527344,25.889999389648438,68.19999694824219,3229.320068359375
2012-04-27,35.55500030517578,25.25,22.0,26.415000915527344,68.5,3266.27001953125
2012-04-30,35.0,25.68000030517578,20.520000457763672,26.174999237060547,69.39700317382812,3212.800048828125
2012-05-02,35.18000030517578,25.364999771118164,20.520000457763672,26.19499969482422,68.20099639892578,3226.330078125
2012-05-03,35.150001525878906,25.899999618530273,20.639999389648438,26.19499969482422,68.30000305175781,3223.360107421875
2012-05-04,34.2599983215332,25.010000228881836,20.440000534057617,25.549999237060547,67.9000015258789,3161.969970703125
2012-05-07,35.290000915527344,26.049999237060547,21.225000381469727,25.760000228881836,69.0,3214.219970703125
2012-05-08,34.650001525878906,26.645000457763672,21.385000228881836,25.204999923706055,68.02200317382812,3124.800048828125
2012-05-09,34.75,27.700000762939453,21.364999771118164,25.165000915527344,66.9000015258789,3118.64990234375
2012-05-10,35.10499954223633,28.5,21.69499969482422,25.424999237060547,68.28800201416016,3130.169921875
2012-05-11,35.16999816894531,27.940000534057617,21.315000534057617,25.299999237060547,68.0,3129.77001953125
2012-05-14,33.91999816894531,26.969999313354492,20.350000381469727,24.524999618530273,68.0009994506836,3057.989990234375
2012-05-15,33.3650016784668,26.315000534057617,20.0,24.15999984741211,69.0,3039.27001953125
2012-05-16,32.86000061035156,24.200000762939453,20.125,24.2450008392334,68.0009994506836,3048.669921875
2012-05-17,32.61000061035156,23.440000534057617,20.09000015258789,24.520000457763672,68.0,3011.989990234375
2012-05-18,32.79999923706055,23.184999465942383,20.19499969482422,24.334999084472656,68.30000305175781,3008.0
2012-05-21,32.724998474121094,24.03499984741211,20.565000534057617,24.459999084472656,67.0,3027.14990234375
2012-05-22,33.7599983215332,25.170000076293945,21.0049991607666,24.825000762939453,69.0,3084.090087890625
2012-05-23,32.33000183105469,23.959999084472656,20.399999618530273,24.239999771118164,69.0,3003.27001953125
2012-05-24,32.60499954223633,25.2450008392334,20.545000076293945,24.350000381469727,69.39800262451172,3038.25
2012-05-25,33.125,25.19499969482422,20.594999313354492,24.325000762939453,68.5,3047.93994140625
2012-05-28,33.095001220703125,24.954999923706055,20.53499984741211,23.8799991607666,68.80000305175781,3042.969970703125
2012-05-29,33.86000061035156,25.56999969482422,20.610000610351562,24.325000762939453,68.64199829101562,3084.699951171875
2012-05-30,32.709999084472656,24.934999465942383,19.84000015258789,23.649999618530273,69.20899963378906,3015.580078125
2012-05-31,32.30500030517578,24.450000762939453,19.510000228881836,23.90999984741211,68.01899719238281,3017.010009765625
2012-06-01,31.6200008392334,24.350000381469727,19.084999084472656,23.315000534057617,68.5,2950.469970703125
2012-06-04,32.099998474121094,24.520000457763672,19.139999389648438,23.260000228881836,69.3489990234375,2954.489990234375
2012-06-05,32.439998626708984,24.649999618530273,19.125,23.364999771118164,68.02999877929688,2986.10009765625
2012-06-06,33.310001373291016,25.25,20.049999237060547,23.950000762939453,69.32499694824219,3058.43994140625
2012-06-07,33.04499816894531,25.03499984741211,20.065000534057617,24.184999465942383,68.9990005493164,3071.159912109375
2012-06-08,32.619998931884766,24.934999465942383,19.68000030517578,23.895000457763672,68.51699829101562,3051.68994140625
2012-06-11,32.915000915527344,24.44499969482422,19.665000915527344,23.959999084472656,68.80000305175781,3042.760009765625
2012-06-12,33.060001373291016,24.34000015258789,19.459999084472656,24.065000534057617,68.6969985961914,3046.909912109375
2012-06-13,32.505001068115234,23.864999771118164,19.145000457763672,23.584999084472656,69.19999694824219,3030.0400390625
2012-06-14,32.380001068115234,24.05500030517578,19.2450008392334,23.469999313354492,68.1500015258789,3032.449951171875
2012-06-15,33.77000045776367,24.950000762939453,19.959999084472656,23.979999542236328,69.19999694824219,3087.6201171875
2012-06-18,33.630001068115234,24.25,20.079999923706055,24.225000381469727,69.90299987792969,3066.18994140625
2012-06-19,34.470001220703125,24.5,20.389999389648438,24.485000610351562,70.0,3117.919921875
2012-06-20,34.71500015258789,25.280000686645508,20.56999969482422,24.704999923706055,70.0,3126.52001953125
2012-06-21,34.67499923706055,24.844999313354492,20.315000534057617,25.264999389648438,69.5,3114.219970703125
2012-06-22,34.90999984741211,24.844999313354492,20.485000610351562,25.399999618530273,69.5,3090.89990234375
2012-06-25,34.244998931884766,23.934999465942383,20.094999313354492,25.125,69.5,3021.639892578125
2012-06-26,34.22999954223633,23.78499984741211,19.799999237060547,24.665000915527344,70.0,3012.7099609375
2012-06-27,35.099998474121094,24.274999618530273,20.2450008392334,25.395000457763672,69.05000305175781,3063.1201171875
2012-06-28,35.09000015258789,24.274999618530273,20.350000381469727,25.399999618530273,69.0009994506836,3051.679931640625
2012-06-29,36.78499984741211,25.46500015258789,21.200000762939453,26.020000457763672,69.0,3196.64990234375
2012-07-02,37.77000045776367,26.19499969482422,21.440000534057617,26.670000076293945,68.25499725341797,3240.199951171875
2012-07-03,37.30500030517578,26.309999465942383,21.34000015258789,26.739999771118164,68.28900146484375,3271.199951171875
2012-07-04,37.17499923706055,26.25,21.0,27.15999984741211,68.80500030517578,3267.75
2012-07-05,36.75,25.59000015258789,20.469999313354492,26.94499969482422,69.0009994506836,3229.360107421875
2012-07-06,35.78499984741211,24.6299991607666,20.030000686645508,26.639999389648438,69.00199890136719,3168.7900390625
2012-07-09,35.92499923706055,24.149999618530273,20.030000686645508,26.424999237060547,69.00199890136719,3156.800048828125
2012-07-10,36.22999954223633,24.69499969482422,20.280000686645508,26.549999237060547,69.01300048828125,3175.409912109375
2012-07-11,35.29499816894531,23.665000915527344,20.18000030517578,26.219999313354492,69.32599639892578,3157.25
2012-07-12,34.95000076293945,23.014999389648438,19.71500015258789,25.959999084472656,69.5999984741211,3135.179931640625
2012-07-13,35.15999984741211,23.325000762939453,20.014999389648438,26.299999237060547,70.0,3180.81005859375
2012-07-16,35.130001068115234,23.299999237060547,20.110000610351562,26.6299991607666,69.5,3179.89990234375
2012-07-17,34.91999816894531,22.875,20.075000762939453,26.78499984741211,69.0999984741211,3176.969970703125
2012-07-18,35.57500076293945,23.334999084472656,20.7549991607666,26.854999542236328,69.5999984741211,3235.39990234375
2012-07-19,35.810001373291016,23.770000457763672,20.920000076293945,27.204999923706055,70.0,3263.639892578125
2012-07-20,34.689998626708984,22.799999237060547,20.440000534057617,26.920000076293945,69.6500015258789,3193.889892578125
2012-07-23,32.880001068115234,21.55500030517578,19.565000534057617,25.770000457763672,70.39900207519531,3101.530029296875
2012-07-24,32.459999084472656,21.270000457763672,19.145000457763672,25.770000457763672,69.5009994506836,3074.679931640625
2012-07-25,33.09600067138672,21.135000228881836,19.049999237060547,25.979999542236328,69.80000305175781,3081.739990234375
2012-07-26,34.29499816894531,21.43000030517578,19.7450008392334,25.825000762939453,69.9000015258789,3207.1201171875
2012-07-27,34.560001373291016,22.024999618530273,20.049999237060547,25.674999237060547,69.0009994506836,3280.18994140625
2012-07-30,35.46500015258789,21.610000610351562,20.594999313354492,25.920000076293945,69.06500244140625,3320.7099609375
2012-07-31,34.54999923706055,21.56999969482422,20.524999618530273,25.485000610351562,69.0,3291.659912109375
2012-08-01,33.779998779296875,21.399999618530273,20.670000076293945,25.5,70.94000244140625,3321.56005859375
2012-08-02,32.04499816894531,20.979999542236328,19.844999313354492,25.4950008392334,70.0,3232.4599609375
2012-08-03,33.779998779296875,21.84000015258789,20.774999618530273,26.354999542236328,69.0,3374.18994140625
2012-08-06,34.39500045776367,22.46500015258789,21.184999465942383,26.420000076293945,69.0,3401.56005859375
2012-08-07,35.275001525878906,23.125,21.790000915527344,26.530000686645508,69.0,3453.280029296875
2012-08-08,35.0,22.684999465942383,21.950000762939453,26.075000762939453,70.0,3438.260009765625
2012-08-09,35.095001220703125,22.69499969482422,21.809999465942383,26.25,70.0,3456.7099609375
2012-08-10,34.849998474121094,22.719999313354492,21.770000457763672,26.389999389648438,69.0,3435.6201171875
2012-08-13,34.68000030517578,22.34000015258789,21.834999084472656,26.28499984741211,69.0,3426.409912109375
2012-08-14,35.165000915527344,22.5049991607666,22.100000381469727,26.06999969482422,69.0,3450.27001953125
2012-08-15,34.75,22.325000762939453,21.815000534057617,26.145000457763672,69.0,3449.199951171875
2012-08-16,34.900001525878906,23.190000534057617,22.204999923706055,26.454999923706055,69.0,3480.489990234375
2012-08-17,35.39500045776367,24.350000381469727,22.454999923706055,27.049999237060547,69.0,3488.3798828125
2012-08-20,35.375,23.655000686645508,22.395000457763672,26.719999313354492,71.5,3480.580078125
2012-08-21,35.744998931884766,23.940000534057617,22.614999771118164,26.885000228881836,72.5,3513.280029296875
2012-08-22,35.09000015258789,23.704999923706055,22.270000457763672,26.670000076293945,70.96499633789062,3461.64990234375
2012-08-23,34.77000045776367,23.5,22.385000228881836,26.594999313354492,71.11499786376953,3432.56005859375
2012-08-24,34.845001220703125,23.235000610351562,22.174999237060547,26.420000076293945,71.19999694824219,3433.2099609375
2012-08-27,35.275001525878906,23.625,22.53499984741211,26.510000228881836,71.9000015258789,3462.830078125
2012-08-28,34.665000915527344,22.899999618530273,21.90999984741211,26.55500030517578,70.95999908447266,3431.550048828125
2012-08-29,34.59000015258789,22.739999771118164,19.950000762939453,26.760000228881836,70.0999984741211,3413.889892578125
2012-08-30,34.20000076293945,24.405000686645508,19.325000762939453,26.309999465942383,70.0999984741211,3379.110107421875
2012-08-31,34.59000015258789,24.704999923706055,19.774999618530273,26.420000076293945,70.15499877929688,3413.070068359375
2012-09-03,34.880001068115234,24.5,19.790000915527344,26.665000915527344,70.16000366210938,3453.7099609375
2012-09-04,34.3849983215332,24.665000915527344,19.3700008392334,26.44499969482422,71.5999984741211,3399.0400390625
2012-09-05,33.959999084472656,23.975000381469727,19.424999237060547,26.399999618530273,71.55000305175781,3405.7900390625
2012-09-06,35.154998779296875,24.299999237060547,19.985000610351562,27.094999313354492,70.0999984741211,3509.8798828125
2012-09-07,35.46500015258789,24.899999618530273,20.5049991607666,27.030000686645508,69.0999984741211,3519.050048828125
2012-09-10,35.70000076293945,25.44499969482422,20.454999923706055,27.010000228881836,69.11000061035156,3506.050048828125
2012-09-11,36.39500045776367,25.399999618530273,20.68000030517578,27.174999237060547,70.9000015258789,3537.300048828125
2012-09-12,36.78499984741211,26.725000381469727,20.59000015258789,27.635000228881836,69.1500015258789,3543.7900390625
2012-09-13,35.45500183105469,26.0,20.114999771118164,26.6200008392334,69.25499725341797,3502.090087890625
2012-09-14,36.6150016784668,28.225000381469727,21.21500015258789,27.049999237060547,69.30000305175781,3581.580078125
2012-09-17,36.244998931884766,28.15999984741211,20.690000534057617,27.065000534057617,70.65499877929688,3553.68994140625
2012-09-18,35.439998626708984,28.030000686645508,20.34000015258789,26.69499969482422,70.69000244140625,3512.68994140625
2012-09-19,35.90999984741211,28.075000762939453,20.190000534057617,26.825000762939453,70.69000244140625,3531.820068359375
2012-09-20,35.529998779296875,28.520000457763672,20.184999465942383,26.700000762939453,69.26000213623047,3509.919921875
2012-09-21,35.34000015258789,28.68000030517578,20.299999237060547,27.049999237060547,69.2750015258789,3530.719970703125
2012-09-24,34.79999923706055,27.170000076293945,19.885000228881836,26.764999389648438,70.0,3497.219970703125
2012-09-25,34.94499969482422,27.100000381469727,19.604999542236328,26.90999984741211,69.30500030517578,3513.81005859375
2012-09-26,33.84000015258789,26.1299991607666,19.100000381469727,26.674999237060547,69.26499938964844,3414.840087890625
2012-09-27,34.1150016784668,26.264999389648438,19.389999389648438,27.0,69.87999725341797,3439.320068359375
2012-09-28,33.14500045776367,25.540000915527344,19.0,26.725000381469727,69.8499984741211,3354.820068359375
2012-10-01,33.849998474121094,26.200000762939453,19.34000015258789,27.100000381469727,69.56500244140625,3434.97998046875
2012-10-02,33.77000045776367,26.0,19.19499969482422,27.2450008392334,69.41000366210938,3414.22998046875
2012-10-03,33.63999938964844,26.6200008392334,19.299999237060547,27.479999542236328,69.26499938964844,3406.02001953125
2012-10-04,33.33000183105469,26.799999237060547,19.559999465942383,27.764999389648438,70.3949966430664,3401.199951171875
2012-10-05,34.130001068115234,26.885000228881836,19.28499984741211,28.59000015258789,70.3499984741211,3457.0400390625
2012-10-08,33.5,26.795000076293945,19.06999969482422,28.344999313354492,69.19999694824219,3406.530029296875
2012-10-09,34.0,26.420000076293945,19.114999771118164,28.075000762939453,70.19999694824219,3382.780029296875
2012-10-10,33.435001373291016,26.309999465942383,19.450000762939453,27.885000228881836,69.5,3365.8701171875
2012-10-11,33.814998626708984,26.635000228881836,19.415000915527344,28.395000457763672,70.3499984741211,3413.719970703125
2012-10-12,33.56999969482422,25.975000381469727,19.315000534057617,28.354999542236328,70.0,3389.080078125
2012-10-15,33.70000076293945,25.940000534057617,19.334999084472656,28.264999389648438,69.5999984741211,3420.280029296875
2012-10-16,34.6349983215332,26.165000915527344,19.56999969482422,28.260000228881836,70.69999694824219,3500.93994140625
2012-10-17,35.505001068115234,27.329999923706055,20.0,27.924999237060547,70.69499969482422,3527.5
2012-10-18,35.435001373291016,27.93000030517578,20.024999618530273,28.020000457763672,69.9000015258789,3535.179931640625
2012-10-19,34.900001525878906,27.334999084472656,19.78499984741211,27.899999618530273,70.0999984741211,3504.56005859375
2012-10-22,34.584999084472656,27.075000762939453,19.424999237060547,27.899999618530273,69.5,3483.25
2012-10-23,33.98500061035156,26.46500015258789,19.219999313354492,27.729999542236328,70.5,3406.5
2012-10-24,34.275001525878906,26.530000686645508,19.229999542236328,27.829999923706055,69.51000213623047,3426.489990234375
2012-10-25,33.845001220703125,26.420000076293945,18.889999389648438,27.68000030517578,70.0,3411.530029296875
2012-10-26,34.33000183105469,26.520000457763672,18.885000228881836,27.5,69.30000305175781,3435.090087890625
2012-10-29,34.0,26.19499969482422,18.559999465942383,27.375,69.19999694824219,3408.889892578125
2012-10-30,34.46500015258789,26.53499984741211,18.7549991607666,27.395000457763672,70.0,3459.43994140625
2012-10-31,34.14500045776367,26.5049991607666,18.55500030517578,27.135000228881836,70.0,3429.27001953125
2012-11-01,34.70000076293945,27.325000762939453,18.690000534057617,27.299999237060547,70.0,3475.39990234375
2012-11-02,34.470001220703125,27.399999618530273,18.479999542236328,27.19499969482422,70.37999725341797,3492.4599609375
2012-11-05,33.7599983215332,27.020000457763672,18.25,27.149999618530273,71.0999984741211,3448.5
2012-11-06,34.13999938964844,27.360000610351562,18.145000457763672,27.415000915527344,71.5,3478.659912109375
2012-11-07,33.3650016784668,26.684999465942383,17.600000381469727,27.270000457763672,71.0,3409.590087890625
2012-11-08,32.935001373291016,26.40999984741211,17.7549991607666,26.625,70.5,3407.679931640625
2012-11-09,32.779998779296875,26.645000457763672,18.075000762939453,26.729999542236328,71.5,3423.570068359375
2012-11-12,32.59000015258789,25.799999237060547,17.899999618530273,26.764999389648438,70.69000244140625,3411.64990234375
2012-11-13,32.83000183105469,25.940000534057617,17.90999984741211,26.520000457763672,70.5250015258789,3430.60009765625
2012-11-14,32.31999969482422,25.264999389648438,17.80500030517578,26.264999389648438,70.0,3400.02001953125
2012-11-15,32.290000915527344,25.420000076293945,17.75,26.334999084472656,70.0,3382.39990234375
2012-11-16,31.844999313354492,25.299999237060547,17.665000915527344,25.975000381469727,70.79000091552734,3341.52001953125
2012-11-19,32.91999816894531,26.045000076293945,17.985000610351562,26.440000534057617,72.5,3439.580078125
2012-11-20,33.095001220703125,25.915000915527344,17.719999313354492,26.635000228881836,71.5,3462.06005859375
2012-11-21,33.23500061035156,25.790000915527344,17.940000534057617,26.43000030517578,71.5,3477.360107421875
2012-11-22,33.39500045776367,26.209999084472656,18.0049991607666,26.84000015258789,70.4000015258789,3498.219970703125
2012-11-23,33.689998626708984,26.78499984741211,18.3700008392334,26.90999984741211,71.69999694824219,3528.800048828125
2012-11-26,33.404998779296875,26.700000762939453,18.325000762939453,26.809999465942383,71.80000305175781,3500.93994140625
2012-11-27,33.150001525878906,26.80500030517578,18.30500030517578,27.125,71.0,3502.1298828125
2012-11-28,33.19499969482422,27.549999237060547,18.1299991607666,27.264999389648438,70.5,3515.18994140625
2012-11-29,34.0,30.200000762939453,19.010000228881836,27.59000015258789,70.05000305175781,3568.8798828125
2012-11-30,33.92499923706055,30.75,18.985000610351562,27.655000686645508,70.80000305175781,3557.280029296875
2012-12-03,34.095001220703125,30.6299991607666,19.079999923706055,27.940000534057617,72.0,3566.590087890625
2012-12-04,34.334999084472656,31.09000015258789,19.084999084472656,27.75,74.0,3580.47998046875
2012-12-05,34.44499969482422,30.860000610351562,20.25,27.725000381469727,76.0,3590.5
2012-12-06,34.5099983215332,31.469999313354492,20.200000762939453,27.885000228881836,74.25,3601.64990234375
2012-12-07,34.5,31.600000381469727,19.940000534057617,27.899999618530273,74.9749984741211,3605.610107421875
2012-12-10,34.71500015258789,31.69499969482422,20.274999618530273,27.795000076293945,76.0,3612.10009765625
2012-12-11,35.1150016784668,33.28499984741211,21.045000076293945,27.559999465942383,77.0,3646.14990234375
2012-12-12,35.40999984741211,33.099998474121094,21.28499984741211,27.420000076293945,75.29499816894531,3646.659912109375
2012-12-13,35.349998474121094,33.810001373291016,21.424999237060547,27.360000610351562,77.5,3643.1298828125
2012-12-14,35.404998779296875,33.75,21.295000076293945,27.350000381469727,75.59500122070312,3643.280029296875
2012-12-17,35.790000915527344,34.459999084472656,22.114999771118164,27.225000381469727,74.44999694824219,3638.10009765625
2012-12-18,36.09000015258789,34.349998474121094,21.93000030517578,27.969999313354492,75.55000305175781,3648.6298828125
2012-12-19,36.119998931884766,33.779998779296875,22.1200008392334,27.295000076293945,77.80000305175781,3664.590087890625
2012-12-20,36.040000915527344,34.279998779296875,22.155000686645508,27.0,75.87999725341797,3666.72998046875
2012-12-21,36.02000045776367,33.7400016784668,22.309999465942383,26.53499984741211,75.30999755859375,3661.39990234375
2012-12-27,36.540000915527344,34.505001068115234,22.46500015258789,26.25,77.0,3674.260009765625
2012-12-28,35.69499969482422,33.70000076293945,22.15999984741211,26.03499984741211,74.41000366210938,3620.25
2013-01-02,36.84000015258789,35.1150016784668,23.045000076293945,26.239999771118164,76.0,3733.929931640625
2013-01-03,37.0,35.35499954223633,22.860000610351562,26.299999237060547,76.8499984741211,3721.169921875
2013-01-04,37.119998931884766,35.005001068115234,23.399999618530273,26.524999618530273,77.30000305175781,3730.02001953125
2013-01-07,36.76499938964844,35.0,23.170000076293945,26.479999542236328,78.0,3704.639892578125
2013-01-08,36.665000915527344,35.1150016784668,22.280000686645508,26.514999389648438,78.4000015258789,3705.8798828125
2013-01-09,37.099998474121094,37.07500076293945,22.875,26.610000610351562,80.80000305175781,3717.449951171875
2013-01-10,36.95000076293945,37.17499923706055,22.315000534057617,26.200000762939453,85.69999694824219,3703.1201171875
2013-01-11,37.095001220703125,36.61000061035156,22.809999465942383,26.360000610351562,82.30000305175781,3706.02001953125
2013-01-14,37.23500061035156,36.46500015258789,22.239999771118164,26.3799991607666,82.0,3708.25
2013-01-15,37.29499816894531,36.65999984741211,22.700000762939453,26.165000915527344,84.30000305175781,3697.35009765625
2013-01-16,37.310001373291016,37.05500030517578,22.3700008392334,26.010000228881836,87.69499969482422,3708.489990234375
2013-01-17,37.79499816894531,37.150001525878906,22.565000534057617,26.395000457763672,85.24500274658203,3744.110107421875
2013-01-18,37.689998626708984,36.59000015258789,22.7450008392334,27.200000762939453,85.5,3741.580078125
2013-01-21,37.959999084472656,35.79999923706055,22.8799991607666,27.040000915527344,85.30999755859375,3763.030029296875
2013-01-22,37.8650016784668,34.790000915527344,21.950000762939453,27.299999237060547,85.5,3741.010009765625
2013-01-23,37.779998779296875,34.900001525878906,21.854999542236328,26.934999465942383,85.30000305175781,3726.169921875
2013-01-24,37.900001525878906,35.41999816894531,22.19499969482422,27.079999923706055,85.1500015258789,3752.169921875
2013-01-25,38.494998931884766,34.82500076293945,21.8700008392334,26.9950008392334,85.16000366210938,3778.159912109375
2013-01-28,38.18000030517578,35.03499984741211,22.05500030517578,27.049999237060547,85.4000015258789,3780.889892578125
2013-01-29,38.224998474121094,34.2400016784668,22.014999389648438,26.899999618530273,85.16000366210938,3785.820068359375
2013-01-30,37.8849983215332,33.209999084472656,21.31999969482422,26.959999084472656,85.69999694824219,3765.52001953125
2013-01-31,37.525001525878906,33.05500030517578,20.90999984741211,26.514999389648438,86.0,3732.60009765625
2013-02-01,37.97999954223633,34.03499984741211,21.34000015258789,27.235000610351562,85.50499725341797,3773.530029296875
2013-02-04,36.224998474121094,32.459999084472656,20.3799991607666,26.790000915527344,86.5,3659.909912109375
2013-02-05,36.6150016784668,32.7400016784668,20.655000686645508,26.885000228881836,88.80000305175781,3694.699951171875
2013-02-06,35.404998779296875,32.0,20.290000915527344,26.719999313354492,89.69999694824219,3642.89990234375
2013-02-07,35.064998626708984,32.45000076293945,20.21500015258789,26.520000457763672,89.9000015258789,3601.050048828125
2013-02-08,35.5,32.790000915527344,20.479999542236328,26.56999969482422,88.19999694824219,3649.5
2013-02-11,35.400001525878906,32.54499053955078,20.5,26.719999313354492,89.9000015258789,3650.580078125
2013-02-12,35.915000915527344,32.525001525878906,20.155000686645508,26.799999237060547,89.9000015258789,3686.580078125
2013-02-13,35.59000015258789,32.869998931884766,20.059999465942383,27.395000457763672,89.9000015258789,3698.530029296875
2013-02-14,35.73500061035156,32.93000030517578,19.8700008392334,27.405000686645508,89.98999786376953,3669.60009765625
2013-02-15,35.005001068115234,32.72499084472656,20.450000762939453,27.434999465942383,89.20999908447266,3660.3701171875
2013-02-18,35.2599983215332,32.36000061035156,19.889999389648438,27.30500030517578,88.98500061035156,3667.0400390625
2013-02-19,35.810001373291016,32.75,20.25,27.55500030517578,88.04499816894531,3735.820068359375
2013-02-20,35.224998474121094,32.29999923706055,20.15999984741211,27.200000762939453,87.0,3709.8798828125
2013-02-21,34.494998931884766,31.024999618530273,19.545000076293945,26.600000381469727,86.34500122070312,3624.800048828125
2013-02-22,35.61000061035156,32.75,20.100000381469727,26.985000610351562,86.70500183105469,3706.280029296875
2013-02-25,35.95000076293945,33.03499984741211,20.1200008392334,26.94499969482422,88.30000305175781,3721.330078125
2013-02-26,34.79999923706055,31.979999542236328,19.389999389648438,26.59000015258789,86.44999694824219,3621.919921875
2013-02-27,35.599998474121094,33.994998931884766,21.954999923706055,26.645000457763672,87.29499816894531,3691.489990234375
2013-02-28,35.45000076293945,33.80500030517578,21.639999389648438,26.985000610351562,88.0,3723.0
2013-03-01,35.380001068115234,33.650001525878906,21.6200008392334,30.299999237060547,89.9000015258789,3699.909912109375
2013-03-04,35.400001525878906,34.165000915527344,21.875,31.719999313354492,87.19000244140625,3709.760009765625
2013-03-05,36.064998626708984,34.22499084472656,22.235000610351562,31.790000915527344,87.32499694824219,3787.18994140625
2013-03-06,35.939998626708984,34.21500015258789,22.260000228881836,31.735000610351562,88.79499816894531,3773.760009765625
2013-03-07,36.189998626708984,34.630001068115234,22.100000381469727,31.600000381469727,88.97000122070312,3793.780029296875
2013-03-08,36.57500076293945,34.86000061035156,22.264999389648438,32.130001068115234,89.5,3840.14990234375
2013-03-11,36.494998931884766,34.869998931884766,21.9950008392334,32.27000045776367,89.9000015258789,3836.27001953125
2013-03-12,36.4900016784668,35.08000183105469,22.520000457763672,32.470001220703125,89.0999984741211,3839.969970703125
2013-03-13,36.494998931884766,35.5,22.299999237060547,32.779998779296875,89.75,3836.0400390625
2013-03-14,36.61000061035156,36.39500045776367,22.30500030517578,33.53499984741211,90.0,3871.580078125
2013-03-15,36.185001373291016,35.880001068115234,22.780000686645508,33.33000183105469,89.69999694824219,3844.030029296875
2013-03-18,35.71500015258789,35.77000045776367,22.604999542236328,33.5,89.69999694824219,3825.469970703125
2013-03-19,35.310001373291016,34.915000915527344,22.424999237060547,33.67499923706055,89.71499633789062,3775.75
2013-03-20,35.724998474121094,35.69499969482422,23.165000915527344,32.91999816894531,89.80000305175781,3829.56005859375
2013-03-21,35.209999084472656,34.959999084472656,22.475000381469727,33.099998474121094,89.75,3774.85009765625
2013-03-22,35.125,34.63499069213867,22.270000457763672,32.9900016784668,88.5,3770.2900390625
2013-03-25,35.09000015258789,34.0,21.7549991607666,32.63999938964844,89.94999694824219,3727.97998046875
2013-03-26,35.76499938964844,34.459999084472656,21.780000686645508,32.73500061035156,88.56500244140625,3748.639892578125
2013-03-27,35.10499954223633,33.22499084472656,21.315000534057617,32.564998626708984,89.0,3711.639892578125
2013-03-28,35.14500045776367,33.0099983215332,21.15999984741211,32.994998931884766,89.5,3731.419921875
2013-04-02,35.599998474121094,33.16999816894531,21.78499984741211,33.85499954223633,90.5,3805.3701171875
2013-04-03,35.310001373291016,32.40999984741211,20.920000076293945,33.01499938964844,90.19999694824219,3754.9599609375
2013-04-04,35.345001220703125,32.07500076293945,20.8700008392334,32.595001220703125,88.15499877929688,3726.159912109375
2013-04-05,35.099998474121094,31.104999542236328,20.579999923706055,31.719999313354492,88.1500015258789,3663.47998046875
2013-04-08,35.209999084472656,31.100000381469727,20.645000457763672,32.099998474121094,90.30000305175781,3666.780029296875
2013-04-09,35.36000061035156,31.479999542236328,20.920000076293945,31.75,89.93499755859375,3670.719970703125
2013-04-10,36.0,32.755001068115234,21.09000015258789,32.599998474121094,89.29000091552734,3743.7099609375
2013-04-11,36.275001525878906,32.97999954223633,21.549999237060547,33.084999084472656,90.44499969482422,3775.659912109375
2013-04-12,35.86000061035156,32.69499969482422,21.260000228881836,32.64500045776367,90.09500122070312,3729.300048828125
2013-04-15,35.71500015258789,31.8799991607666,21.149999618530273,32.0,90.17500305175781,3710.47998046875
2013-04-16,35.46500015258789,32.0,21.1299991607666,31.584999084472656,90.44499969482422,3685.7900390625
2013-04-17,34.619998931884766,31.260000228881836,20.915000915527344,31.03499984741211,89.80000305175781,3599.22998046875
2013-04-18,34.525001525878906,31.09000015258789,20.645000457763672,31.530000686645508,88.31500244140625,3599.360107421875
2013-04-19,34.58000183105469,30.9950008392334,21.0,32.0,89.80000305175781,3651.9599609375
2013-04-22,34.650001525878906,31.524999618530273,21.020000457763672,32.20000076293945,88.30000305175781,3652.1298828125
2013-04-23,34.33000183105469,32.54499053955078,21.725000381469727,32.720001220703125,88.77999877929688,3783.050048828125
2013-04-24,35.185001373291016,33.13499069213867,21.985000610351562,32.51499938964844,89.58000183105469,3842.93994140625
2013-04-25,35.5,32.46500015258789,22.135000228881836,32.154998779296875,89.30000305175781,3840.469970703125
2013-04-26,36.70500183105469,33.20000076293945,22.020000457763672,32.05500030517578,88.3550033569336,3810.050048828125
2013-04-29,37.244998931884766,34.20000076293945,22.334999084472656,32.45000076293945,88.5,3868.679931640625
2013-04-30,36.560001373291016,33.61000061035156,21.190000534057617,32.97999954223633,88.0199966430664,3856.75
2013-05-02,36.654998779296875,33.35499954223633,21.184999465942383,32.810001373291016,88.30000305175781,3858.760009765625
2013-05-03,37.349998474121094,34.14500045776367,21.6299991607666,33.04999923706055,88.4000015258789,3912.949951171875
2013-05-06,37.29499816894531,34.20000076293945,21.5,32.935001373291016,89.69999694824219,3907.0400390625
2013-05-07,37.65999984741211,34.314998626708984,20.739999771118164,33.35499954223633,89.80000305175781,3921.320068359375
2013-05-08,37.95000076293945,34.72499084472656,21.010000228881836,35.20000076293945,89.69999694824219,3956.280029296875
2013-05-09,37.849998474121094,34.57500076293945,21.204999923706055,34.79499053955078,89.80000305175781,3928.580078125
2013-05-10,37.69499969482422,34.595001220703125,21.2450008392334,35.23500061035156,89.80000305175781,3953.830078125
2013-05-13,37.54999923706055,34.33000183105469,21.610000610351562,35.03499984741211,90.0,3945.199951171875
2013-05-14,37.709999084472656,34.834999084472656,21.299999237060547,35.665000915527344,90.44999694824219,3966.06005859375
2013-05-15,37.875,35.11000061035156,21.344999313354492,36.25,90.4000015258789,3982.22998046875
2013-05-16,37.71500015258789,34.78499984741211,20.665000915527344,36.220001220703125,90.5,3979.070068359375
2013-05-17,38.025001525878906,35.20000076293945,20.274999618530273,36.16999816894531,90.11499786376953,4001.27001953125
2013-05-20,38.439998626708984,35.64500045776367,20.719999313354492,36.720001220703125,91.5999984741211,4022.85009765625
2013-05-21,38.53499984741211,35.689998626708984,20.540000915527344,37.130001068115234,92.0,4036.179931640625
2013-05-22,38.01499938964844,35.599998474121094,20.399999618530273,37.525001525878906,91.16999816894531,4051.110107421875
2013-05-23,37.255001068115234,35.22999954223633,20.040000915527344,37.375,91.0999984741211,3967.14990234375
2013-05-24,37.494998931884766,34.650001525878906,20.19499969482422,37.72499084472656,92.30000305175781,3956.7900390625
2013-05-27,37.8650016784668,35.60499954223633,20.280000686645508,37.349998474121094,92.55000305175781,3995.159912109375
2013-05-28,39.30500030517578,36.5,20.639999389648438,37.29999923706055,92.83499908447266,4050.56005859375
2013-05-29,39.349998474121094,36.119998931884766,20.46500015258789,36.81999969482422,91.40499877929688,3974.1201171875
2013-05-30,40.0,36.66999816894531,20.850000381469727,37.79999923706055,92.37999725341797,3996.31005859375
2013-05-31,39.69499969482422,36.33000183105469,20.575000762939453,37.56999969482422,91.70999908447266,3948.590087890625
2013-06-03,39.494998931884766,36.18000030517578,20.424999237060547,37.349998474121094,92.1500015258789,3920.669921875
2013-06-04,39.79999923706055,36.13499069213867,20.059999465942383,37.13999938964844,92.5,3925.830078125
2013-06-05,38.779998779296875,35.595001220703125,19.670000076293945,37.25,92.5,3852.43994140625
2013-06-06,38.564998626708984,35.900001525878906,19.565000534057617,37.45000076293945,91.25,3814.280029296875
2013-06-07,39.790000915527344,36.29499053955078,19.795000076293945,37.88499069213867,92.5999984741211,3872.590087890625
2013-06-10,39.67499923706055,36.38999938964844,19.905000686645508,38.0,92.0,3864.360107421875
2013-06-11,39.099998474121094,36.349998474121094,19.729999542236328,37.4900016784668,92.6500015258789,3810.56005859375
2013-06-12,38.65999984741211,35.7599983215332,19.6200008392334,37.7599983215332,92.0,3793.699951171875
2013-06-13,38.599998474121094,36.0099983215332,19.71500015258789,37.70000076293945,90.0,3797.97998046875
2013-06-14,38.595001220703125,36.400001525878906,19.93000030517578,37.67499923706055,92.80000305175781,3805.159912109375
2013-06-17,39.15999984741211,37.27000045776367,19.93000030517578,37.849998474121094,91.30000305175781,3863.659912109375
2013-06-18,39.244998931884766,38.04499053955078,19.65999984741211,38.11000061035156,92.44999694824219,3860.550048828125
2013-06-19,38.79999923706055,37.255001068115234,19.579999923706055,37.68000030517578,92.9000015258789,3839.340087890625
2013-06-20,37.5,35.79999923706055,19.184999465942383,36.4900016784668,91.0,3698.929931640625
2013-06-21,36.810001373291016,35.314998626708984,18.975000381469727,36.060001373291016,91.5,3658.0400390625
2013-06-24,36.17499923706055,34.060001373291016,18.614999771118164,35.470001220703125,90.08999633789062,3595.6298828125
2013-06-25,37.595001220703125,35.14500045776367,19.135000228881836,36.0,91.4749984741211,3649.820068359375
2013-06-26,38.4900016784668,36.0,19.264999389648438,36.095001220703125,90.82499694824219,3726.0400390625
2013-06-27,38.810001373291016,36.07500076293945,19.850000381469727,36.07500076293945,91.4800033569336,3762.18994140625
2013-06-28,38.55500030517578,36.03499984741211,19.610000610351562,35.875,91.0,3738.909912109375
2013-07-01,39.04999923706055,36.68000030517578,19.655000686645508,35.810001373291016,90.0,3767.47998046875
2013-07-02,38.70000076293945,36.79999923706055,19.610000610351562,35.59000015258789,90.0,3742.570068359375
2013-07-03,38.150001525878906,36.564998626708984,19.469999313354492,35.33000183105469,90.78500366210938,3702.010009765625
2013-07-04,39.14500045776367,38.28499984741211,19.90999984741211,36.44499969482422,91.30000305175781,3809.31005859375
2013-07-05,38.404998779296875,37.79999923706055,19.415000915527344,36.3650016784668,91.0,3753.85009765625
2013-07-08,39.279998779296875,38.369998931884766,19.8799991607666,37.15999984741211,89.94000244140625,3823.830078125
2013-07-09,39.02000045776367,38.744998931884766,19.94499969482422,37.42499923706055,90.29499816894531,3843.56005859375
2013-07-10,39.165000915527344,38.0,19.899999618530273,37.66999816894531,92.0,3840.530029296875
2013-07-11,39.849998474121094,38.28499984741211,20.239999771118164,38.275001525878906,90.69999694824219,3868.97998046875
2013-07-12,39.33000183105469,38.20000076293945,20.424999237060547,38.29999923706055,90.19999694824219,3855.090087890625
2013-07-15,39.58000183105469,38.75,20.600000381469727,38.4900016784668,89.5,3878.580078125
2013-07-16,39.345001220703125,38.73500061035156,20.360000610351562,38.060001373291016,89.4000015258789,3851.030029296875
2013-07-17,39.5,39.44499969482422,20.459999084472656,37.810001373291016,88.19999694824219,3872.02001953125
2013-07-18,39.60499954223633,40.05500030517578,20.450000762939453,38.13999938964844,87.80000305175781,3927.7900390625
2013-07-19,39.70500183105469,39.619998931884766,20.530000686645508,38.470001220703125,88.80000305175781,3925.320068359375
2013-07-22,40.064998626708984,40.310001373291016,20.59000015258789,38.314998626708984,90.25499725341797,3939.919921875
2013-07-23,39.689998626708984,40.595001220703125,22.0,38.07500076293945,90.30500030517578,3923.090087890625
2013-07-24,40.30500030517578,40.80500030517578,22.0049991607666,38.20500183105469,90.98999786376953,3962.75
2013-07-25,40.31999969482422,40.8650016784668,21.764999389648438,38.09000015258789,90.0,3956.02001953125
2013-07-26,40.45000076293945,41.03499984741211,21.989999771118164,38.654998779296875,90.22000122070312,3968.840087890625
2013-07-29,40.459999084472656,41.29999923706055,21.854999542236328,38.494998931884766,90.0999984741211,3968.909912109375
2013-07-30,40.849998474121094,41.125,22.079999923706055,38.630001068115234,90.01499938964844,3986.610107421875
2013-07-31,40.59000015258789,40.30500030517578,21.969999313354492,38.75,90.19999694824219,3992.68994140625
2013-08-01,40.8849983215332,41.29499053955078,22.540000915527344,39.01499938964844,90.5,4042.72998046875
2013-08-02,40.80500030517578,41.5,22.71500015258789,39.04999923706055,92.29499816894531,4045.64990234375
2013-08-05,40.665000915527344,42.55500030517578,22.920000076293945,39.209999084472656,92.99500274658203,4049.969970703125
2013-08-06,40.20000076293945,42.380001068115234,22.43000030517578,39.189998626708984,90.0999984741211,4032.570068359375
2013-08-07,40.0,42.2400016784668,22.420000076293945,39.22499084472656,90.80000305175781,4038.489990234375
2013-08-08,40.8650016784668,44.0,22.850000381469727,39.154998779296875,91.1050033569336,4064.320068359375
2013-08-09,40.915000915527344,43.599998474121094,23.46500015258789,39.25,92.0,4076.550048828125
2013-08-12,41.095001220703125,44.150001525878906,23.760000228881836,39.564998626708984,89.31999969482422,4071.679931640625
2013-08-13,41.30500030517578,44.20500183105469,23.84000015258789,38.97999954223633,91.69999694824219,4092.5
2013-08-14,41.71500015258789,44.0,24.1299991607666,38.86000061035156,91.5,4114.2001953125
2013-08-15,41.52000045776367,44.04999923706055,24.204999923706055,38.67499923706055,91.71499633789062,4093.199951171875
2013-08-16,41.70000076293945,44.64500045776367,24.55500030517578,38.709999084472656,92.4749984741211,4123.89013671875
2013-08-19,41.150001525878906,44.9900016784668,24.565000534057617,38.834999084472656,92.5,4083.97998046875
2013-08-20,40.380001068115234,43.810001373291016,23.899999618530273,38.650001525878906,91.76000213623047,4028.929931640625
2013-08-21,40.29499816894531,43.619998931884766,23.6200008392334,38.27000045776367,92.3949966430664,4015.090087890625
2013-08-22,40.68000030517578,44.09000015258789,24.03499984741211,38.56999969482422,92.0,4059.1201171875
2013-08-23,40.57500076293945,43.869998931884766,23.934999465942383,39.23500061035156,92.9000015258789,4069.469970703125
2013-08-26,40.540000915527344,44.04999923706055,23.639999389648438,38.86000061035156,93.30000305175781,4067.1298828125
2013-08-27,39.584999084472656,41.84000015258789,22.93000030517578,38.2400016784668,92.9000015258789,3968.72998046875
2013-08-28,39.34000015258789,41.77000045776367,25.329999923706055,37.5,92.68499755859375,3960.4599609375
2013-08-29,39.435001373291016,40.5,24.364999771118164,37.3650016784668,93.0,3986.35009765625
2013-08-30,39.06999969482422,40.130001068115234,23.665000915527344,37.279998779296875,93.0,3933.780029296875
2013-09-02,39.83000183105469,40.91999816894531,23.725000381469727,37.84000015258789,92.13500213623047,4006.010009765625
2013-09-03,39.790000915527344,41.78499984741211,24.030000686645508,37.459999084472656,92.91999816894531,3974.070068359375
2013-09-04,40.025001525878906,42.779998779296875,24.670000076293945,39.28499984741211,92.9000015258789,3980.419921875
2013-09-05,40.39500045776367,43.75,24.6299991607666,40.29999923706055,92.79000091552734,4006.800048828125
2013-09-06,41.064998626708984,44.064998626708984,24.905000686645508,40.400001525878906,91.19999694824219,4049.18994140625
2013-09-09,40.970001220703125,43.665000915527344,24.395000457763672,40.22999954223633,91.32499694824219,4040.330078125
2013-09-10,41.48500061035156,41.20000076293945,24.920000076293945,40.61000061035156,92.80000305175781,4116.64013671875
2013-09-11,41.744998931884766,41.79999923706055,25.149999618530273,40.75,92.4749984741211,4119.10986328125
2013-09-12,41.78499984741211,41.494998931884766,26.959999084472656,40.880001068115234,92.07499694824219,4106.6298828125
2013-09-13,42.0099983215332,40.84000015258789,27.209999084472656,40.79499053955078,92.80000305175781,4114.5
2013-09-16,42.314998626708984,41.10499954223633,27.0,40.73500061035156,92.0,4152.22021484375
2013-09-17,42.29999923706055,41.255001068115234,26.915000915527344,40.66999816894531,91.79499816894531,4145.509765625
2013-09-18,42.14500045776367,41.400001525878906,27.045000076293945,40.97499084472656,91.18000030517578,4170.39990234375
2013-09-19,42.98500061035156,41.165000915527344,26.94499969482422,40.54999923706055,91.9749984741211,4206.0400390625
2013-09-20,43.10499954223633,41.005001068115234,27.200000762939453,41.17499923706055,92.0,4203.66015625
2013-09-23,42.56999969482422,40.814998626708984,26.655000686645508,40.435001373291016,92.69999694824219,4172.080078125
2013-09-24,42.96500015258789,41.435001373291016,27.450000762939453,40.900001525878906,92.52999877929688,4195.60986328125
2013-09-25,43.029998779296875,41.084999084472656,27.325000762939453,41.310001373291016,92.0,4195.35009765625
2013-09-26,43.290000915527344,40.849998474121094,27.135000228881836,41.27000045776367,91.11499786376953,4186.72021484375
2013-09-27,43.22999954223633,40.41999816894531,26.934999465942383,41.29499053955078,90.61000061035156,4186.77001953125
2013-09-30,42.970001220703125,40.540000915527344,26.975000381469727,40.63499069213867,90.0,4143.43994140625
2013-10-01,43.86000061035156,40.290000915527344,27.114999771118164,41.400001525878906,89.45999908447266,4196.60009765625
2013-10-02,43.61000061035156,40.36000061035156,26.915000915527344,41.3650016784668,90.0,4158.16015625
2013-10-03,43.60499954223633,40.599998474121094,26.649999618530273,41.8650016784668,86.30000305175781,4127.97998046875
2013-10-04,44.005001068115234,40.845001220703125,26.649999618530273,41.939998626708984,86.5999984741211,4164.25
2013-10-07,43.89500045776367,40.7599983215332,26.530000686645508,42.525001525878906,88.72000122070312,4165.580078125
2013-10-08,43.970001220703125,40.61000061035156,26.399999618530273,42.26499938964844,86.5,4133.52978515625
2013-10-09,44.0099983215332,39.8650016784668,26.385000228881836,42.45500183105469,89.0,4127.0498046875
2013-10-10,45.27000045776367,41.23500061035156,27.645000457763672,43.279998779296875,88.5,4218.10986328125
2013-10-11,45.494998931884766,41.6150016784668,28.09000015258789,44.03499984741211,89.9000015258789,4219.97998046875
2013-10-14,45.34000015258789,41.900001525878906,28.110000610351562,44.04499053955078,88.83000183105469,4222.9599609375
2013-10-15,46.209999084472656,43.0,29.1299991607666,43.8650016784668,88.80000305175781,4256.02001953125
2013-10-16,46.345001220703125,43.20000076293945,29.594999313354492,43.619998931884766,88.08000183105469,4243.72021484375
2013-10-17,46.47999954223633,43.08000183105469,29.19499969482422,43.07500076293945,88.73999786376953,4239.64013671875
2013-10-18,46.78499984741211,43.310001373291016,29.454999923706055,43.86000061035156,90.0,4286.02978515625
2013-10-21,46.875,43.595001220703125,29.610000610351562,43.81999969482422,90.0,4276.919921875
2013-10-22,47.3650016784668,43.47999954223633,29.489999771118164,43.775001525878906,91.5999984741211,4295.43017578125
2013-10-23,47.2599983215332,43.11000061035156,29.170000076293945,43.709999084472656,91.5999984741211,4260.66015625
2013-10-24,47.619998931884766,43.17499923706055,29.325000762939453,43.959999084472656,90.80000305175781,4275.68994140625
2013-10-25,48.11000061035156,43.20000076293945,29.299999237060547,44.2599983215332,90.73999786376953,4272.31005859375
2013-10-28,47.23500061035156,43.04499053955078,28.924999237060547,44.084999084472656,91.69999694824219,4251.60986328125
2013-10-29,47.35499954223633,43.599998474121094,28.90999984741211,44.48500061035156,90.9000015258789,4278.08984375
2013-10-30,47.040000915527344,43.529998779296875,28.799999237060547,45.0,90.88999938964844,4274.10986328125
2013-10-31,47.244998931884766,43.72499084472656,28.790000915527344,45.20000076293945,90.30999755859375,4299.89013671875
2013-11-01,47.33000183105469,43.63999938964844,29.010000228881836,45.040000915527344,90.5999984741211,4273.18994140625
2013-11-04,47.625,43.6150016784668,29.110000610351562,44.93000030517578,90.5999984741211,4288.58984375
2013-11-05,47.369998931884766,43.880001068115234,28.239999771118164,45.400001525878906,90.4000015258789,4253.33984375
2013-11-06,47.69499969482422,44.21500015258789,28.55500030517578,45.529998779296875,90.0,4286.93017578125
2013-11-07,47.05500030517578,44.165000915527344,27.8700008392334,45.48500061035156,88.86499786376953,4280.990234375
2013-11-08,46.880001068115234,43.8650016784668,27.700000762939453,45.04999923706055,87.72000122070312,4260.43994140625
2013-11-11,46.83000183105469,44.15999984741211,28.31999969482422,44.939998626708984,88.80000305175781,4290.14013671875
2013-11-12,47.029998779296875,43.98500061035156,28.174999237060547,44.70500183105469,88.0,4263.77978515625
2013-11-13,46.439998626708984,43.599998474121094,27.78499984741211,45.47499084472656,88.4800033569336,4239.93994140625
2013-11-14,47.5,43.59000015258789,29.514999389648438,45.78499984741211,89.58499908447266,4283.91015625
2013-11-15,47.15999984741211,43.494998931884766,29.079999923706055,45.220001220703125,89.0250015258789,4292.22998046875
2013-11-18,47.27000045776367,42.86000061035156,29.21500015258789,45.619998931884766,89.79499816894531,4320.68017578125
2013-11-19,46.220001220703125,41.3650016784668,28.489999771118164,44.8650016784668,88.5999984741211,4272.2900390625
2013-11-20,45.70000076293945,41.95000076293945,28.530000686645508,44.529998779296875,87.54000091552734,4268.3701171875
2013-11-21,46.349998474121094,41.39500045776367,28.28499984741211,43.95500183105469,86.9000015258789,4253.89990234375
2013-11-22,46.125,40.97999954223633,27.78499984741211,43.994998931884766,87.19999694824219,4278.52978515625
2013-11-25,46.72999954223633,41.099998474121094,27.80500030517578,44.23500061035156,87.5,4301.97021484375
2013-11-26,47.0099983215332,41.0,27.739999771118164,44.099998474121094,88.02999877929688,4277.56982421875
2013-11-27,47.279998779296875,41.599998474121094,27.75,44.29999923706055,87.66500091552734,4293.06005859375
2013-11-28,47.564998626708984,41.70000076293945,27.924999237060547,44.494998931884766,88.30000305175781,4302.419921875
2013-11-29,47.32500076293945,41.255001068115234,27.760000228881836,44.92499923706055,88.5,4295.2099609375
2013-12-02,47.2599983215332,40.904998779296875,27.709999084472656,44.790000915527344,88.0,4285.81005859375
2013-12-03,46.3849983215332,39.72999954223633,26.604999542236328,43.915000915527344,89.19499969482422,4172.43994140625
2013-12-04,46.244998931884766,39.73500061035156,26.264999389648438,43.22999954223633,88.0999984741211,4148.52001953125
2013-12-05,45.0,38.45000076293945,25.934999465942383,43.34000015258789,89.19999694824219,4099.91015625
2013-12-06,45.34000015258789,39.79999923706055,25.969999313354492,43.20500183105469,88.55000305175781,4129.3701171875
2013-12-09,45.529998779296875,40.0,25.93000030517578,43.35499954223633,89.5,4134.10009765625
2013-12-10,45.44499969482422,39.334999084472656,25.895000457763672,43.099998474121094,88.69999694824219,4091.139892578125
2013-12-11,45.43000030517578,39.43000030517578,25.979999542236328,43.400001525878906,89.0,4086.860107421875
2013-12-12,45.650001525878906,39.5,25.649999618530273,43.48500061035156,91.06999969482422,4069.1201171875
2013-12-13,45.314998626708984,39.314998626708984,25.795000076293945,43.869998931884766,92.5,4059.7099609375
2013-12-16,45.939998626708984,39.665000915527344,26.329999923706055,45.29999923706055,91.87999725341797,4119.8798828125
2013-12-17,44.68000030517578,39.05500030517578,25.75,44.189998626708984,92.4000015258789,4068.639892578125
2013-12-18,44.790000915527344,39.19499969482422,26.010000228881836,44.650001525878906,92.0,4109.509765625
2013-12-19,46.07500076293945,39.970001220703125,26.639999389648438,44.744998931884766,89.31500244140625,4154.27001953125
2013-12-20,46.310001373291016,40.1150016784668,26.19499969482422,44.939998626708984,92.5,4193.77001953125
2013-12-23,46.97999954223633,40.9900016784668,26.030000686645508,46.04999923706055,90.0,4215.2900390625
2013-12-24,46.974998474121094,41.43000030517578,26.44499969482422,45.88999938964844,90.84500122070312,4218.41015625
2013-12-27,47.665000915527344,41.27000045776367,27.200000762939453,46.0,91.50499725341797,4277.64990234375
2013-12-30,47.685001373291016,41.76499938964844,27.34000015258789,46.349998474121094,92.80000305175781,4275.7099609375
2013-12-31,47.720001220703125,41.849998474121094,27.420000076293945,46.79999923706055,92.79499816894531,4295.9501953125
2014-01-02,47.375,41.275001525878906,27.075000762939453,46.915000915527344,92.79499816894531,4227.27978515625
2014-01-03,47.66999816894531,41.52000045776367,27.325000762939453,47.665000915527344,93.19999694824219,4247.64990234375
2014-01-06,47.744998931884766,41.244998931884766,27.364999771118164,47.32500076293945,93.0,4227.5400390625
2014-01-07,48.20000076293945,41.625,27.985000610351562,47.209999084472656,93.30000305175781,4262.68017578125
2014-01-08,48.73500061035156,42.01499938964844,28.5,46.970001220703125,94.0,4260.9599609375
2014-01-09,47.96500015258789,40.79999923706055,28.55500030517578,47.14500045776367,94.6050033569336,4225.14013671875
2014-01-10,48.05500030517578,41.165000915527344,28.815000534057617,47.724998474121094,96.19999694824219,4250.60009765625
2014-01-13,48.20000076293945,41.39500045776367,28.969999313354492,47.19499969482422,96.2300033569336,4263.27001953125
2014-01-14,47.60499954223633,41.36000061035156,29.360000610351562,47.599998474121094,95.80000305175781,4274.2001953125
2014-01-15,48.810001373291016,43.279998779296875,30.924999237060547,48.45000076293945,94.98999786376953,4332.06982421875
2014-01-16,49.125,43.150001525878906,30.815000534057617,48.40999984741211,97.5,4319.27001953125
2014-01-17,48.744998931884766,43.29999923706055,31.09000015258789,48.95000076293945,100.25499725341797,4327.5
2014-01-20,49.005001068115234,43.5,31.014999389648438,48.93000030517578,99.9000015258789,4322.85986328125
2014-01-21,48.709999084472656,43.630001068115234,29.239999771118164,49.224998474121094,100.0,4323.8701171875
2014-01-22,48.709999084472656,43.56999969482422,29.350000381469727,49.08000183105469,98.5,4324.97998046875
2014-01-23,48.404998779296875,43.5,29.514999389648438,48.79999923706055,99.30000305175781,4280.9599609375
2014-01-24,47.775001525878906,42.724998474121094,28.604999542236328,47.619998931884766,100.0,4161.47021484375
2014-01-27,48.20000076293945,42.790000915527344,28.190000534057617,47.6150016784668,98.80000305175781,4144.56005859375
2014-01-28,49.35499954223633,43.880001068115234,28.485000610351562,47.849998474121094,100.30000305175781,4185.2900390625
2014-01-29,48.7599983215332,43.130001068115234,28.075000762939453,47.779998779296875,100.0,4156.97998046875
2014-01-30,48.95500183105469,43.310001373291016,28.68000030517578,48.349998474121094,99.0,4180.02001953125
2014-01-31,48.564998626708984,43.095001220703125,28.389999389648438,48.32500076293945,98.00499725341797,4165.72021484375
2014-02-03,47.474998474121094,42.665000915527344,27.604999542236328,47.9900016784668,98.5,4107.75
2014-02-04,48.20500183105469,43.02000045776367,28.18000030517578,47.42499923706055,98.5,4117.4501953125
2014-02-05,47.970001220703125,42.7400016784668,27.895000457763672,46.68000030517578,99.5,4117.7900390625
2014-02-06,50.599998474121094,44.314998626708984,28.454999923706055,47.845001220703125,99.99500274658203,4188.10009765625
2014-02-07,51.060001373291016,45.04999923706055,28.78499984741211,48.46500015258789,99.99500274658203,4228.18017578125
2014-02-10,50.7400016784668,44.459999084472656,28.565000534057617,48.08000183105469,98.30000305175781,4237.1298828125
2014-02-11,51.970001220703125,45.94499969482422,29.030000686645508,48.45500183105469,98.30000305175781,4283.31982421875
2014-02-12,51.9900016784668,46.29999923706055,29.084999084472656,49.040000915527344,98.01499938964844,4305.5
2014-02-13,52.22999954223633,46.34000015258789,29.579999923706055,48.744998931884766,97.5,4312.7998046875
2014-02-14,52.58000183105469,46.779998779296875,30.239999771118164,48.689998626708984,97.5999984741211,4340.14013671875
2014-02-17,52.439998626708984,47.165000915527344,29.9950008392334,47.845001220703125,97.5,4335.169921875
2014-02-18,52.720001220703125,47.380001068115234,29.625,47.20000076293945,98.9800033569336,4330.7099609375
2014-02-19,52.29999923706055,47.60499954223633,29.354999542236328,46.91999816894531,97.5999984741211,4341.10009765625
2014-02-20,52.119998931884766,47.375,28.854999542236328,47.654998779296875,96.9000015258789,4355.490234375
2014-02-21,53.0099983215332,48.25,29.860000610351562,47.75,98.1050033569336,4381.06005859375
2014-02-24,53.65999984741211,49.2400016784668,30.75,48.494998931884766,98.1449966430664,4419.1298828125
2014-02-25,53.95000076293945,49.849998474121094,30.2450008392334,48.75,97.05000305175781,4414.5498046875
2014-02-26,53.5099983215332,49.380001068115234,30.225000381469727,48.75,98.0,4396.91015625
2014-02-27,54.189998626708984,51.060001373291016,29.5,48.6150016784668,97.5,4396.39013671875
2014-02-28,54.130001068115234,51.86000061035156,29.209999084472656,48.099998474121094,99.80000305175781,4408.080078125
2014-03-03,52.43000030517578,51.34000015258789,28.69499969482422,47.55500030517578,99.11000061035156,4290.8701171875
2014-03-04,53.65999984741211,52.38999938964844,28.924999237060547,48.369998931884766,98.03500366210938,4395.89990234375
2014-03-05,54.15999984741211,53.290000915527344,28.774999618530273,47.94499969482422,98.5,4391.25
2014-03-06,53.959999084472656,54.11000061035156,30.670000076293945,47.0,97.75499725341797,4417.0400390625
2014-03-07,53.2599983215332,54.189998626708984,30.084999084472656,46.5,98.48999786376953,4366.419921875
2014-03-10,53.58000183105469,53.84000015258789,32.689998626708984,46.3849983215332,99.30999755859375,4370.83984375
2014-03-11,53.63999938964844,53.63999938964844,32.60499954223633,46.900001525878906,100.5,4349.72021484375
2014-03-12,53.72999954223633,52.90999984741211,32.025001525878906,46.349998474121094,102.0,4306.259765625
2014-03-13,53.04999923706055,53.4900016784668,31.43000030517578,47.0,104.5,4250.509765625
2014-03-14,52.369998931884766,52.349998474121094,30.510000228881836,46.91999816894531,103.4000015258789,4216.3701171875
2014-03-17,53.130001068115234,53.619998931884766,30.389999389648438,47.595001220703125,101.48999786376953,4271.9599609375
2014-03-18,53.650001525878906,53.61000061035156,30.399999618530273,47.349998474121094,100.80000305175781,4313.259765625
2014-03-19,53.29999923706055,53.68000030517578,29.850000381469727,47.11000061035156,101.51499938964844,4308.06005859375
2014-03-20,53.70000076293945,53.119998931884766,30.65999984741211,47.470001220703125,100.4000015258789,4327.91015625
2014-03-21,53.060001373291016,52.470001220703125,29.850000381469727,47.2400016784668,103.0999984741211,4335.27978515625
2014-03-24,52.41999816894531,51.630001068115234,29.030000686645508,46.42499923706055,100.38999938964844,4276.33984375
2014-03-25,53.5,52.459999084472656,29.264999389648438,46.994998931884766,100.0,4344.1201171875
2014-03-26,53.709999084472656,52.369998931884766,29.280000686645508,48.0,101.5,4385.14990234375
2014-03-27,54.040000915527344,53.09000015258789,29.7450008392334,47.79499816894531,102.5,4379.06005859375
2014-03-28,54.290000915527344,53.27000045776367,30.280000686645508,48.04499816894531,101.5,4411.259765625
2014-03-31,53.90999984741211,54.31999969482422,30.274999618530273,48.130001068115234,101.0,4391.5
2014-04-01,54.52000045776367,55.310001373291016,30.450000762939453,49.209999084472656,101.66999816894531,4426.72021484375
2014-04-02,54.040000915527344,55.189998626708984,30.649999618530273,49.220001220703125,100.30000305175781,4430.85986328125
2014-04-03,54.22999954223633,54.54999923706055,30.639999389648438,49.314998626708984,100.0999984741211,4449.330078125
2014-04-04,54.75,55.290000915527344,30.834999084472656,49.86000061035156,100.80000305175781,4484.5498046875
2014-04-07,53.95000076293945,54.70000076293945,29.0,49.02000045776367,100.1050033569336,4436.080078125
2014-04-08,53.90999984741211,53.45000076293945,29.389999389648438,48.025001525878906,100.0,4424.830078125
2014-04-09,54.400001525878906,54.0,29.440000534057617,49.29999923706055,100.72000122070312,4442.68017578125
2014-04-10,53.880001068115234,54.09000015258789,29.21500015258789,47.86000061035156,99.99500274658203,4413.490234375
2014-04-11,53.77000045776367,52.88999938964844,28.920000076293945,46.084999084472656,100.67500305175781,4365.85986328125
2014-04-14,53.06999969482422,51.90999984741211,28.600000381469727,45.04499816894531,102.0,4384.56005859375
2014-04-15,52.61000061035156,51.439998626708984,28.78499984741211,44.095001220703125,101.8949966430664,4345.35009765625
2014-04-16,54.0,53.099998474121094,29.145000457763672,45.35499954223633,102.5,4405.66015625
2014-04-17,54.099998474121094,53.77000045776367,29.459999084472656,45.82500076293945,102.0,4431.81005859375
2014-04-22,54.650001525878906,54.060001373291016,29.625,45.845001220703125,100.51000213623047,4484.2099609375
2014-04-23,54.0,53.79999923706055,29.0,45.05500030517578,101.4000015258789,4451.080078125
2014-04-24,54.130001068115234,54.70000076293945,30.344999313354492,44.70500183105469,102.19999694824219,4479.5400390625
2014-04-25,53.72999954223633,53.90999984741211,31.610000610351562,45.02000045776367,102.25,4443.6298828125
2014-04-28,54.150001525878906,53.599998474121094,32.25,44.720001220703125,100.09500122070312,4460.52978515625
2014-04-29,55.029998779296875,54.97999954223633,32.08000183105469,44.720001220703125,99.71499633789062,4497.68017578125
2014-04-30,54.34000015258789,54.45000076293945,32.415000915527344,45.849998474121094,99.80000305175781,4487.39013671875
2014-05-01,54.34000015258789,54.45000076293945,32.415000915527344,45.849998474121094,99.80000305175781,
2014-05-02,54.09000015258789,54.91999816894531,33.76499938964844,45.58000183105469,100.59500122070312,4458.169921875
2014-05-05,54.33000183105469,54.36000061035156,32.17499923706055,45.560001373291016,99.5,4462.68994140625
2014-05-06,54.11000061035156,53.86000061035156,32.29499816894531,45.52000045776367,99.5,4428.06982421875
2014-05-07,54.130001068115234,53.25,31.825000762939453,45.439998626708984,100.0,4446.43994140625
2014-05-08,54.599998474121094,53.599998474121094,32.314998626708984,45.435001373291016,101.13999938964844,4507.240234375
2014-05-09,54.459999084472656,53.91999816894531,32.27000045776367,45.14500045776367,101.19499969482422,4477.27978515625
2014-05-12,54.7400016784668,54.79999923706055,32.79999923706055,45.13999938964844,100.0,4493.64990234375
2014-05-13,54.47999954223633,54.099998474121094,33.209999084472656,45.11000061035156,100.19999694824219,4505.02001953125
2014-05-14,54.369998931884766,52.20000076293945,32.880001068115234,44.959999084472656,100.0,4501.0400390625
2014-05-15,53.119998931884766,50.099998474121094,31.674999237060547,44.70500183105469,99.16999816894531,4444.93017578125
2014-05-16,53.29999923706055,49.20000076293945,33.08000183105469,43.584999084472656,99.5999984741211,4456.27978515625
2014-05-19,53.689998626708984,49.084999084472656,33.209999084472656,44.28499984741211,99.5,4469.759765625
2014-05-20,53.5099983215332,49.345001220703125,32.915000915527344,44.119998931884766,98.5,4452.35009765625
2014-05-21,53.41999816894531,49.20000076293945,32.59000015258789,44.15999984741211,97.30000305175781,4469.02978515625
2014-05-22,53.65999984741211,50.599998474121094,32.61000061035156,44.09000015258789,98.41000366210938,4478.2099609375
2014-05-23,53.86000061035156,51.0,32.880001068115234,44.5,99.87000274658203,4493.14990234375
2014-05-26,54.2400016784668,51.5,33.470001220703125,44.89500045776367,101.5,4526.93017578125
2014-05-27,54.33000183105469,51.5,33.79999923706055,44.255001068115234,101.69999694824219,4529.75
2014-05-28,54.52000045776367,51.540000915527344,33.665000915527344,44.34000015258789,101.69499969482422,4531.6298828125
2014-05-29,54.43000030517578,51.540000915527344,34.18000030517578,44.26499938964844,101.58499908447266,4530.509765625
2014-05-30,54.29999923706055,52.130001068115234,34.05500030517578,43.90999984741211,101.0,4519.56982421875
2014-06-02,54.45000076293945,53.08000183105469,34.439998626708984,45.29999923706055,101.5,4515.89013671875
2014-06-03,54.41999816894531,52.599998474121094,34.07500076293945,45.125,101.5,4503.68994140625
2014-06-04,54.599998474121094,52.75,33.0,44.959999084472656,101.5,4501.0
2014-06-05,55.369998931884766,53.88999938964844,33.28499984741211,45.63999938964844,101.0,4548.72998046875
2014-06-06,56.380001068115234,54.779998779296875,34.19499969482422,46.9900016784668,102.9749984741211,4581.1201171875
2014-06-09,56.630001068115234,55.310001373291016,34.31999969482422,46.474998474121094,103.5,4589.1201171875
2014-06-10,56.709999084472656,55.459999084472656,34.16999816894531,46.4900016784668,102.0,4595.0
2014-06-11,56.27000045776367,55.16999816894531,32.02000045776367,45.83000183105469,101.5,4555.10986328125
2014-06-12,56.459999084472656,55.349998474121094,33.66999816894531,45.994998931884766,101.5,4554.39990234375
2014-06-13,56.189998626708984,54.22999954223633,33.435001373291016,45.779998779296875,101.5,4543.27978515625
2014-06-16,55.689998626708984,53.95000076293945,33.18000030517578,45.119998931884766,102.0,4510.0498046875
2014-06-17,55.779998779296875,54.290000915527344,33.189998626708984,45.224998474121094,102.5,4536.06982421875
2014-06-18,55.75,54.5,33.1349983215332,44.8849983215332,102.9000015258789,4530.3701171875
2014-06-19,56.849998474121094,54.970001220703125,32.689998626708984,45.915000915527344,103.5999984741211,4563.0400390625
2014-06-20,56.25,52.650001525878906,32.279998779296875,45.369998931884766,106.0,4541.33984375
2014-06-23,55.900001525878906,52.09000015258789,31.635000228881836,44.46500015258789,111.11000061035156,4515.56982421875
2014-06-24,55.22999954223633,51.20000076293945,31.399999618530273,43.59000015258789,110.0999984741211,4518.33984375
2014-06-25,55.099998474121094,50.720001220703125,30.975000381469727,43.494998931884766,110.00499725341797,4460.60009765625
2014-06-26,55.099998474121094,50.939998626708984,30.7549991607666,44.29999923706055,111.0,4439.6298828125
2014-06-27,55.040000915527344,50.63999938964844,30.399999618530273,44.3849983215332,110.80000305175781,4436.990234375
2014-06-30,54.599998474121094,49.654998779296875,30.389999389648438,44.17499923706055,110.5999984741211,4422.83984375
2014-07-01,54.439998626708984,49.494998931884766,30.344999313354492,44.36000061035156,111.0,4461.1201171875
2014-07-02,54.369998931884766,49.470001220703125,29.75,43.95500183105469,110.80000305175781,4444.72021484375
2014-07-03,54.209999084472656,50.060001373291016,30.309999465942383,44.29999923706055,110.69999694824219,4489.8798828125
2014-07-04,54.09000015258789,50.13999938964844,30.094999313354492,44.31999969482422,111.5,4468.97998046875
2014-07-07,53.0,49.20000076293945,29.565000534057617,43.415000915527344,112.5,4405.759765625
2014-07-08,51.70000076293945,48.25,28.889999389648438,42.91999816894531,112.0,4342.52978515625
2014-07-09,51.95000076293945,48.525001525878906,28.655000686645508,43.56999969482422,112.98999786376953,4359.83984375
2014-07-10,51.529998779296875,48.23500061035156,28.479999542236328,44.05500030517578,114.30000305175781,4301.259765625
2014-07-11,51.83000183105469,48.619998931884766,28.55500030517578,44.53499984741211,118.0,4316.5
2014-07-14,52.029998779296875,48.779998779296875,28.575000762939453,44.310001373291016,117.5,4350.0400390625
2014-07-15,51.619998931884766,48.29999923706055,28.670000076293945,44.279998779296875,116.0,4305.31005859375
2014-07-16,52.61000061035156,50.2599983215332,29.104999542236328,44.70000076293945,117.0,4369.06005859375
2014-07-17,51.849998474121094,50.0099983215332,29.28499984741211,44.72999954223633,110.5,4316.1201171875
2014-07-18,52.540000915527344,49.95000076293945,29.235000610351562,44.3650016784668,114.4000015258789,4335.31005859375
2014-07-21,51.93000030517578,50.04999923706055,29.559999465942383,43.96500015258789,113.69999694824219,4304.740234375
2014-07-22,53.439998626708984,50.66999816894531,30.295000076293945,44.029998779296875,110.0999984741211,4369.52001953125
2014-07-23,53.439998626708984,50.779998779296875,30.155000686645508,43.880001068115234,110.0,4376.31982421875
2014-07-24,53.90999984741211,50.779998779296875,30.299999237060547,43.619998931884766,109.0,4410.64990234375
2014-07-25,52.939998626708984,50.36000061035156,29.924999237060547,43.14500045776367,111.99500274658203,4330.5498046875
2014-07-28,52.86000061035156,50.099998474121094,29.81999969482422,42.82500076293945,109.80000305175781,4344.77001953125
2014-07-29,53.130001068115234,49.334999084472656,29.799999237060547,43.44499969482422,110.66500091552734,4365.580078125
2014-07-30,52.72999954223633,49.560001373291016,29.69499969482422,43.14500045776367,112.9000015258789,4312.2998046875
2014-07-31,51.619998931884766,48.439998626708984,29.524999618530273,42.52000045776367,113.0,4246.14013671875
2014-08-01,48.35499954223633,45.30500030517578,28.420000076293945,41.70000076293945,110.47000122070312,4202.77978515625
2014-08-04,48.125,44.84000015258789,28.405000686645508,41.85499954223633,109.5,4217.22021484375
2014-08-05,47.900001525878906,44.650001525878906,28.3700008392334,41.91999816894531,109.5,4232.8798828125
2014-08-06,47.505001068115234,44.150001525878906,28.03499984741211,41.709999084472656,110.00499725341797,4207.14013671875
2014-08-07,46.3650016784668,43.275001525878906,27.44499969482422,41.560001373291016,111.56500244140625,4149.830078125
2014-08-08,46.779998779296875,42.70000076293945,27.399999618530273,41.119998931884766,110.99500274658203,4147.81005859375
2014-08-11,47.95500183105469,43.68000030517578,28.125,41.70000076293945,109.43499755859375,4197.7001953125
2014-08-12,47.31999969482422,43.43000030517578,27.75,40.880001068115234,108.51000213623047,4162.16015625
2014-08-13,47.5,43.28499984741211,27.360000610351562,41.119998931884766,110.5,4194.7900390625
2014-08-14,47.369998931884766,43.25,27.53499984741211,41.58000183105469,110.5,4205.43017578125
2014-08-15,46.8650016784668,43.290000915527344,27.235000610351562,41.470001220703125,107.26000213623047,4174.35986328125
2014-08-18,47.404998779296875,44.03499984741211,27.670000076293945,41.970001220703125,108.9000015258789,4230.64990234375
2014-08-19,47.599998474121094,44.380001068115234,27.895000457763672,41.970001220703125,108.9000015258789,4254.4501953125
2014-08-20,47.599998474121094,44.29499816894531,27.815000534057617,41.9900016784668,108.9000015258789,4240.7900390625
2014-08-21,48.47999954223633,45.98500061035156,28.5,42.29499816894531,108.9000015258789,4292.93017578125
2014-08-22,47.8849983215332,45.60499954223633,28.385000228881836,42.14500045776367,105.9000015258789,4252.7998046875
2014-08-25,48.85499954223633,46.6349983215332,28.655000686645508,43.15999984741211,105.70500183105469,4342.10986328125
2014-08-26,49.18000030517578,46.89500045776367,28.674999237060547,43.18000030517578,106.00499725341797,4393.41015625
2014-08-27,49.26499938964844,47.220001220703125,28.459999084472656,43.16999816894531,103.5999984741211,4395.259765625
2014-08-28,49.22999954223633,48.8849983215332,28.479999542236328,42.599998474121094,106.3949966430664,4366.0400390625
2014-08-29,49.75,49.29999923706055,27.934999465942383,42.494998931884766,107.19999694824219,4381.0400390625
2014-09-01,49.36000061035156,49.095001220703125,27.69499969482422,42.82500076293945,108.0,4379.72998046875
2014-09-02,49.029998779296875,48.56999969482422,27.594999313354492,42.93000030517578,105.6050033569336,4378.330078125
2014-09-03,49.67499923706055,49.0,27.575000762939453,43.18000030517578,108.80000305175781,4421.8701171875
2014-09-04,48.790000915527344,48.70500183105469,27.7450008392334,43.05500030517578,108.58499908447266,4494.93994140625
2014-09-05,47.880001068115234,49.46500015258789,28.05500030517578,43.02000045776367,109.29499816894531,4486.490234375
2014-09-08,47.58000183105469,49.209999084472656,28.18000030517578,42.904998779296875,108.19000244140625,4474.93017578125
2014-09-09,47.220001220703125,48.755001068115234,28.0049991607666,42.85499954223633,108.0,4452.3701171875
2014-09-10,47.029998779296875,48.45500183105469,27.940000534057617,42.03499984741211,106.99500274658203,4450.7900390625
2014-09-11,46.255001068115234,47.779998779296875,27.790000915527344,42.66999816894531,106.80000305175781,4440.89990234375
2014-09-12,45.869998931884766,47.34000015258789,27.700000762939453,42.72999954223633,107.48999786376953,4441.7001953125
2014-09-15,45.150001525878906,46.04999923706055,27.434999465942383,42.41999816894531,106.93499755859375,4428.6298828125
2014-09-16,45.040000915527344,45.564998626708984,27.139999389648438,42.42499923706055,105.50499725341797,4409.14990234375
2014-09-17,46.060001373291016,45.654998779296875,27.229999542236328,42.76499938964844,106.48500061035156,4431.41015625
2014-09-18,46.19499969482422,45.23500061035156,26.75,43.29999923706055,106.0250015258789,4464.7001953125
2014-09-19,46.1349983215332,45.130001068115234,26.790000915527344,43.35499954223633,105.0,4461.22021484375
2014-09-22,46.435001373291016,44.505001068115234,26.700000762939453,43.165000915527344,105.0,4442.5498046875
2014-09-23,45.529998779296875,44.1349983215332,26.084999084472656,41.86000061035156,104.94999694824219,4359.35009765625
2014-09-24,46.369998931884766,44.1150016784668,26.0,40.7599983215332,104.0,4413.72021484375
2014-09-25,45.810001373291016,43.474998474121094,25.704999923706055,40.23500061035156,102.93499755859375,4355.27978515625
2014-09-26,46.38999938964844,43.904998779296875,25.665000915527344,40.72999954223633,101.5,4394.75
2014-09-29,45.38999938964844,43.6349983215332,25.239999771118164,40.95500183105469,102.5,4358.06982421875
2014-09-30,46.005001068115234,44.15999984741211,25.665000915527344,42.17499923706055,101.0,4416.240234375
2014-10-01,45.619998931884766,43.79499816894531,25.325000762939453,42.150001525878906,100.0,4365.27001953125
2014-10-02,44.724998474121094,43.189998626708984,24.899999618530273,41.29999923706055,98.0,4242.669921875
2014-10-03,45.345001220703125,43.60499954223633,25.079999923706055,41.5,96.5,4281.740234375
2014-10-06,45.29999923706055,43.689998626708984,25.06999969482422,41.915000915527344,96.0999984741211,4286.52001953125
2014-10-07,44.51499938964844,43.19499969482422,24.704999923706055,41.41999816894531,91.1050033569336,4209.14013671875
2014-10-08,43.45000076293945,41.06999969482422,24.40999984741211,40.619998931884766,91.9800033569336,4168.1201171875
2014-10-09,43.27000045776367,39.5099983215332,24.2450008392334,39.2599983215332,99.6500015258789,4141.4501953125
2014-10-10,42.084999084472656,39.459999084472656,24.540000915527344,38.845001220703125,92.61000061035156,4073.7099609375
2014-10-13,42.900001525878906,39.720001220703125,24.514999389648438,38.685001373291016,97.5,4078.699951171875
2014-10-14,43.64500045776367,39.71500015258789,25.639999389648438,38.86000061035156,95.5,4088.25
2014-10-15,41.404998779296875,39.099998474121094,24.850000381469727,37.494998931884766,95.11000061035156,3939.719970703125
2014-10-16,42.31999969482422,39.27000045776367,24.854999542236328,37.5,92.4000015258789,3918.6201171875
2014-10-17,43.79999923706055,40.79499816894531,25.375,38.439998626708984,92.0999984741211,4033.179931640625
2014-10-20,44.025001525878906,40.52000045776367,25.364999771118164,37.935001373291016,92.65499877929688,3991.239990234375
2014-10-21,44.685001373291016,41.43000030517578,25.68000030517578,38.10499954223633,95.0,4081.239990234375
2014-10-22,44.619998931884766,42.404998779296875,25.795000076293945,37.72999954223633,93.19999694824219,4105.08984375
2014-10-23,44.78499984741211,42.7599983215332,26.25,37.8849983215332,94.375,4157.68017578125
2014-10-24,44.084999084472656,42.904998779296875,26.184999465942383,38.0,95.9000015258789,4128.89990234375
2014-10-27,43.525001525878906,41.55500030517578,26.024999618530273,37.95500183105469,92.5,4096.740234375
2014-10-28,43.71500015258789,41.76499938964844,26.475000381469727,37.98500061035156,95.5,4112.669921875
2014-10-29,43.619998931884766,41.79999923706055,26.844999313354492,38.619998931884766,94.20500183105469,4110.64013671875
2014-10-30,43.91999816894531,41.459999084472656,26.969999313354492,38.599998474121094,94.19999694824219,4141.240234375
2014-10-31,45.474998474121094,42.3849983215332,27.549999237060547,39.59000015258789,93.4000015258789,4233.08984375
2014-11-03,45.685001373291016,42.790000915527344,27.764999389648438,39.76499938964844,93.0,4194.02978515625
2014-11-04,44.974998474121094,41.625,27.364999771118164,39.2400016784668,91.80000305175781,4130.18994140625
2014-11-05,45.790000915527344,42.709999084472656,28.114999771118164,39.88999938964844,93.30000305175781,4208.419921875
2014-11-06,46.22999954223633,42.9900016784668,28.075000762939453,40.55500030517578,94.51499938964844,4227.68017578125
2014-11-07,45.8650016784668,42.64500045776367,27.670000076293945,40.400001525878906,95.25499725341797,4189.89013671875
2014-11-10,46.30500030517578,43.125,27.959999084472656,41.025001525878906,104.0,4222.81982421875
2014-11-11,45.54999923706055,43.255001068115234,28.1299991607666,41.220001220703125,100.19999694824219,4244.10009765625
2014-11-12,44.7599983215332,42.189998626708984,27.614999771118164,40.66999816894531,100.9000015258789,4179.8798828125
2014-11-13,43.650001525878906,38.125,27.059999465942383,40.209999084472656,101.66999816894531,4187.9501953125
2014-11-14,43.3849983215332,38.46500015258789,28.204999923706055,40.904998779296875,100.0,4202.4599609375
2014-11-17,43.73500061035156,39.279998779296875,28.625,40.790000915527344,101.93499755859375,4226.10009765625
2014-11-18,44.08000183105469,40.0,29.100000381469727,41.83000183105469,101.4800033569336,4262.3798828125
2014-11-19,44.310001373291016,40.25,29.075000762939453,41.994998931884766,99.53500366210938,4266.18994140625
2014-11-20,43.70000076293945,39.810001373291016,28.834999084472656,41.939998626708984,101.27999877929688,4234.2099609375
2014-11-21,43.70000076293945,40.125,29.96500015258789,42.39500045776367,100.0,4347.22998046875
2014-11-24,43.70000076293945,40.53499984741211,29.875,42.57500076293945,101.0,4368.43994140625
2014-11-25,43.69499969482422,40.61000061035156,29.920000076293945,43.099998474121094,102.4000015258789,4382.31005859375
2014-11-26,43.5,39.66999816894531,29.7549991607666,43.130001068115234,103.3499984741211,4373.419921875
2014-11-27,43.70000076293945,39.724998474121094,30.454999923706055,42.619998931884766,107.19499969482422,4382.33984375
2014-11-28,43.474998474121094,39.1349983215332,30.2549991607666,42.66999816894531,107.9000015258789,4390.18017578125
2014-12-01,43.584999084472656,38.85499954223633,30.079999923706055,42.54999923706055,100.55000305175781,4377.330078125
2014-12-02,43.70000076293945,39.400001525878906,30.030000686645508,43.79999923706055,108.49500274658203,4388.2998046875
2014-12-03,43.724998474121094,39.994998931884766,30.049999237060547,43.494998931884766,107.30000305175781,4391.85986328125
2014-12-04,43.119998931884766,39.790000915527344,29.924999237060547,43.3849983215332,108.125,4323.89013671875
2014-12-05,45.33000183105469,41.26499938964844,30.969999313354492,44.43000030517578,109.80000305175781,4419.47998046875
2014-12-08,44.55500030517578,39.28499984741211,31.100000381469727,44.36000061035156,110.1050033569336,4375.47998046875
2014-12-09,43.2599983215332,37.69499969482422,29.969999313354492,43.51499938964844,115.0,4263.93994140625
2014-12-10,44.435001373291016,39.474998474121094,29.854999542236328,42.84000015258789,115.55000305175781,4227.91015625
2014-12-11,44.2400016784668,38.939998626708984,29.850000381469727,43.150001525878906,108.0,4225.85986328125
2014-12-12,42.494998931884766,38.755001068115234,29.0,42.20000076293945,104.5,4108.93017578125
2014-12-15,41.25,37.73500061035156,28.3700008392334,41.459999084472656,101.5,4005.3798828125
2014-12-16,42.099998474121094,39.314998626708984,28.704999923706055,42.689998626708984,100.69999694824219,4093.199951171875
2014-12-17,43.1349983215332,39.665000915527344,28.665000915527344,42.470001220703125,100.62000274658203,4111.91015625
2014-12-18,45.724998474121094,40.619998931884766,29.729999542236328,43.470001220703125,107.5,4249.490234375
2014-12-19,45.40999984741211,40.435001373291016,29.854999542236328,45.099998474121094,107.16000366210938,4241.64990234375
2014-12-22,45.46500015258789,40.73500061035156,29.774999618530273,44.625,106.4000015258789,4254.43017578125
2014-12-23,46.38999938964844,42.05500030517578,30.3700008392334,45.17499923706055,106.69999694824219,4314.97021484375
2014-12-24,45.98500061035156,42.099998474121094,30.309999465942383,45.1349983215332,107.0,4295.85009765625
2014-12-29,46.165000915527344,41.849998474121094,30.174999237060547,45.084999084472656,107.5,4317.93017578125
2014-12-30,45.2599983215332,41.619998931884766,29.959999084472656,44.47999954223633,106.5,4245.5400390625
2014-12-31,45.5099983215332,42.119998931884766,29.979999542236328,44.994998931884766,106.28500366210938,4272.75
2015-01-02,45.42499923706055,42.459999084472656,30.024999618530273,45.029998779296875,105.19999694824219,4252.2900390625
2015-01-05,43.880001068115234,40.915000915527344,28.915000915527344,44.53499984741211,105.80999755859375,4111.35986328125
2015-01-06,43.400001525878906,40.005001068115234,28.69499969482422,44.665000915527344,105.0999984741211,4083.5
2015-01-07,45.0,41.685001373291016,29.030000686645508,45.20000076293945,100.0999984741211,4112.72998046875
2015-01-08,46.57500076293945,43.13999938964844,29.899999618530273,46.04499816894531,99.05000305175781,4260.18994140625
2015-01-09,46.564998626708984,43.38999938964844,29.604999542236328,46.77000045776367,102.08999633789062,4179.06982421875
2015-01-12,47.6349983215332,45.07500076293945,30.579999923706055,46.21500015258789,101.19999694824219,4228.240234375
2015-01-13,48.27000045776367,46.07500076293945,30.799999237060547,47.73500061035156,100.30500030517578,4290.27978515625
2015-01-14,47.46500015258789,45.19499969482422,30.225000381469727,47.08000183105469,100.79000091552734,4223.240234375
2015-01-15,48.20000076293945,45.970001220703125,30.860000610351562,48.064998626708984,101.0,4323.2001953125
2015-01-16,47.79499816894531,45.72999954223633,30.80500030517578,47.834999084472656,102.29499816894531,4379.6201171875
2015-01-19,48.470001220703125,45.849998474121094,30.854999542236328,48.04999923706055,101.30000305175781,4394.93017578125
2015-01-20,48.18000030517578,45.75,30.799999237060547,48.029998779296875,105.37999725341797,4446.02001953125
2015-01-21,48.82500076293945,45.95000076293945,30.899999618530273,47.90999984741211,106.86000061035156,4484.81982421875
2015-01-22,48.72999954223633,45.58000183105469,31.8700008392334,49.54499816894531,107.0,4552.7998046875
2015-01-23,49.290000915527344,46.70500183105469,32.345001220703125,47.6150016784668,108.5,4640.68994140625
2015-01-26,49.525001525878906,47.619998931884766,33.01499938964844,48.095001220703125,105.125,4675.1298828125
2015-01-27,47.775001525878906,44.599998474121094,32.3650016784668,47.90999984741211,105.0,4624.2099609375
2015-01-28,46.9900016784668,43.900001525878906,32.06999969482422,48.31999969482422,105.73500061035156,4610.93994140625
2015-01-29,47.345001220703125,43.18000030517578,31.954999923706055,47.529998779296875,104.68499755859375,4631.43017578125
2015-01-30,46.84000015258789,43.22999954223633,31.655000686645508,46.79999923706055,106.69499969482422,4604.25
2015-02-02,47.30500030517578,43.040000915527344,32.025001525878906,46.94499969482422,106.0,4627.669921875
2015-02-03,48.20000076293945,43.689998626708984,32.689998626708984,47.18000030517578,106.41999816894531,4677.89990234375
2015-02-04,48.32500076293945,43.73500061035156,32.64500045776367,48.1150016784668,109.46499633789062,4696.2998046875
2015-02-05,49.619998931884766,45.150001525878906,32.0,48.14500045776367,112.08000183105469,4703.2998046875
2015-02-06,49.404998779296875,45.314998626708984,31.969999313354492,48.91999816894531,115.9000015258789,4691.02978515625
2015-02-09,50.47999954223633,46.09000015258789,32.040000915527344,49.005001068115234,115.6500015258789,4651.080078125
2015-02-10,51.34000015258789,47.255001068115234,32.75,50.83000183105469,116.0,4695.64990234375
2015-02-11,51.150001525878906,47.25,33.025001525878906,50.5,116.0,4679.3798828125
2015-02-12,51.40999984741211,48.17499923706055,33.54499816894531,50.7400016784668,116.9000015258789,4726.2001953125
2015-02-13,51.709999084472656,48.435001373291016,33.654998779296875,50.380001068115234,125.24500274658203,4759.35986328125
2015-02-16,52.7400016784668,49.0,34.92499923706055,50.22999954223633,126.0,4751.9501953125
2015-02-17,52.4900016784668,49.04499816894531,35.0,50.310001373291016,123.98999786376953,4753.990234375
2015-02-18,52.47999954223633,49.14500045776367,34.73500061035156,51.5099983215332,128.5,4799.02978515625
2015-02-19,52.68000030517578,49.345001220703125,34.88999938964844,51.560001373291016,128.3699951171875,4833.27978515625
2015-02-20,52.720001220703125,49.439998626708984,35.33000183105469,51.79999923706055,127.41000366210938,4830.89990234375
2015-02-23,52.81999969482422,49.55500030517578,35.220001220703125,52.189998626708984,127.0999984741211,4862.2998046875
2015-02-24,53.15999984741211,49.4900016784668,35.459999084472656,51.779998779296875,127.6500015258789,4886.43994140625
2015-02-25,52.88999938964844,49.150001525878906,35.599998474121094,51.54999923706055,127.66000366210938,4882.22021484375
2015-02-26,53.470001220703125,50.380001068115234,35.73500061035156,50.529998779296875,127.29000091552734,4910.6201171875
2015-02-27,53.02000045776367,49.79499816894531,35.43000030517578,51.40999984741211,127.91000366210938,4951.47998046875
2015-03-02,53.04999923706055,49.88999938964844,35.79999923706055,50.97999954223633,128.0,4917.31982421875
2015-03-03,52.040000915527344,49.32500076293945,35.81999969482422,50.31999969482422,128.38999938964844,4869.25
2015-03-04,52.7400016784668,49.45500183105469,36.04499816894531,51.15999984741211,128.1999969482422,4917.35009765625
2015-03-05,53.650001525878906,51.29999923706055,36.45000076293945,51.61000061035156,126.41999816894531,4963.509765625
2015-03-06,54.150001525878906,52.220001220703125,36.375,52.47999954223633,126.5999984741211,4964.35009765625
2015-03-09,54.150001525878906,54.150001525878906,35.095001220703125,52.290000915527344,127.20500183105469,4937.2001953125
2015-03-10,53.86000061035156,53.63999938964844,35.7599983215332,52.189998626708984,126.0,4881.9501953125
2015-03-11,54.689998626708984,53.79999923706055,37.380001068115234,53.58000183105469,127.0,4997.75
2015-03-12,54.290000915527344,53.22999954223633,36.470001220703125,53.41999816894531,125.81999969482422,4987.330078125
2015-03-13,54.27000045776367,52.84000015258789,37.21500015258789,53.72999954223633,127.31999969482422,5010.4599609375
2015-03-16,54.90999984741211,53.369998931884766,37.30500030517578,53.68000030517578,127.8949966430664,5061.16015625
2015-03-17,54.81999969482422,53.22999954223633,36.845001220703125,52.880001068115234,127.38999938964844,5028.93017578125
2015-03-18,54.529998779296875,53.83000183105469,37.14500045776367,52.619998931884766,125.0,5033.419921875
2015-03-19,54.400001525878906,54.04999923706055,36.76499938964844,52.75,124.55000305175781,5037.18017578125
2015-03-20,55.470001220703125,54.939998626708984,36.900001525878906,53.2599983215332,125.9000015258789,5087.490234375
2015-03-23,54.95000076293945,55.72999954223633,37.05500030517578,52.5099983215332,124.81999969482422,5054.52001953125
2015-03-24,55.290000915527344,56.029998779296875,37.345001220703125,52.4900016784668,124.0,5088.27978515625
2015-03-25,54.369998931884766,55.619998931884766,36.94499969482422,51.689998626708984,124.0,5020.990234375
2015-03-26,54.09000015258789,55.08000183105469,36.8849983215332,51.529998779296875,114.0,5006.35009765625
2015-03-27,54.2400016784668,55.61000061035156,36.619998931884766,51.90999984741211,117.0,5034.06005859375
2015-03-30,54.13999938964844,56.20000076293945,36.564998626708984,51.90999984741211,115.16999816894531,5083.52001953125
2015-03-31,53.22999954223633,55.380001068115234,36.540000915527344,51.70000076293945,112.80000305175781,5033.64013671875
2015-04-01,54.130001068115234,56.09000015258789,36.53499984741211,52.31999969482422,111.0,5062.22021484375
2015-04-02,54.2599983215332,56.4900016784668,37.07500076293945,52.31999969482422,111.0,5074.14013671875
2015-04-07,54.560001373291016,57.0,37.54999923706055,53.130001068115234,114.9000015258789,5151.18994140625
2015-04-08,54.5099983215332,57.0,37.345001220703125,53.529998779296875,117.0,5136.85986328125
2015-04-09,55.27000045776367,57.310001373291016,37.529998779296875,53.970001220703125,114.19999694824219,5208.9501953125
2015-04-10,55.040000915527344,56.310001373291016,37.76499938964844,54.65999984741211,117.52999877929688,5240.4599609375
2015-04-13,56.560001373291016,56.52000045776367,37.875,54.95000076293945,119.11000061035156,5254.1201171875
2015-04-14,56.45000076293945,56.02000045776367,37.7400016784668,54.380001068115234,122.0,5218.06005859375
2015-04-15,56.66999816894531,56.779998779296875,38.07500076293945,54.400001525878906,122.41500091552734,5254.35009765625
2015-04-16,56.70000076293945,56.220001220703125,37.7400016784668,53.869998931884766,123.66500091552734,5224.490234375
2015-04-17,55.79999923706055,54.88999938964844,37.0,53.72999954223633,121.44499969482422,5143.259765625
2015-04-20,56.27000045776367,55.349998474121094,37.494998931884766,54.47999954223633,120.92500305175781,5187.58984375
2015-04-21,57.09000015258789,56.119998931884766,37.88999938964844,54.63999938964844,120.55000305175781,5192.64013671875
2015-04-22,56.77000045776367,55.18000030517578,38.20000076293945,54.88999938964844,117.95999908447266,5211.08984375
2015-04-23,56.27000045776367,54.779998779296875,38.34000015258789,55.09000015258789,115.53500366210938,5178.91015625
2015-04-24,56.689998626708984,54.79999923706055,38.70000076293945,55.04999923706055,116.6449966430664,5201.4501953125
2015-04-27,56.27000045776367,56.27000045776367,39.04499816894531,55.83000183105469,118.01499938964844,5268.91015625
2015-04-28,56.220001220703125,55.70000076293945,37.27000045776367,54.720001220703125,116.1050033569336,5173.3798828125
2015-04-29,54.77000045776367,54.400001525878906,37.06999969482422,53.060001373291016,115.19999694824219,5039.39013671875
2015-04-30,54.81999969482422,54.439998626708984,36.93000030517578,54.2400016784668,120.0,5046.490234375
2015-05-04,54.599998474121094,54.349998474121094,36.689998626708984,54.43000030517578,119.86000061035156,5081.97021484375
2015-05-05,53.7599983215332,53.38999938964844,36.334999084472656,54.099998474121094,120.73999786376953,4974.06982421875
2015-05-06,53.29999923706055,52.18000030517578,36.79999923706055,53.33000183105469,120.0,4981.58984375
2015-05-07,52.75,51.47999954223633,36.30500030517578,53.5,118.80000305175781,4967.22021484375
2015-05-08,53.66999816894531,53.83000183105469,36.79499816894531,54.70000076293945,123.5,5090.39013671875
2015-05-11,53.099998474121094,53.599998474121094,36.85499954223633,54.31999969482422,121.21499633789062,5027.8701171875
2015-05-12,52.66999816894531,51.65999984741211,36.96500015258789,53.5099983215332,119.69999694824219,4974.64990234375
2015-05-13,52.65999984741211,51.59000015258789,37.915000915527344,54.02000045776367,119.8949966430664,4961.85986328125
2015-05-14,53.720001220703125,52.7599983215332,37.665000915527344,54.31999969482422,120.69499969482422,5029.31005859375
2015-05-15,53.599998474121094,53.0099983215332,37.654998779296875,55.09000015258789,119.70500183105469,4993.81982421875
2015-05-18,53.400001525878906,51.84000015258789,37.7599983215332,55.54999923706055,118.99500274658203,5012.31005859375
2015-05-19,55.040000915527344,53.95000076293945,38.20000076293945,56.91999816894531,119.18000030517578,5117.2998046875
2015-05-20,55.290000915527344,53.380001068115234,37.91999816894531,57.029998779296875,120.2300033569336,5133.2998046875
2015-05-21,55.459999084472656,53.33000183105469,38.005001068115234,57.29999923706055,123.04499816894531,5146.7001953125
2015-05-22,55.470001220703125,53.29999923706055,37.21500015258789,57.61000061035156,122.01000213623047,5142.89013671875
2015-05-25,55.150001525878906,52.59000015258789,36.625,57.2599983215332,120.0,5117.169921875
2015-05-26,55.029998779296875,52.810001373291016,36.619998931884766,57.45000076293945,120.88999938964844,5083.5400390625
2015-05-27,56.33000183105469,53.689998626708984,37.099998474121094,57.95000076293945,122.9800033569336,5182.52978515625
2015-05-28,55.38999938964844,54.060001373291016,36.84000015258789,57.599998474121094,123.5,5137.830078125
2015-05-29,54.08000183105469,53.15999984741211,35.849998474121094,56.63999938964844,121.30999755859375,5007.89013671875
2015-06-01,54.790000915527344,53.27000045776367,35.525001525878906,56.84000015258789,121.13500213623047,5025.2998046875
2015-06-02,54.7599983215332,52.779998779296875,35.345001220703125,56.5,122.5999984741211,5004.4599609375
2015-06-03,54.290000915527344,52.79999923706055,35.20000076293945,56.66999816894531,122.37999725341797,5034.169921875
2015-06-04,53.77000045776367,51.77000045776367,35.07500076293945,56.25,123.03500366210938,4987.1298828125
2015-06-05,53.29999923706055,51.220001220703125,34.8849983215332,55.439998626708984,122.12999725341797,4920.740234375
2015-06-08,52.630001068115234,50.45000076293945,34.23500061035156,55.22999954223633,120.99500274658203,4857.66015625
2015-06-09,52.25,50.709999084472656,34.224998474121094,55.25,119.8949966430664,4850.22021484375
2015-06-10,52.810001373291016,51.36000061035156,34.7599983215332,56.02000045776367,121.98999786376953,4934.91015625
2015-06-11,53.02000045776367,51.11000061035156,34.685001373291016,55.400001525878906,121.24500274658203,4971.3701171875
2015-06-12,52.29999923706055,50.11000061035156,34.29999923706055,55.220001220703125,120.20500183105469,4901.18994140625
2015-06-15,51.119998931884766,48.23500061035156,33.89500045776367,54.189998626708984,119.00499725341797,4815.35986328125
2015-06-16,51.650001525878906,48.810001373291016,34.18000030517578,54.369998931884766,119.61499786376953,4839.85986328125
2015-06-17,50.9900016784668,48.685001373291016,33.6150016784668,53.77000045776367,119.5999984741211,4790.6201171875
2015-06-18,51.599998474121094,49.40999984741211,33.415000915527344,54.029998779296875,118.0,4803.47998046875
2015-06-19,52.20000076293945,50.220001220703125,33.619998931884766,54.43000030517578,118.0,4815.3701171875
2015-06-22,54.34000015258789,52.06999969482422,38.06999969482422,55.52000045776367,117.5999984741211,4998.60986328125
2015-06-23,54.79999923706055,52.290000915527344,38.02000045776367,56.25,120.8499984741211,5057.68017578125
2015-06-24,54.81999969482422,52.20000076293945,34.5,56.83000183105469,119.84500122070312,5045.35009765625
2015-06-25,54.95000076293945,52.68000030517578,35.154998779296875,56.52000045776367,121.58499908447266,5041.7099609375
2015-06-26,55.04999923706055,52.33000183105469,34.79999923706055,56.27000045776367,120.0,5059.169921875
2015-06-29,52.83000183105469,49.709999084472656,34.1349983215332,54.849998474121094,115.95500183105469,4869.81982421875
2015-06-30,51.880001068115234,49.900001525878906,33.53499984741211,54.15999984741211,115.05500030517578,4790.2001953125
2015-07-01,53.29999923706055,51.04999923706055,33.77000045776367,55.459999084472656,114.4000015258789,4883.18994140625
2015-07-02,53.099998474121094,50.0099983215332,33.185001373291016,54.439998626708984,116.0,4835.56005859375
2015-07-03,53.29999923706055,49.6150016784668,32.93000030517578,53.900001525878906,117.0,4808.22021484375
2015-07-06,52.099998474121094,48.66999816894531,31.969999313354492,53.43000030517578,116.70500183105469,4711.5400390625
2015-07-07,51.45000076293945,48.150001525878906,31.100000381469727,52.34000015258789,114.80500030517578,4604.64013671875
2015-07-08,51.63999938964844,47.814998626708984,30.985000610351562,53.810001373291016,114.79499816894531,4639.02001953125
2015-07-09,52.849998474121094,49.2400016784668,31.084999084472656,54.45000076293945,115.88500213623047,4757.22021484375
2015-07-10,54.349998474121094,50.43000030517578,31.575000762939453,55.529998779296875,120.54499816894531,4903.06982421875
2015-07-13,55.31999969482422,51.75,31.735000610351562,56.720001220703125,118.80000305175781,4998.10009765625
2015-07-14,55.7400016784668,52.040000915527344,31.834999084472656,56.650001525878906,116.62999725341797,5032.47021484375
2015-07-15,56.09000015258789,52.459999084472656,32.290000915527344,57.400001525878906,117.5,5047.240234375
2015-07-16,56.66999816894531,52.97999954223633,33.119998931884766,57.81999969482422,118.1449966430664,5121.5
2015-07-17,56.59000015258789,52.560001373291016,33.380001068115234,57.9900016784668,117.5,5124.39013671875
2015-07-20,56.52000045776367,52.31999969482422,33.560001373291016,58.380001068115234,118.0,5142.490234375
2015-07-21,56.5,52.400001525878906,33.51499938964844,57.27000045776367,116.21499633789062,5106.56982421875
2015-07-22,56.81999969482422,52.709999084472656,34.2400016784668,56.93000030517578,114.5,5082.56982421875
2015-07-23,56.33000183105469,52.33000183105469,34.19499969482422,56.77000045776367,112.80000305175781,5086.740234375
2015-07-24,55.959999084472656,52.04999923706055,34.095001220703125,61.0,114.00499725341797,5057.35986328125
2015-07-27,54.959999084472656,51.5,33.19499969482422,59.56999969482422,114.9000015258789,4927.60009765625
2015-07-28,55.54999923706055,52.41999816894531,33.630001068115234,60.709999084472656,115.0,4977.31982421875
2015-07-29,56.209999084472656,54.220001220703125,33.53499984741211,61.5099983215332,117.0,5017.43994140625
2015-07-30,56.08000183105469,53.86000061035156,33.71500015258789,60.79999923706055,118.0,5046.419921875
2015-07-31,58.400001525878906,54.790000915527344,33.415000915527344,61.630001068115234,119.50499725341797,5082.60986328125
2015-08-03,59.45000076293945,54.54999923706055,33.689998626708984,62.25,122.5999984741211,5120.52001953125
2015-08-04,59.29999923706055,53.7599983215332,33.51499938964844,62.369998931884766,124.66000366210938,5112.14013671875
2015-08-05,59.310001373291016,55.36000061035156,34.09000015258789,62.75,123.95500183105469,5196.72998046875
2015-08-06,59.45000076293945,55.08000183105469,34.255001068115234,62.27000045776367,122.0,5192.10986328125
2015-08-07,59.20000076293945,54.83000183105469,34.35499954223633,61.65999984741211,119.9000015258789,5154.75
2015-08-10,60.33000183105469,55.849998474121094,34.54499816894531,62.41999816894531,120.25,5195.41015625
2015-08-11,59.75,55.900001525878906,34.44499969482422,62.06999969482422,120.0,5099.02978515625
2015-08-12,57.95000076293945,54.029998779296875,33.86000061035156,60.15999984741211,119.54499816894531,4925.43017578125
2015-08-13,58.599998474121094,55.619998931884766,34.33000183105469,61.279998779296875,120.13999938964844,4986.85009765625
2015-08-14,58.22999954223633,55.279998779296875,34.15999984741211,62.59000015258789,120.0,4956.47021484375
2015-08-17,58.29999923706055,55.29999923706055,34.435001373291016,62.36000061035156,119.2300033569336,4984.830078125
2015-08-18,58.310001373291016,55.93000030517578,34.26499938964844,62.93000030517578,117.63500213623047,4971.25
2015-08-19,57.79999923706055,55.209999084472656,33.790000915527344,62.689998626708984,117.02999877929688,4884.10009765625
2015-08-20,57.0,54.11000061035156,33.099998474121094,62.599998474121094,115.05999755859375,4783.5498046875
2015-08-21,56.18000030517578,51.97999954223633,32.19499969482422,60.25,112.0,4630.990234375
2015-08-24,52.900001525878906,50.060001373291016,30.729999542236328,58.16999816894531,105.34500122070312,4383.4599609375
2015-08-25,54.290000915527344,52.70000076293945,31.520000457763672,60.349998474121094,108.54000091552734,4564.85986328125
2015-08-26,54.959999084472656,52.849998474121094,31.53499984741211,59.369998931884766,113.50499725341797,4501.0498046875
2015-08-27,57.119998931884766,57.61000061035156,33.099998474121094,60.630001068115234,118.43000030517578,4658.18017578125
2015-08-28,57.34000015258789,57.16999816894531,33.875,61.040000915527344,116.0,4675.1298828125
2015-08-31,57.40999984741211,57.150001525878906,33.939998626708984,61.40999984741211,115.0,4652.9501953125
2015-09-01,56.29999923706055,56.06999969482422,33.46500015258789,60.41999816894531,114.30000305175781,4541.16015625
2015-09-02,56.43000030517578,55.540000915527344,33.34000015258789,60.689998626708984,114.58499908447266,4554.919921875
2015-09-03,57.20000076293945,56.54999923706055,34.16999816894531,61.619998931884766,111.0,4653.7900390625
2015-09-04,56.939998626708984,55.31999969482422,33.650001525878906,60.290000915527344,109.1050033569336,4523.080078125
2015-09-07,56.91999816894531,56.959999084472656,34.34000015258789,60.470001220703125,113.5,4549.64013671875
2015-09-08,57.7400016784668,57.36000061035156,34.70000076293945,60.849998474121094,113.69000244140625,4598.259765625
2015-09-09,58.9900016784668,57.970001220703125,34.650001525878906,61.290000915527344,114.5,4664.58984375
2015-09-10,58.959999084472656,58.15999984741211,35.02000045776367,61.130001068115234,112.22000122070312,4596.52978515625
2015-09-11,58.0,56.88999938964844,33.93000030517578,61.36000061035156,112.29000091552734,4548.72021484375
2015-09-14,57.31999969482422,55.959999084472656,33.79999923706055,60.650001525878906,112.59500122070312,4518.14990234375
2015-09-15,58.0,56.20000076293945,33.900001525878906,61.40999984741211,112.62000274658203,4569.3701171875
2015-09-16,58.68000030517578,56.34000015258789,34.25,61.75,112.91000366210938,4645.83984375
2015-09-17,59.2400016784668,57.16999816894531,33.689998626708984,62.52000045776367,112.50499725341797,4655.14013671875
2015-09-18,58.150001525878906,56.58000183105469,33.150001525878906,61.779998779296875,110.05500030517578,4535.85009765625
2015-09-21,59.029998779296875,57.43000030517578,33.34000015258789,63.45000076293945,109.5250015258789,4585.5
2015-09-22,57.52000045776367,55.93000030517578,32.05500030517578,62.25,108.20999908447266,4428.509765625
2015-09-23,57.459999084472656,56.779998779296875,31.989999771118164,62.779998779296875,109.5,4432.830078125
2015-09-24,55.81999969482422,55.380001068115234,31.579999923706055,60.75,106.93000030517578,4347.240234375
2015-09-25,57.709999084472656,56.63999938964844,32.150001525878906,63.0,107.0,4480.66015625
2015-09-28,57.02000045776367,56.04999923706055,31.645000457763672,62.0,104.6500015258789,4357.0498046875
2015-09-29,56.18000030517578,54.97999954223633,31.469999313354492,60.459999084472656,102.0,4343.72998046875
2015-09-30,56.709999084472656,55.29999923706055,31.729999542236328,62.16999816894531,102.40499877929688,4455.2900390625
2015-10-01,56.470001220703125,55.470001220703125,31.850000381469727,62.150001525878906,100.5,4426.5400390625
2015-10-02,56.45000076293945,55.0099983215332,32.08000183105469,62.619998931884766,100.0,4458.8798828125
2015-10-05,58.77000045776367,57.0,32.875,64.38999938964844,99.80000305175781,4616.89990234375
2015-10-06,58.20000076293945,57.22999954223633,34.060001373291016,64.69000244140625,104.94999694824219,4660.64013671875
2015-10-07,58.0099983215332,56.83000183105469,33.81999969482422,62.41999816894531,107.63999938964844,4667.33984375
2015-10-08,57.91999816894531,56.33000183105469,33.904998779296875,61.849998474121094,107.97000122070312,4675.91015625
2015-10-09,56.939998626708984,54.81999969482422,33.900001525878906,61.5099983215332,109.41500091552734,4701.39013671875
2015-10-12,56.36000061035156,54.27000045776367,33.17499923706055,60.11000061035156,109.12000274658203,4688.7001953125
2015-10-13,57.279998779296875,54.5099983215332,33.099998474121094,61.279998779296875,108.5,4643.3798828125
2015-10-14,57.31999969482422,54.4900016784668,33.119998931884766,61.279998779296875,105.79000091552734,4609.02978515625
2015-10-15,57.849998474121094,55.43000030517578,33.92499923706055,61.5,107.20500183105469,4675.2900390625
2015-10-16,58.2400016784668,55.709999084472656,34.025001525878906,62.689998626708984,107.78500366210938,4702.7900390625
2015-10-19,57.689998626708984,55.7400016784668,33.974998474121094,62.279998779296875,106.12000274658203,4704.06982421875
2015-10-20,57.95000076293945,55.880001068115234,33.970001220703125,62.09000015258789,106.3550033569336,4673.81005859375
2015-10-21,58.27000045776367,57.56999969482422,34.290000915527344,64.4800033569336,106.23999786376953,4695.10009765625
2015-10-22,58.779998779296875,56.439998626708984,34.689998626708984,65.0,106.67500305175781,4802.18017578125
2015-10-23,60.119998931884766,56.400001525878906,35.17499923706055,66.8499984741211,109.63999938964844,4923.64013671875
2015-10-26,60.380001068115234,56.08000183105469,35.189998626708984,66.16000366210938,108.0999984741211,4897.1298828125
2015-10-27,59.959999084472656,56.15999984741211,34.744998931884766,65.44999694824219,106.32499694824219,4847.06982421875
2015-10-28,60.529998779296875,56.599998474121094,34.88999938964844,65.4000015258789,106.52999877929688,4890.580078125
2015-10-29,61.08000183105469,56.439998626708984,34.834999084472656,65.9000015258789,106.0,4885.81982421875
2015-10-30,61.380001068115234,56.75,34.46500015258789,65.93000030517578,105.30000305175781,4897.66015625
2015-11-02,61.47999954223633,56.9900016784668,35.08000183105469,66.30999755859375,104.9000015258789,4916.2099609375
2015-11-03,61.310001373291016,56.90999984741211,35.14500045776367,65.87000274658203,103.4000015258789,4936.18017578125
2015-11-04,60.040000915527344,56.5,34.89500045776367,66.47000122070312,100.0,4948.2900390625
2015-11-05,60.83000183105469,56.560001373291016,34.834999084472656,66.5199966430664,101.0,4980.0400390625
2015-11-06,62.220001220703125,57.779998779296875,35.09000015258789,67.19000244140625,103.79000091552734,4984.14990234375
2015-11-09,61.83000183105469,57.08000183105469,34.79499816894531,66.51000213623047,105.0,4911.169921875
2015-11-10,60.61000061035156,55.0,34.845001220703125,66.81999969482422,107.0,4912.16015625
2015-11-11,61.06999969482422,55.720001220703125,35.040000915527344,67.33999633789062,107.7300033569336,4952.509765625
2015-11-12,59.93000030517578,54.70000076293945,34.904998779296875,66.12000274658203,104.5,4856.64990234375
2015-11-13,59.90999984741211,54.72999954223633,34.79499816894531,65.54000091552734,105.29000091552734,4807.9501953125
2015-11-16,59.529998779296875,54.7400016784668,34.790000915527344,67.69999694824219,106.5,4804.31005859375
2015-11-17,61.83000183105469,56.130001068115234,35.39500045776367,70.11000061035156,105.21499633789062,4937.31005859375
2015-11-18,61.75,57.0099983215332,35.63999938964844,69.02999877929688,101.51499938964844,4906.72021484375
2015-11-19,62.060001373291016,57.54999923706055,35.60499954223633,68.56999969482422,101.79499816894531,4915.10009765625
2015-11-20,61.4900016784668,56.70000076293945,35.244998931884766,69.3499984741211,101.0,4910.97021484375
2015-11-23,61.220001220703125,56.7599983215332,35.26499938964844,69.72000122070312,101.69999694824219,4889.1201171875
2015-11-24,60.5,56.209999084472656,34.73500061035156,69.2300033569336,100.45500183105469,4820.27978515625
2015-11-25,61.20000076293945,56.29999923706055,34.85499954223633,70.0,104.56999969482422,4892.990234375
2015-11-26,61.90999984741211,57.54999923706055,35.20000076293945,70.0,105.74500274658203,4946.02001953125
2015-11-27,62.11000061035156,58.38999938964844,35.400001525878906,70.05999755859375,105.79000091552734,4930.14013671875
2015-11-30,61.560001373291016,59.54999923706055,35.630001068115234,70.47000122070312,105.40499877929688,4957.60009765625
2015-12-01,60.86000061035156,58.790000915527344,35.380001068115234,70.0999984741211,102.53500366210938,4914.52978515625
2015-12-02,60.9900016784668,59.040000915527344,35.564998626708984,69.69000244140625,101.91500091552734,4905.759765625
2015-12-03,58.939998626708984,57.380001068115234,34.6349983215332,69.87999725341797,100.79000091552734,4730.2099609375
2015-12-04,59.040000915527344,57.0,34.150001525878906,69.94000244140625,102.94000244140625,4714.7900390625
2015-12-07,60.209999084472656,57.70000076293945,34.400001525878906,70.5999984741211,104.0,4756.41015625
2015-12-08,59.709999084472656,56.869998931884766,34.814998626708984,69.97000122070312,102.33499908447266,4681.85986328125
2015-12-09,59.40999984741211,57.439998626708984,35.20500183105469,69.0,107.83999633789062,4637.4501953125
2015-12-10,58.599998474121094,57.2599983215332,35.65999984741211,69.02999877929688,108.3550033569336,4635.06005859375
2015-12-11,57.630001068115234,56.31999969482422,35.61000061035156,67.87999725341797,106.5,4549.56005859375
2015-12-14,57.15999984741211,55.38999938964844,35.165000915527344,67.2300033569336,104.17500305175781,4473.06982421875
2015-12-15,57.68000030517578,57.220001220703125,34.775001525878906,69.1500015258789,107.81500244140625,4614.39990234375
2015-12-16,57.939998626708984,57.54999923706055,35.345001220703125,69.86000061035156,109.0,4624.669921875
2015-12-17,59.15999984741211,58.4900016784668,35.83000183105469,70.94999694824219,113.91500091552734,4677.5400390625
2015-12-18,58.400001525878906,58.52000045776367,35.584999084472656,69.36000061035156,113.16500091552734,4625.259765625
2015-12-21,57.900001525878906,57.77000045776367,35.310001373291016,68.44999694824219,111.0999984741211,4565.169921875
2015-12-22,58.029998779296875,57.84000015258789,35.88999938964844,68.0199966430664,110.68000030517578,4567.60009765625
2015-12-23,59.029998779296875,58.529998779296875,36.5099983215332,68.0199966430664,113.4800033569336,4674.52978515625
2015-12-24,59.279998779296875,58.439998626708984,36.47999954223633,68.63999938964844,113.69000244140625,4663.18017578125
2015-12-28,58.459999084472656,58.27000045776367,36.275001525878906,67.9000015258789,113.05000305175781,4617.9501953125
2015-12-29,59.5,58.77000045776367,36.630001068115234,69.43000030517578,114.29499816894531,4701.35986328125
2015-12-30,59.47999954223633,59.77000045776367,36.70000076293945,69.29000091552734,115.0,4677.14013671875
2016-01-04,57.72999954223633,58.38999938964844,37.154998779296875,68.04000091552734,112.62999725341797,4522.4501953125
2016-01-05,58.04999923706055,59.25,37.29999923706055,68.79000091552734,107.52999877929688,4537.6298828125
2016-01-06,57.709999084472656,58.650001525878906,36.68000030517578,68.44999694824219,107.5,4480.47021484375
2016-01-07,57.04999923706055,57.81999969482422,36.130001068115234,68.69000244140625,106.31999969482422,4403.580078125
2016-01-08,56.86000061035156,57.09000015258789,35.71500015258789,69.25,107.72000122070312,4333.759765625
2016-01-11,58.09000015258789,57.150001525878906,35.474998474121094,71.77999877929688,107.0,4312.740234375
2016-01-12,59.040000915527344,57.72999954223633,35.834999084472656,72.47000122070312,107.11000061035156,4378.75
2016-01-13,59.47999954223633,57.560001373291016,35.970001220703125,72.13999938964844,106.95999908447266,4391.93994140625
2016-01-14,58.09000015258789,56.83000183105469,35.505001068115234,70.04000091552734,105.66500091552734,4312.89013671875
2016-01-15,57.400001525878906,56.220001220703125,35.11000061035156,68.41000366210938,104.73500061035156,4210.16015625
2016-01-18,57.34000015258789,56.08000183105469,34.63999938964844,67.69999694824219,104.0,4189.56982421875
2016-01-19,59.04999923706055,57.75,35.255001068115234,69.13999938964844,105.27999877929688,4272.259765625
2016-01-20,57.209999084472656,56.4900016784668,34.19499969482422,66.83000183105469,102.05000305175781,4124.9501953125
2016-01-21,58.25,56.61000061035156,34.720001220703125,67.62999725341797,104.19000244140625,4206.39990234375
2016-01-22,60.220001220703125,60.08000183105469,35.689998626708984,69.94000244140625,106.75,4336.68994140625
2016-01-25,61.630001068115234,61.0,35.400001525878906,70.98999786376953,110.67500305175781,4311.330078125
2016-01-26,61.369998931884766,61.720001220703125,35.38999938964844,69.22000122070312,111.93499755859375,4356.81005859375
2016-01-27,62.61000061035156,62.2400016784668,36.04999923706055,69.33000183105469,111.05000305175781,4380.35986328125
2016-01-28,61.84000015258789,61.90999984741211,35.66999816894531,67.8499984741211,109.69999694824219,4322.16015625
2016-01-29,62.41999816894531,63.29999923706055,36.064998626708984,70.16999816894531,110.0,4417.02001953125
2016-02-01,63.63999938964844,63.869998931884766,36.04999923706055,70.2300033569336,109.0,4392.330078125
2016-02-02,62.84000015258789,63.5,35.345001220703125,68.75,104.54499816894531,4283.990234375
2016-02-03,61.08000183105469,62.150001525878906,34.5,67.93000030517578,101.30500030517578,4226.9599609375
2016-02-04,60.290000915527344,61.400001525878906,34.415000915527344,65.94999694824219,100.5,4228.52978515625
2016-02-05,60.75,61.349998474121094,34.150001525878906,63.43000030517578,97.0,4200.669921875
2016-02-08,59.36000061035156,58.709999084472656,32.31999969482422,61.849998474121094,88.0,4066.31005859375
2016-02-09,59.22999954223633,59.18000030517578,32.20000076293945,61.380001068115234,91.28500366210938,3997.5400390625
2016-02-10,59.84000015258789,59.849998474121094,32.40999984741211,62.2400016784668,94.0999984741211,4061.199951171875
2016-02-11,58.209999084472656,58.15999984741211,31.295000076293945,60.2400016784668,93.09500122070312,3896.7099609375
2016-02-12,58.630001068115234,58.970001220703125,32.0099983215332,61.27000045776367,95.0,3995.06005859375
2016-02-15,60.36000061035156,61.31999969482422,34.18000030517578,63.29999923706055,96.5,4115.25
2016-02-16,61.38999938964844,61.52000045776367,33.71500015258789,63.97999954223633,96.56999969482422,4110.66015625
2016-02-17,63.18000030517578,63.5,34.685001373291016,65.19999694824219,101.5,4233.47021484375
2016-02-18,63.65999984741211,63.27000045776367,35.064998626708984,65.62999725341797,103.48999786376953,4239.759765625
2016-02-19,62.88999938964844,62.13999938964844,34.595001220703125,66.12999725341797,98.0,4223.0400390625
2016-02-22,63.060001373291016,62.560001373291016,34.810001373291016,66.70999908447266,102.50499725341797,4298.7001953125
2016-02-23,63.060001373291016,61.810001373291016,34.6349983215332,70.9000015258789,105.0,4238.419921875
2016-02-24,62.369998931884766,61.849998474121094,34.67499923706055,71.30999755859375,105.0,4155.33984375
2016-02-25,63.63999938964844,64.19999694824219,35.619998931884766,72.08999633789062,104.5999984741211,4248.4501953125
2016-02-26,63.40999984741211,64.44999694824219,35.7400016784668,72.13999938964844,107.5,4314.56982421875
2016-02-29,63.81999969482422,65.33000183105469,36.064998626708984,73.41000366210938,107.16999816894531,4353.5498046875
2016-03-01,64.0,65.13999938964844,36.42499923706055,74.04000091552734,106.86499786376953,4406.83984375
2016-03-02,62.959999084472656,63.09000015258789,35.915000915527344,71.9800033569336,105.43499755859375,4424.89013671875
2016-03-03,63.0099983215332,63.119998931884766,36.20000076293945,72.02999877929688,106.75499725341797,4416.080078125
2016-03-04,63.959999084472656,64.16000366210938,36.33000183105469,72.5,107.8550033569336,4456.6201171875
2016-03-07,63.70000076293945,63.790000915527344,36.0099983215332,71.8499984741211,106.70500183105469,4442.2900390625
2016-03-08,63.27000045776367,63.20000076293945,36.06999969482422,71.62999725341797,102.0,4404.02001953125
2016-03-09,63.88999938964844,64.0999984741211,36.20500183105469,71.81999969482422,103.80000305175781,4425.64990234375
2016-03-10,63.599998474121094,63.959999084472656,35.5,70.41999816894531,101.12000274658203,4350.35009765625
2016-03-11,65.3499984741211,65.7699966430664,36.45000076293945,71.95999908447266,105.0,4492.7900390625
2016-03-14,64.5999984741211,64.94000244140625,36.48500061035156,72.01000213623047,101.30999755859375,4506.58984375
2016-03-15,65.16000366210938,65.94000244140625,36.67499923706055,72.94999694824219,101.05999755859375,4472.6298828125
2016-03-16,65.29000091552734,65.69999694824219,36.380001068115234,73.26000213623047,102.88500213623047,4463.0
2016-03-17,65.37999725341797,66.6500015258789,36.32500076293945,73.87000274658203,102.47000122070312,4442.89013671875
2016-03-18,64.7699966430664,66.86000061035156,36.05500030517578,74.83999633789062,101.66000366210938,4462.509765625
2016-03-21,64.94000244140625,66.58000183105469,36.279998779296875,74.94999694824219,103.36499786376953,4427.7998046875
2016-03-22,65.06999969482422,66.75,36.63999938964844,75.45999908447266,103.86000061035156,4431.97021484375
2016-03-23,65.44000244140625,67.3499984741211,36.814998626708984,76.72000122070312,103.91500091552734,4423.97998046875
2016-03-24,65.0,66.61000061035156,36.75,77.01000213623047,103.41999816894531,4329.68017578125
2016-03-29,65.19999694824219,67.3499984741211,36.95000076293945,77.22000122070312,103.68499755859375,4366.669921875
2016-03-30,66.29000091552734,68.02999877929688,37.20500183105469,77.44999694824219,107.43499755859375,4444.419921875
2016-03-31,65.47000122070312,67.5,35.849998474121094,77.0,105.45500183105469,4385.06005859375
2016-04-01,65.27999877929688,67.25,35.13999938964844,76.12999725341797,102.5,4322.240234375
2016-04-04,65.44999694824219,67.20999908447266,30.415000915527344,76.62000274658203,101.91000366210938,4345.22021484375
2016-04-05,64.73999786376953,66.37000274658203,29.219999313354492,76.01000213623047,101.94999694824219,4250.27978515625
2016-04-06,65.0999984741211,66.6500015258789,29.55500030517578,76.54000091552734,102.46499633789062,4284.64013671875
2016-04-07,64.8499984741211,67.2699966430664,29.28499984741211,76.16999816894531,103.42500305175781,4245.91015625
2016-04-08,65.0199966430664,67.55000305175781,29.850000381469727,76.5,104.6050033569336,4303.1201171875
2016-04-11,64.58000183105469,67.1500015258789,29.565000534057617,75.97000122070312,105.19499969482422,4312.6298828125
2016-04-12,64.75,67.5999984741211,29.959999084472656,76.08999633789062,101.91000366210938,4345.91015625
2016-04-13,64.9000015258789,67.63999938964844,30.360000610351562,75.75,103.26499938964844,4490.31005859375
2016-04-14,65.83999633789062,68.3499984741211,30.55500030517578,75.87999725341797,102.4000015258789,4511.509765625
2016-04-15,65.94999694824219,68.5999984741211,31.049999237060547,76.16999816894531,102.37000274658203,4495.169921875
2016-04-18,66.05000305175781,67.95999908447266,31.030000686645508,76.1500015258789,101.31500244140625,4506.83984375
2016-04-19,66.18000030517578,67.20999908447266,30.979999542236328,76.87000274658203,102.8949966430664,4566.47998046875
2016-04-20,65.55999755859375,67.36000061035156,30.93000030517578,75.63999938964844,101.19999694824219,4591.919921875
2016-04-21,64.23999786376953,66.23999786376953,30.520000457763672,75.66000366210938,99.99500274658203,4582.830078125
2016-04-22,65.01000213623047,67.41999816894531,30.225000381469727,75.73999786376953,98.70500183105469,4569.66015625
2016-04-25,65.4800033569336,67.83000183105469,30.614999771118164,76.2300033569336,99.08499908447266,4546.1201171875
2016-04-26,65.12999725341797,68.70999908447266,29.375,76.44999694824219,100.98999786376953,4533.18017578125
2016-04-27,65.80000305175781,69.23999786376953,29.229999542236328,77.12000274658203,102.56999969482422,4559.39990234375
2016-04-28,66.0,70.02999877929688,29.4950008392334,76.7300033569336,102.3550033569336,4557.35986328125
2016-04-29,65.23999786376953,69.43000030517578,29.1200008392334,75.5,101.94999694824219,4428.9599609375
2016-05-02,64.94000244140625,69.16999816894531,29.165000915527344,75.29000091552734,102.0,4442.75
2016-05-03,65.5,69.19000244140625,29.059999465942383,75.9000015258789,101.08999633789062,4371.97998046875
2016-05-04,64.47000122070312,68.58000183105469,28.764999389648438,76.08000183105469,100.0,4324.22998046875
2016-05-05,64.30999755859375,69.0199966430664,28.584999084472656,75.25,100.19499969482422,4319.4599609375
2016-05-06,63.75,68.1500015258789,28.44499969482422,75.4800033569336,100.2300033569336,4301.240234375
2016-05-09,63.91999816894531,68.16000366210938,28.65999984741211,76.19000244140625,98.51000213623047,4322.81005859375
2016-05-10,64.08999633789062,68.02999877929688,28.700000762939453,76.54000091552734,99.52999877929688,4338.2099609375
2016-05-11,64.55999755859375,69.0,29.09000015258789,76.76000213623047,99.94499969482422,4316.669921875
2016-05-12,64.62000274658203,69.16999816894531,28.895000457763672,76.69999694824219,100.5,4293.27001953125
2016-05-13,65.08999633789062,69.48999786376953,29.635000228881836,76.80000305175781,101.36000061035156,4319.990234375
2016-05-16,65.5199966430664,70.06999969482422,29.44499969482422,77.43000030517578,101.0,4312.27978515625
2016-05-17,65.12999725341797,68.9800033569336,28.8700008392334,76.58999633789062,102.38999938964844,4297.56982421875
2016-05-18,65.36000061035156,68.38999938964844,28.889999389648438,76.23999786376953,102.5,4319.2998046875
2016-05-19,65.1500015258789,67.9000015258789,28.719999313354492,76.18000030517578,100.28500366210938,4282.5400390625
2016-05-20,66.01000213623047,67.05999755859375,28.94499969482422,77.27999877929688,100.0,4353.89990234375
2016-05-23,66.3499984741211,66.86000061035156,28.84000015258789,77.02999877929688,98.9000015258789,4325.10009765625
2016-05-24,67.73999786376953,67.54000091552734,29.125,77.7699966430664,99.19999694824219,4431.52001953125
2016-05-25,67.41000366210938,67.69999694824219,29.190000534057617,77.41999816894531,98.82499694824219,4481.64013671875
2016-05-26,67.91999816894531,67.38999938964844,29.274999618530273,77.87999725341797,99.30000305175781,4512.64013671875
2016-05-27,68.18000030517578,67.30999755859375,29.09000015258789,77.7300033569336,99.81999969482422,4514.740234375
2016-05-30,68.1500015258789,67.98999786376953,29.114999771118164,77.54000091552734,98.75499725341797,4529.39990234375
2016-05-31,67.58999633789062,66.30000305175781,29.200000762939453,77.86000061035156,98.33999633789062,4505.6201171875
2016-06-01,67.19999694824219,66.80999755859375,29.010000228881836,77.47000122070312,98.69000244140625,4475.39013671875
2016-06-02,66.79000091552734,67.19999694824219,28.94499969482422,77.5,97.30500030517578,4466.0
2016-06-03,66.69000244140625,67.1500015258789,28.739999771118164,76.43000030517578,96.29000091552734,4421.77978515625
2016-06-06,66.83000183105469,67.45999908447266,28.579999923706055,76.62000274658203,96.1050033569336,4423.3798828125
2016-06-07,66.9000015258789,67.44999694824219,28.895000457763672,76.05999755859375,97.2249984741211,4475.85986328125
2016-06-08,66.1500015258789,66.62999725341797,28.594999313354492,76.1500015258789,96.70500183105469,4448.72998046875
2016-06-09,65.79000091552734,65.9000015258789,28.280000686645508,75.11000061035156,97.0,4405.60986328125
2016-06-10,64.66999816894531,64.63999938964844,27.649999618530273,73.87999725341797,98.5,4306.72021484375
2016-06-13,63.650001525878906,63.130001068115234,27.065000534057617,72.33999633789062,95.0999984741211,4227.02001953125
2016-06-14,62.18000030517578,62.130001068115234,26.540000915527344,71.55000305175781,93.50499725341797,4130.330078125
2016-06-15,62.599998474121094,62.66999816894531,26.6299991607666,72.13999938964844,93.9000015258789,4171.580078125
2016-06-16,62.33000183105469,61.779998779296875,26.299999237060547,72.0999984741211,94.4000015258789,4153.009765625
2016-06-17,62.900001525878906,62.84000015258789,26.559999465942383,72.26000213623047,93.1500015258789,4193.830078125
2016-06-20,64.80000305175781,64.7699966430664,27.600000381469727,74.44000244140625,94.86000061035156,4340.759765625
2016-06-21,64.7300033569336,64.5,27.9950008392334,74.86000061035156,94.99500274658203,4367.240234375
2016-06-22,64.41999816894531,64.66999816894531,27.375,74.97000122070312,94.30000305175781,4380.02978515625
2016-06-23,64.6500015258789,65.86000061035156,28.18000030517578,75.9000015258789,95.30000305175781,4465.89990234375
2016-06-24,59.9900016784668,61.220001220703125,26.3799991607666,72.29000091552734,90.63999938964844,4106.72998046875
2016-06-27,58.56999969482422,58.79999923706055,25.565000534057617,70.33000183105469,87.93499755859375,4030.300048828125
2016-06-28,60.36000061035156,59.849998474121094,25.6299991607666,73.5,90.0,4088.85009765625
2016-06-29,62.52000045776367,61.79999923706055,26.469999313354492,74.94999694824219,90.30000305175781,4195.31982421875
2016-06-30,63.689998626708984,64.20999908447266,25.93000030517578,75.01000213623047,89.80500030517578,4237.47998046875
2016-07-01,64.3499984741211,65.1500015258789,26.350000381469727,75.97000122070312,91.41500091552734,4273.9599609375
2016-07-04,63.560001373291016,64.05999755859375,26.09000015258789,75.11000061035156,91.28500366210938,4234.85986328125
2016-07-05,62.66999816894531,63.04999923706055,25.475000381469727,74.06999969482422,91.43499755859375,4163.419921875
2016-07-06,62.209999084472656,62.599998474121094,24.989999771118164,73.19000244140625,91.04499816894531,4085.300048828125
2016-07-07,63.130001068115234,62.54999923706055,25.204999923706055,75.08999633789062,92.95999908447266,4117.85009765625
2016-07-08,63.599998474121094,63.38999938964844,25.809999465942383,75.5999984741211,93.98500061035156,4190.68017578125
2016-07-11,65.44999694824219,65.02999877929688,26.28499984741211,76.76000213623047,96.3499984741211,4264.52978515625
2016-07-12,65.76000213623047,65.41999816894531,26.760000228881836,77.4000015258789,97.5999984741211,4331.3798828125
2016-07-13,66.08999633789062,65.66000366210938,26.84000015258789,77.61000061035156,97.5999984741211,4335.259765625
2016-07-14,66.30999755859375,65.45999908447266,27.094999313354492,77.7300033569336,97.34500122070312,4385.52001953125
2016-07-15,66.2699966430664,65.1500015258789,26.985000610351562,77.18000030517578,96.19999694824219,4372.509765625
2016-07-18,65.9000015258789,65.0,26.905000686645508,77.30000305175781,97.61499786376953,4357.740234375
2016-07-19,65.94000244140625,65.08999633789062,26.6299991607666,77.25,94.30000305175781,4330.1298828125
2016-07-20,66.37999725341797,65.63999938964844,26.889999389648438,77.69999694824219,94.26000213623047,4379.759765625
2016-07-21,65.97000122070312,65.55000305175781,26.920000076293945,76.22000122070312,93.23500061035156,4376.25
2016-07-22,66.55000305175781,66.5,26.844999313354492,78.83999633789062,92.00499725341797,4381.10009765625
2016-07-25,67.20999908447266,67.47000122070312,27.135000228881836,80.0,91.18499755859375,4388.0
2016-07-26,67.37999725341797,68.05000305175781,26.579999923706055,81.38999938964844,93.5,4394.77001953125
2016-07-27,67.61000061035156,68.69000244140625,26.854999542236328,81.75,96.00499725341797,4446.9599609375
2016-07-28,67.08000183105469,68.98999786376953,26.559999465942383,81.98999786376953,95.1050033569336,4420.580078125
2016-07-29,67.88999938964844,68.7300033569336,26.459999084472656,81.48999786376953,94.8550033569336,4439.81005859375
2016-08-01,67.22000122070312,68.30000305175781,26.25,81.48999786376953,93.4000015258789,4409.169921875
2016-08-02,67.37000274658203,67.77999877929688,25.53499984741211,81.48999786376953,92.5,4327.990234375
2016-08-03,67.08999633789062,67.62000274658203,25.635000228881836,80.62000274658203,91.80000305175781,4321.080078125
2016-08-04,67.2300033569336,67.80999755859375,25.655000686645508,81.0199966430664,91.48999786376953,4345.6298828125
2016-08-05,67.04000091552734,68.27999877929688,26.264999389648438,81.25,92.0,4410.5498046875
2016-08-08,67.2699966430664,68.12999725341797,26.395000457763672,81.2699966430664,92.08999633789062,4415.4599609375
2016-08-09,67.68000030517578,68.80000305175781,26.600000381469727,81.94000244140625,95.08999633789062,4468.06982421875
2016-08-10,67.70999908447266,68.45999908447266,26.940000534057617,82.5199966430664,94.86499786376953,4452.009765625
2016-08-11,69.68000030517578,71.13999938964844,27.3700008392334,83.23999786376953,96.55000305175781,4503.9501953125
2016-08-12,68.9000015258789,70.80000305175781,27.75,82.5999984741211,96.5,4500.18994140625
2016-08-15,68.69999694824219,71.02999877929688,27.954999923706055,82.37000274658203,96.0,4497.85986328125
2016-08-16,67.5999984741211,69.88999938964844,27.790000915527344,81.48999786376953,95.81999969482422,4460.43994140625
2016-08-17,66.98999786376953,69.37999725341797,27.559999465942383,80.91999816894531,95.0,4417.68017578125
2016-08-18,67.72000122070312,69.55999755859375,27.71500015258789,81.80999755859375,95.99500274658203,4437.06005859375
2016-08-19,67.0199966430664,69.44999694824219,27.489999771118164,81.37999725341797,95.8499984741211,4400.52001953125
2016-08-22,66.9000015258789,69.62000274658203,27.604999542236328,81.27999877929688,95.48500061035156,4389.93994140625
2016-08-23,67.1500015258789,70.05000305175781,27.844999313354492,81.36000061035156,95.76499938964844,4421.4501953125
2016-08-24,67.0199966430664,70.0,28.045000076293945,80.31999969482422,96.0999984741211,4435.47021484375
2016-08-25,66.94000244140625,69.5199966430664,27.969999313354492,79.7300033569336,95.19999694824219,4406.60986328125
2016-08-26,67.44000244140625,69.69000244140625,28.030000686645508,79.5999984741211,95.4000015258789,4441.8701171875
2016-08-29,67.26000213623047,69.44999694824219,27.950000762939453,79.4000015258789,95.19000244140625,4424.25
2016-08-30,68.02999877929688,71.19999694824219,28.125,79.18000030517578,96.0,4457.490234375
2016-08-31,67.98999786376953,70.19999694824219,28.43000030517578,77.62999725341797,95.58499908447266,4438.22021484375
2016-09-01,68.25,70.93000030517578,28.450000762939453,77.87999725341797,94.94999694824219,4439.669921875
2016-09-02,69.31999969482422,71.4000015258789,29.1200008392334,79.47000122070312,96.18000030517578,4542.169921875
2016-09-05,68.81999969482422,71.0,28.815000534057617,80.37000274658203,97.5,4541.080078125
2016-09-06,69.02999877929688,71.01000213623047,28.915000915527344,80.33000183105469,97.4000015258789,4529.9599609375
2016-09-07,69.31999969482422,71.76000213623047,28.969999313354492,80.31999969482422,97.16000366210938,4557.66015625
2016-09-08,68.73999786376953,70.69999694824219,29.014999389648438,79.58000183105469,95.8550033569336,4542.2001953125
2016-09-09,67.27999877929688,69.04000091552734,28.760000228881836,78.51000213623047,96.9000015258789,4491.39990234375
2016-09-12,66.9800033569336,68.62000274658203,28.5,79.62999725341797,97.5,4439.7998046875
2016-09-13,66.38999938964844,68.36000061035156,27.920000076293945,80.44999694824219,98.19999694824219,4387.18017578125
2016-09-14,66.3499984741211,68.5999984741211,28.040000915527344,80.0,98.61499786376953,4370.259765625
2016-09-15,66.76000213623047,68.76000213623047,28.079999923706055,80.30000305175781,100.4749984741211,4373.22021484375
2016-09-16,66.11000061035156,68.06999969482422,28.8700008392334,80.80999755859375,98.19000244140625,4332.4501953125
2016-09-19,67.37999725341797,69.5199966430664,28.684999465942383,81.0199966430664,101.04499816894531,4394.18994140625
2016-09-20,67.06999969482422,69.30000305175781,28.915000915527344,80.97000122070312,102.31500244140625,4388.60009765625
2016-09-21,67.0199966430664,68.94999694824219,28.96500015258789,80.72000122070312,103.5,4409.5498046875
2016-09-22,68.80000305175781,70.0199966430664,29.559999465942383,81.48999786376953,104.0,4509.81982421875
2016-09-23,68.69000244140625,69.9800033569336,29.6200008392334,81.26000213623047,103.08000183105469,4488.68994140625
2016-09-26,67.69999694824219,69.22000122070312,29.2450008392334,80.19999694824219,100.25,4407.85009765625
2016-09-27,67.69000244140625,69.08999633789062,29.040000915527344,79.79000091552734,98.9749984741211,4398.68017578125
2016-09-28,67.97000122070312,69.45999908447266,29.34000015258789,80.5,99.18499755859375,4432.4501953125
2016-09-29,67.76000213623047,69.29000091552734,29.545000076293945,81.91000366210938,100.1500015258789,4443.83984375
2016-09-30,68.12000274658203,69.16000366210938,29.4950008392334,81.98999786376953,98.75499725341797,4448.259765625
2016-10-03,68.05999755859375,69.5,29.420000076293945,82.38999938964844,98.625,4453.56005859375
2016-10-04,68.43000030517578,69.04000091552734,29.924999237060547,82.0,99.42500305175781,4503.08984375
2016-10-05,67.29000091552734,68.31999969482422,29.829999923706055,81.56999969482422,99.44000244140625,4489.9501953125
2016-10-06,67.0199966430664,67.37999725341797,29.485000610351562,82.06999969482422,99.88999938964844,4480.10009765625
2016-10-07,66.3499984741211,66.58999633789062,29.440000534057617,81.69000244140625,98.95999908447266,4449.91015625
2016-10-10,66.4800033569336,67.12000274658203,29.729999542236328,83.4000015258789,98.68499755859375,4497.259765625
2016-10-11,65.16999816894531,66.54000091552734,29.520000457763672,82.16999816894531,98.75,4471.740234375
2016-10-12,65.19999694824219,65.91999816894531,29.415000915527344,81.91000366210938,98.69000244140625,4452.240234375
2016-10-13,65.5999984741211,65.97000122070312,29.2549991607666,81.08999633789062,98.36000061035156,4405.169921875
2016-10-14,67.04000091552734,66.44999694824219,30.104999542236328,82.9000015258789,97.7249984741211,4470.919921875
2016-10-17,66.87999725341797,66.66000366210938,29.71500015258789,82.66999816894531,97.79499816894531,4450.22998046875
2016-10-18,67.44000244140625,67.7300033569336,30.079999923706055,83.6500015258789,98.69999694824219,4508.91015625
2016-10-19,67.2300033569336,67.79000091552734,29.905000686645508,85.44999694824219,99.0,4520.2998046875
2016-10-20,67.16999816894531,67.51000213623047,29.645000457763672,85.05000305175781,98.69999694824219,4540.1201171875
2016-10-21,67.37999725341797,67.47000122070312,29.860000610351562,85.0199966430664,98.80000305175781,4536.06982421875
2016-10-24,67.7300033569336,68.01000213623047,29.829999923706055,85.2300033569336,99.2249984741211,4552.580078125
2016-10-25,67.4800033569336,68.08999633789062,30.219999313354492,84.91999816894531,97.71499633789062,4540.83984375
2016-10-26,66.6500015258789,67.66999816894531,29.950000762939453,84.93000030517578,98.01000213623047,4534.58984375
2016-10-27,65.79000091552734,67.0199966430664,29.760000228881836,84.69999694824219,97.83000183105469,4533.56982421875
2016-10-28,65.70999908447266,66.33000183105469,29.559999465942383,85.43000030517578,98.9000015258789,4548.580078125
2016-10-31,65.9800033569336,67.44000244140625,29.704999923706055,85.7699966430664,99.30000305175781,4509.259765625
2016-11-01,65.0199966430664,66.68000030517578,29.385000228881836,85.26000213623047,98.6500015258789,4470.27978515625
2016-11-02,64.81999969482422,66.0,29.184999465942383,84.66999816894531,98.0,4414.669921875
2016-11-03,63.63999938964844,65.58999633789062,28.69499969482422,84.41000366210938,97.6050033569336,4411.68017578125
2016-11-04,62.849998474121094,64.5199966430664,28.260000228881836,84.16000366210938,96.3499984741211,4377.4599609375
2016-11-07,63.68000030517578,66.01000213623047,28.829999923706055,85.31999969482422,98.25,4461.2099609375
2016-11-08,63.58000183105469,66.27999877929688,28.905000686645508,85.27999877929688,97.5,4476.89013671875
2016-11-09,64.22000122070312,66.41999816894531,29.8799991607666,89.48999786376953,102.37000274658203,4543.47998046875
2016-11-10,61.22999954223633,61.70000076293945,30.540000915527344,91.62999725341797,103.3949966430664,4530.9501953125
2016-11-11,60.70000076293945,61.52000045776367,30.079999923706055,91.12000274658203,103.59500122070312,4489.27001953125
2016-11-14,60.029998779296875,61.13999938964844,30.1299991607666,90.55000305175781,104.19999694824219,4508.5498046875
2016-11-15,60.849998474121094,61.41999816894531,30.15999984741211,90.29000091552734,105.54499816894531,4536.52978515625
2016-11-16,60.88999938964844,61.47999954223633,30.959999084472656,90.12999725341797,105.88500213623047,4501.14013671875
2016-11-17,61.349998474121094,62.0099983215332,31.415000915527344,89.7699966430664,104.30000305175781,4527.77001953125
2016-11-18,61.09000015258789,63.04999923706055,31.614999771118164,89.25,103.5,4504.35009765625
2016-11-21,61.099998474121094,62.7400016784668,31.719999313354492,91.37999725341797,104.83499908447266,4529.580078125
2016-11-22,58.79999923706055,62.38999938964844,32.400001525878906,90.73999786376953,104.26499938964844,4548.35009765625
2016-11-23,59.310001373291016,61.88999938964844,31.93000030517578,90.37999725341797,104.09500122070312,4529.2099609375
2016-11-24,60.11000061035156,62.560001373291016,32.3849983215332,91.29000091552734,104.69999694824219,4542.56005859375
2016-11-25,60.310001373291016,62.369998931884766,32.34000015258789,91.98999786376953,105.05999755859375,4550.27001953125
2016-11-28,60.189998626708984,62.310001373291016,31.700000762939453,91.93000030517578,105.16500091552734,4510.39013671875
2016-11-29,61.369998931884766,62.650001525878906,31.864999771118164,92.30999755859375,104.1449966430664,4551.4599609375
2016-11-30,61.22999954223633,62.279998779296875,32.0,92.12999725341797,103.05000305175781,4578.33984375
2016-12-01,60.56999969482422,61.470001220703125,32.19499969482422,91.97000122070312,103.5199966430664,4560.60986328125
2016-12-02,60.34000015258789,60.83000183105469,31.56999969482422,91.66999816894531,102.91500091552734,4528.81982421875
2016-12-05,60.52000045776367,60.880001068115234,31.704999923706055,92.44999694824219,103.43000030517578,4574.31982421875
2016-12-06,61.5099983215332,62.400001525878906,32.20500183105469,92.11000061035156,104.21499633789062,4631.93994140625
2016-12-07,61.849998474121094,62.349998474121094,32.904998779296875,90.94999694824219,105.07499694824219,4694.72021484375
2016-12-08,62.33000183105469,62.939998626708984,33.27000045776367,91.08999633789062,103.19999694824219,4735.47998046875
2016-12-09,62.380001068115234,63.720001220703125,33.46500015258789,90.4000015258789,104.47000122070312,4764.06982421875
2016-12-12,62.959999084472656,63.459999084472656,33.459999084472656,90.44000244140625,104.875,4760.77001953125
2016-12-13,64.04000091552734,64.25,33.275001525878906,90.5199966430664,107.7300033569336,4803.8701171875
2016-12-14,63.34000015258789,64.08999633789062,33.38999938964844,89.62000274658203,106.65499877929688,4769.240234375
2016-12-15,63.79999923706055,65.02999877929688,34.01499938964844,91.91999816894531,107.2699966430664,4819.22998046875
2016-12-16,64.2699966430664,65.45999908447266,33.849998474121094,91.87999725341797,108.16000366210938,4833.27001953125
2016-12-19,64.55999755859375,65.69999694824219,34.099998474121094,91.22000122070312,107.41500091552734,4822.77001953125
2016-12-20,64.31999969482422,65.4800033569336,34.07500076293945,91.30000305175781,106.0,4849.89013671875
2016-12-21,64.22000122070312,65.43000030517578,34.19499969482422,91.5199966430664,105.8550033569336,4833.81982421875
2016-12-22,64.27999877929688,65.63999938964844,34.13999938964844,91.80000305175781,106.05500030517578,4834.6298828125
2016-12-23,64.4800033569336,66.66000366210938,34.529998779296875,91.95999908447266,107.12999725341797,4839.68017578125
2016-12-27,64.52999877929688,66.44999694824219,34.31999969482422,92.25,107.0999984741211,4848.27978515625
2016-12-28,64.19000244140625,66.19999694824219,34.0,92.55999755859375,106.5,4848.009765625
2016-12-29,64.38999938964844,66.19999694824219,34.099998474121094,92.05000305175781,106.44499969482422,4838.47021484375
2016-12-30,64.69999694824219,66.25,34.04499816894531,92.12999725341797,106.16000366210938,4862.31005859375
2017-01-02,64.6500015258789,66.61000061035156,34.19499969482422,91.81999969482422,107.3550033569336,4882.3798828125
2017-01-03,65.3499984741211,66.81999969482422,34.375,90.6500015258789,109.16000366210938,4899.330078125
2017-01-04,64.91000366210938,66.69999694824219,34.154998779296875,90.27999877929688,110.01000213623047,4899.39990234375
2017-01-05,65.13999938964844,67.0199966430664,33.9900016784668,89.88999938964844,111.32499694824219,4900.64013671875
2017-01-06,65.7300033569336,67.45999908447266,34.099998474121094,89.52999877929688,109.28500366210938,4909.83984375
2017-01-09,66.0,67.66000366210938,33.93000030517578,90.0,109.12000274658203,4887.56982421875
2017-01-10,65.91000366210938,68.23999786376953,33.869998931884766,90.02999877929688,108.96499633789062,4888.22998046875
2017-01-11,65.56999969482422,68.02999877929688,34.220001220703125,89.91999816894531,109.0250015258789,4888.7099609375
2017-01-12,65.51000213623047,68.0,33.8849983215332,89.27999877929688,109.55000305175781,4863.97021484375
2017-01-13,65.72000122070312,68.16999816894531,35.279998779296875,89.41000366210938,110.16000366210938,4922.490234375
2017-01-16,65.47000122070312,67.70999908447266,34.900001525878906,89.06999969482422,109.05000305175781,4882.18017578125
2017-01-17,64.98999786376953,67.25,34.5,88.9800033569336,108.88999938964844,4859.68994140625
2017-01-18,65.16000366210938,67.73999786376953,34.209999084472656,88.66999816894531,109.0999984741211,4853.39990234375
2017-01-19,65.18000030517578,67.77999877929688,34.060001373291016,88.62000274658203,109.94999694824219,4841.14013671875
2017-01-20,65.83999633789062,68.41000366210938,34.974998474121094,89.0199966430664,109.44499969482422,4850.669921875
2017-01-23,66.9000015258789,68.76000213623047,34.939998626708984,88.8499984741211,110.0,4821.41015625
2017-01-24,66.55999755859375,68.41000366210938,34.96500015258789,88.55000305175781,110.0,4830.02978515625
2017-01-25,66.6500015258789,68.47000122070312,35.05500030517578,87.30000305175781,110.81999969482422,4877.669921875
2017-01-26,65.8499984741211,67.6500015258789,34.709999084472656,86.93000030517578,110.08499908447266,4867.240234375
2017-01-27,65.55999755859375,67.63999938964844,34.689998626708984,87.41999816894531,109.78500366210938,4839.97998046875
2017-01-30,64.94000244140625,66.8499984741211,34.154998779296875,86.12999725341797,108.26000213623047,4784.64013671875
2017-01-31,64.9000015258789,66.58000183105469,33.654998779296875,86.77999877929688,106.73500061035156,4748.89990234375
2017-02-01,65.27999877929688,66.87999725341797,34.44499969482422,87.98999786376953,106.6050033569336,4794.580078125
2017-02-02,66.19000244140625,67.44999694824219,34.630001068115234,88.5999984741211,106.46499633789062,4794.2900390625
2017-02-03,66.54000091552734,68.2300033569336,34.599998474121094,88.36000061035156,107.0,4825.419921875
2017-02-06,65.81999969482422,67.5,34.26499938964844,88.30000305175781,106.8499984741211,4778.080078125
2017-02-07,65.22000122070312,67.27999877929688,33.650001525878906,89.2699966430664,107.1500015258789,4754.47021484375
2017-02-08,68.2699966430664,69.94999694824219,34.20500183105469,89.20999908447266,107.26000213623047,4766.60009765625
2017-02-09,68.80999755859375,69.62000274658203,34.290000915527344,89.27999877929688,106.94999694824219,4826.240234375
2017-02-10,68.76000213623047,69.5199966430664,34.25,89.33000183105469,106.8499984741211,4828.31982421875
2017-02-13,69.36000061035156,70.0,34.63999938964844,89.9000015258789,107.0,4888.18994140625
2017-02-14,68.81999969482422,69.41000366210938,35.064998626708984,88.8499984741211,107.70500183105469,4895.81982421875
2017-02-15,69.4000015258789,69.37999725341797,35.474998474121094,88.61000061035156,108.16500091552734,4924.85986328125
2017-02-16,68.9000015258789,68.80999755859375,35.40999984741211,88.05000305175781,108.30500030517578,4899.4599609375
2017-02-17,68.20999908447266,68.5,35.04499816894531,89.0999984741211,107.68499755859375,4867.580078125
2017-02-20,68.52999877929688,69.2300033569336,34.75,90.1500015258789,107.88999938964844,4864.990234375
2017-02-21,68.30999755859375,69.04000091552734,34.70000076293945,89.80000305175781,107.38500213623047,4888.759765625
2017-02-22,68.48999786376953,68.81999969482422,34.599998474121094,89.22000122070312,106.5,4895.8798828125
2017-02-23,68.16999816894531,67.81999969482422,36.01499938964844,88.98999786376953,106.51000213623047,4891.2900390625
2017-02-24,67.48999786376953,66.44000244140625,35.70000076293945,89.11000061035156,106.0,4845.240234375
2017-02-27,67.44000244140625,66.88999938964844,35.92499923706055,89.72000122070312,105.75,4845.18017578125
2017-02-28,68.01000213623047,67.41999816894531,36.369998931884766,93.0,106.8949966430664,4858.580078125
2017-03-01,69.7300033569336,68.62999725341797,37.099998474121094,92.0,109.11499786376953,4960.830078125
2017-03-02,69.91999816894531,68.30000305175781,36.97999954223633,91.72000122070312,109.48999786376953,4963.7998046875
2017-03-03,70.0,69.05000305175781,37.255001068115234,91.72000122070312,109.33999633789062,4995.1298828125
2017-03-06,69.98999786376953,68.55000305175781,37.165000915527344,91.62999725341797,109.25,4972.18994140625
2017-03-07,70.05999755859375,68.19999694824219,36.92499923706055,91.30999755859375,108.0,4955.0
2017-03-08,70.31999969482422,68.33000183105469,37.185001373291016,91.6500015258789,108.0,4960.47998046875
2017-03-09,70.73999786376953,68.08000183105469,37.525001525878906,89.72000122070312,110.67500305175781,4981.509765625
2017-03-10,70.33999633789062,68.94000244140625,37.915000915527344,88.93000030517578,112.5,4993.31982421875
2017-03-13,69.91000366210938,68.72000122070312,38.20000076293945,88.58999633789062,113.5,4999.60009765625
2017-03-14,69.7699966430664,68.5999984741211,38.060001373291016,88.83999633789062,113.4000015258789,4974.259765625
2017-03-15,69.44999694824219,69.19999694824219,38.150001525878906,88.55000305175781,114.23500061035156,4985.47998046875
2017-03-16,70.37000274658203,69.9800033569336,38.2599983215332,89.37999725341797,114.44999694824219,5013.3798828125
2017-03-17,71.69999694824219,70.58000183105469,38.40999984741211,89.25,114.97000122070312,5029.240234375
2017-03-20,71.69000244140625,70.98999786376953,38.42499923706055,89.55000305175781,114.08999633789062,5012.16015625
2017-03-21,72.19000244140625,71.30000305175781,38.0099983215332,89.4000015258789,113.8550033569336,5002.43017578125
2017-03-22,72.19000244140625,71.08999633789062,38.44499969482422,89.08999633789062,113.1500015258789,4994.7001953125
2017-03-23,73.7300033569336,72.0,38.5,89.5999984741211,114.69999694824219,5032.759765625
2017-03-24,74.36000061035156,72.44999694824219,38.45000076293945,89.9000015258789,114.80000305175781,5020.89990234375
2017-03-27,74.3499984741211,72.27999877929688,38.189998626708984,89.0999984741211,114.2249984741211,5017.43017578125
2017-03-28,73.93000030517578,72.66000366210938,38.25,90.1500015258789,116.0,5046.2001953125
2017-03-29,73.75,72.62000274658203,38.19499969482422,89.1500015258789,117.28500366210938,5069.0400390625
2017-03-30,74.16000366210938,73.2300033569336,38.43000030517578,90.47000122070312,117.28500366210938,5089.64013671875
2017-03-31,74.30000305175781,73.41999816894531,38.154998779296875,90.66000366210938,119.19000244140625,5122.509765625
2017-04-03,74.45999908447266,73.41999816894531,38.400001525878906,89.41000366210938,119.26000213623047,5085.91015625
2017-04-04,73.80000305175781,73.08000183105469,38.23500061035156,90.41000366210938,120.04499816894531,5101.1298828125
2017-04-05,73.97000122070312,73.4800033569336,38.22999954223633,90.30000305175781,119.58499908447266,5091.85009765625
2017-04-06,74.62999725341797,74.05000305175781,38.275001525878906,91.02999877929688,119.0,5121.43994140625
2017-04-07,74.54000091552734,73.80000305175781,38.39500045776367,91.98999786376953,119.0,5135.27978515625
2017-04-10,73.70999908447266,73.37000274658203,38.04499816894531,91.52999877929688,118.31999969482422,5107.4501953125
2017-04-11,74.9800033569336,73.25,38.04999923706055,92.12000274658203,118.29000091552734,5101.85986328125
2017-04-12,73.69000244140625,72.63999938964844,37.1349983215332,91.97000122070312,118.0,5101.10986328125
2017-04-13,73.8499984741211,72.55000305175781,37.3650016784668,92.19000244140625,119.5,5071.10009765625
2017-04-18,72.55999755859375,71.44999694824219,36.369998931884766,91.18000030517578,118.20500183105469,4990.25
2017-04-19,72.22000122070312,71.80000305175781,36.70500183105469,91.5199966430664,118.66999816894531,5003.72998046875
2017-04-20,73.98999786376953,72.04000091552734,37.349998474121094,92.05999755859375,120.69000244140625,5077.91015625
2017-04-21,73.33000183105469,71.70999908447266,37.30500030517578,92.83999633789062,119.80000305175781,5059.2001953125
2017-04-24,78.5,77.22000122070312,39.0,95.08000183105469,122.30500030517578,5268.85009765625
2017-04-25,77.72000122070312,77.98999786376953,39.17499923706055,94.37000274658203,122.56500244140625,5277.8798828125
2017-04-26,77.20999908447266,77.58999633789062,38.869998931884766,96.30999755859375,123.50499725341797,5287.8798828125
2017-04-27,77.55000305175781,78.0199966430664,38.779998779296875,96.30000305175781,123.69999694824219,5271.7001953125
2017-04-28,78.0999984741211,77.76000213623047,38.595001220703125,96.5199966430664,125.46499633789062,5267.330078125
2017-05-02,78.05000305175781,78.91999816894531,39.060001373291016,97.55000305175781,127.06500244140625,5304.14990234375
2017-05-03,77.06999969482422,77.7699966430664,37.36000061035156,97.6500015258789,125.6500015258789,5301.0
2017-05-04,79.33000183105469,79.4800033569336,38.099998474121094,98.04000091552734,127.74500274658203,5372.419921875
2017-05-05,79.5,78.80000305175781,38.540000915527344,98.76000213623047,128.96499633789062,5432.39990234375
2017-05-08,78.98999786376953,79.45999908447266,38.15999984741211,98.83000183105469,129.05499267578125,5382.9501953125
2017-05-09,79.0,78.9000015258789,38.459999084472656,98.4800033569336,130.9499969482422,5398.009765625
2017-05-10,78.31999969482422,78.72000122070312,38.310001373291016,98.62000274658203,130.3800048828125,5400.4599609375
2017-05-11,77.77999877929688,77.9800033569336,38.125,98.19000244140625,130.73500061035156,5383.419921875
2017-05-12,78.52999877929688,78.30000305175781,38.400001525878906,98.20999908447266,130.80499267578125,5405.419921875
2017-05-15,78.37000274658203,77.87999725341797,38.72999954223633,97.81999969482422,132.10499572753906,5417.39990234375
2017-05-16,77.69000244140625,77.41999816894531,38.57500076293945,98.41999816894531,133.10000610351562,5406.10009765625
2017-05-17,76.94999694824219,77.0,38.28499984741211,96.83999633789062,131.3300018310547,5317.89013671875
2017-05-18,76.9000015258789,76.91000366210938,37.54499816894531,97.1500015258789,130.5749969482422,5289.72998046875
2017-05-19,76.6500015258789,77.44000244140625,37.63999938964844,97.86000061035156,132.5500030517578,5324.39990234375
2017-05-22,76.5,77.4800033569336,37.654998779296875,97.80000305175781,130.81500244140625,5322.8798828125
2017-05-23,76.83000183105469,78.20999908447266,37.86000061035156,97.93000030517578,130.93499755859375,5348.16015625
2017-05-24,76.52999877929688,78.9000015258789,37.86000061035156,98.4800033569336,134.53500366210938,5341.33984375
2017-05-25,76.88999938964844,78.55999755859375,37.709999084472656,98.4800033569336,133.6750030517578,5337.16015625
2017-05-26,77.0,79.23999786376953,37.810001373291016,99.22000122070312,134.1199951171875,5336.64013671875
2017-05-29,76.9000015258789,79.37000274658203,37.5099983215332,99.11000061035156,133.25999450683594,5332.47021484375
2017-05-30,76.54000091552734,79.13999938964844,37.310001373291016,98.9000015258789,133.63499450683594,5305.93994140625
2017-05-31,77.7300033569336,80.94999694824219,38.130001068115234,98.31999969482422,132.75999450683594,5283.6298828125
2017-06-01,77.55999755859375,81.72000122070312,38.07500076293945,99.48999786376953,134.52999877929688,5318.669921875
2017-06-02,78.08999633789062,81.66000366210938,38.380001068115234,99.1500015258789,135.61000061035156,5343.41015625
2017-06-05,77.80000305175781,81.20999908447266,38.22999954223633,98.05999755859375,134.72500610351562,5307.89013671875
2017-06-06,76.7699966430664,80.4800033569336,38.19499969482422,98.18000030517578,133.27999877929688,5269.22021484375
2017-06-07,76.69999694824219,80.68000030517578,37.76499938964844,97.86000061035156,132.8249969482422,5265.52978515625
2017-06-08,77.05999755859375,81.08000183105469,38.07500076293945,98.0999984741211,131.5,5264.240234375
2017-06-09,78.01000213623047,81.77999877929688,38.334999084472656,98.22000122070312,131.89999389648438,5299.7099609375
2017-06-12,77.5999984741211,81.0,38.06999969482422,96.5999984741211,130.0,5240.58984375
2017-06-13,77.69000244140625,82.05999755859375,38.26499938964844,96.98999786376953,130.4199981689453,5261.740234375
2017-06-14,78.55000305175781,83.0,38.345001220703125,96.7699966430664,130.875,5243.2900390625
2017-06-15,78.45999908447266,82.8499984741211,38.19499969482422,97.05000305175781,130.10000610351562,5216.8798828125
2017-06-16,79.58999633789062,83.72000122070312,38.849998474121094,99.43000030517578,132.2050018310547,5263.31005859375
2017-06-19,79.80000305175781,84.25,39.5,99.5,133.14999389648438,5310.72021484375
2017-06-20,79.91000366210938,83.91000366210938,39.474998474121094,99.22000122070312,132.43499755859375,5293.64990234375
2017-06-21,79.5,85.08000183105469,39.43000030517578,99.08000183105469,132.25,5274.259765625
2017-06-22,79.0,84.45999908447266,38.89500045776367,97.87999725341797,130.9949951171875,5281.93017578125
2017-06-23,78.97000122070312,84.37000274658203,39.07500076293945,98.33000183105469,130.48500061035156,5266.1201171875
2017-06-26,79.51000213623047,84.56999969482422,39.209999084472656,98.4800033569336,129.4199981689453,5295.75
2017-06-27,77.69999694824219,82.80999755859375,38.540000915527344,96.80000305175781,130.05499267578125,5258.580078125
2017-06-28,77.36000061035156,82.94999694824219,38.42499923706055,95.69000244140625,127.27999877929688,5252.89990234375
2017-06-29,74.88999938964844,79.5,36.959999084472656,94.30999755859375,123.68499755859375,5154.35009765625
2017-06-30,74.7300033569336,79.55999755859375,36.91999816894531,94.23999786376953,122.25499725341797,5120.68017578125
2017-07-03,75.05000305175781,79.52999877929688,37.16999816894531,94.2300033569336,124.19999694824219,5195.72021484375
2017-07-04,74.79000091552734,79.37999725341797,36.720001220703125,93.47000122070312,122.48999786376953,5174.89990234375
2017-07-05,75.33999633789062,80.47000122070312,36.89500045776367,94.9800033569336,122.31500244140625,5180.10009765625
2017-07-06,73.44999694824219,78.62000274658203,36.6150016784668,94.31999969482422,122.13999938964844,5152.39990234375
2017-07-07,73.88999938964844,79.0,36.689998626708984,94.25,122.84500122070312,5145.16015625
2017-07-10,74.8499984741211,79.56999969482422,37.025001525878906,94.86000061035156,122.82499694824219,5165.64013671875
2017-07-11,75.12000274658203,79.1500015258789,36.650001525878906,95.0,121.625,5140.60009765625
2017-07-12,77.06999969482422,81.3499984741211,37.53499984741211,96.1500015258789,122.44999694824219,5222.1298828125
2017-07-13,77.95999908447266,81.9800033569336,38.0099983215332,95.66999816894531,123.11000061035156,5235.39990234375
2017-07-14,77.88999938964844,81.9000015258789,37.94499969482422,95.8499984741211,125.0999984741211,5235.31005859375
2017-07-17,77.76000213623047,81.86000061035156,37.80500030517578,95.26000213623047,126.23999786376953,5230.169921875
2017-07-18,77.1500015258789,81.70999908447266,37.29499816894531,95.16000366210938,123.69999694824219,5173.27001953125
2017-07-19,78.37999725341797,82.6500015258789,37.84000015258789,95.0199966430664,124.43000030517578,5216.06982421875
2017-07-20,77.94999694824219,82.31999969482422,37.16999816894531,94.23999786376953,120.1050033569336,5199.22021484375
2017-07-21,76.12000274658203,80.83999633789062,36.599998474121094,93.76000213623047,119.36000061035156,5117.66015625
2017-07-24,76.79000091552734,80.8499984741211,36.404998779296875,93.08999633789062,118.91999816894531,5127.7001953125
2017-07-25,77.13999938964844,80.88999938964844,36.63999938964844,93.68000030517578,120.27999877929688,5161.080078125
2017-07-26,77.19999694824219,81.33000183105469,36.75,96.11000061035156,120.16000366210938,5190.169921875
2017-07-27,77.26000213623047,81.72000122070312,36.70500183105469,96.48999786376953,127.48999786376953,5186.9501953125
2017-07-28,75.33000183105469,81.33999633789062,36.345001220703125,94.5,127.06500244140625,5131.39013671875
2017-07-31,75.73999786376953,81.8499984741211,36.244998931884766,93.58999633789062,126.63500213623047,5093.77001953125
2017-08-01,75.44999694824219,82.3499984741211,36.85499954223633,94.18000030517578,126.45500183105469,5127.02978515625
2017-08-02,74.68000030517578,81.68000030517578,36.70000076293945,93.69000244140625,125.05000305175781,5107.25
2017-08-03,75.55999755859375,82.12999725341797,37.13999938964844,94.12000274658203,125.24500274658203,5130.490234375
2017-08-04,77.05000305175781,83.0,37.665000915527344,95.06999969482422,127.56999969482422,5203.43994140625
2017-08-07,77.3499984741211,83.12000274658203,37.689998626708984,95.0,129.82000732421875,5207.89013671875
2017-08-08,77.30999755859375,83.6500015258789,37.90999984741211,94.98999786376953,128.3350067138672,5218.89013671875
2017-08-09,76.91999816894531,83.5,37.5,94.94999694824219,129.25999450683594,5145.7001953125
2017-08-10,76.61000061035156,83.44999694824219,37.64500045776367,94.22000122070312,127.76499938964844,5115.22998046875
2017-08-11,75.63999938964844,82.37000274658203,36.904998779296875,94.08000183105469,127.30500030517578,5060.919921875
2017-08-14,76.79000091552734,84.02999877929688,37.880001068115234,94.87000274658203,129.63499450683594,5121.669921875
2017-08-15,76.94999694824219,84.05999755859375,37.935001373291016,94.91000366210938,129.13499450683594,5140.25
2017-08-16,77.70999908447266,84.37999725341797,38.28499984741211,95.51000213623047,129.10000610351562,5176.60986328125
2017-08-17,77.16999816894531,84.02999877929688,37.95000076293945,94.98999786376953,130.1199951171875,5146.85009765625
2017-08-18,76.56999969482422,84.08999633789062,37.84000015258789,93.3499984741211,128.10000610351562,5114.14990234375
2017-08-21,76.13999938964844,83.13999938964844,37.439998626708984,93.61000061035156,128.77000427246094,5087.58984375
2017-08-22,76.6500015258789,83.52999877929688,38.005001068115234,94.04000091552734,129.92999267578125,5131.85986328125
2017-08-23,76.0999984741211,83.01000213623047,37.72999954223633,93.58999633789062,128.42999267578125,5115.39013671875
2017-08-24,75.7300033569336,82.58999633789062,37.380001068115234,93.38999938964844,127.95999908447266,5113.1298828125
2017-08-25,76.5,83.41000366210938,37.5,93.20999908447266,128.22500610351562,5104.330078125
2017-08-28,76.0,83.0,37.1349983215332,92.5199966430664,126.98999786376953,5079.75
2017-08-29,75.4800033569336,82.72000122070312,36.65999984741211,92.25,124.65499877929688,5031.919921875
2017-08-30,76.31999969482422,84.19999694824219,37.19499969482422,93.05000305175781,126.91999816894531,5056.33984375
2017-08-31,77.3499984741211,86.80000305175781,38.095001220703125,93.0,128.3300018310547,5085.58984375
2017-09-01,78.36000061035156,87.20999908447266,38.81999969482422,92.91999816894531,127.5999984741211,5123.259765625
2017-09-04,78.6500015258789,86.2699966430664,38.5099983215332,93.5,126.87999725341797,5103.97021484375
2017-09-05,78.5,86.30000305175781,38.72999954223633,93.88999938964844,127.27999877929688,5086.56005859375
2017-09-06,79.45999908447266,86.68000030517578,38.83000183105469,93.01000213623047,126.47000122070312,5101.41015625
2017-09-07,79.63999938964844,86.63999938964844,38.689998626708984,92.5199966430664,127.04000091552734,5114.6201171875
2017-09-08,79.04000091552734,86.94000244140625,38.584999084472656,92.94000244140625,127.73500061035156,5113.490234375
2017-09-11,80.26000213623047,87.77999877929688,38.845001220703125,93.44000244140625,128.49000549316406,5176.7099609375
2017-09-12,79.30000305175781,87.23999786376953,38.900001525878906,94.29000091552734,128.55499267578125,5209.009765625
2017-09-13,80.19000244140625,87.22000122070312,38.79999923706055,93.01000213623047,128.30999755859375,5217.58984375
2017-09-14,80.2699966430664,87.69999694824219,38.72999954223633,93.4800033569336,128.3000030517578,5225.2001953125
2017-09-15,80.25,87.70999908447266,38.39500045776367,94.87000274658203,129.75,5213.91015625
2017-09-18,80.48999786376953,88.76000213623047,38.70000076293945,95.16999816894531,131.0,5229.31982421875
2017-09-19,80.51000213623047,88.62999725341797,39.05500030517578,94.45999908447266,131.39500427246094,5237.43994140625
2017-09-20,80.4000015258789,87.77999877929688,38.970001220703125,93.9000015258789,131.0,5241.66015625
2017-09-21,80.52999877929688,87.63999938964844,38.89500045776367,92.45999908447266,132.60499572753906,5267.2900390625
2017-09-22,80.18000030517578,86.9800033569336,39.04999923706055,93.3499984741211,132.09500122070312,5281.2900390625
2017-09-25,80.0,86.55999755859375,39.33000183105469,94.33000183105469,132.9499969482422,5267.1298828125
2017-09-26,80.13999938964844,86.9000015258789,39.15999984741211,94.4000015258789,134.1999969482422,5268.759765625
2017-09-27,80.5,87.63999938964844,40.28499984741211,94.66000366210938,135.05499267578125,5281.9599609375
2017-09-28,80.76000213623047,88.04000091552734,40.19499969482422,95.94000244140625,136.88499450683594,5293.77001953125
2017-09-29,80.4000015258789,87.5999984741211,40.150001525878906,95.77999877929688,136.84500122070312,5329.81005859375
2017-10-02,81.11000061035156,88.86000061035156,40.51499938964844,95.7699966430664,137.8000030517578,5350.43994140625
2017-10-03,81.12999725341797,89.0199966430664,40.474998474121094,95.9000015258789,138.8249969482422,5367.41015625
2017-10-04,80.54000091552734,89.05000305175781,40.3849983215332,95.20999908447266,138.7899932861328,5363.22998046875
2017-10-05,80.12000274658203,88.51000213623047,40.11000061035156,94.47000122070312,138.39999389648438,5379.2099609375
2017-10-06,79.9000015258789,87.54000091552734,39.88999938964844,95.16000366210938,137.24000549316406,5359.89990234375
2017-10-09,80.45999908447266,88.0199966430664,39.970001220703125,95.27999877929688,137.5500030517578,5365.830078125
2017-10-10,80.19999694824219,87.9800033569336,40.0,95.25,134.55499267578125,5363.64990234375
2017-10-11,80.37000274658203,87.44000244140625,39.85499954223633,95.69000244140625,133.5,5362.41015625
2017-10-12,80.66000366210938,87.55000305175781,39.89500045776367,95.70999908447266,133.98500061035156,5360.81005859375
2017-10-13,80.58999633789062,87.0,40.22999954223633,95.70999908447266,134.42999267578125,5351.740234375
2017-10-16,80.47000122070312,86.81999969482422,40.06999969482422,95.83999633789062,133.61000061035156,5362.8798828125
2017-10-17,80.44000244140625,87.06999969482422,40.35499954223633,96.0,134.17999267578125,5361.3701171875
2017-10-18,80.61000061035156,88.04000091552734,40.5099983215332,97.20999908447266,135.3000030517578,5383.81005859375
2017-10-19,80.9000015258789,88.05999755859375,40.27000045776367,94.0999984741211,133.4499969482422,5368.2900390625
2017-10-20,81.08000183105469,89.95999908447266,40.494998931884766,92.80000305175781,132.97500610351562,5372.3798828125
2017-10-23,80.45999908447266,88.98999786376953,40.275001525878906,93.02999877929688,133.2449951171875,5386.81005859375
2017-10-24,80.51000213623047,88.98999786376953,40.369998931884766,89.7699966430664,133.6999969482422,5394.7998046875
2017-10-25,80.48999786376953,87.9000015258789,40.19499969482422,88.4000015258789,132.98500061035156,5374.89013671875
2017-10-26,82.95999908447266,89.94999694824219,41.189998626708984,89.25,133.35499572753906,5455.39990234375
2017-10-27,82.94999694824219,89.23999786376953,40.900001525878906,90.12999725341797,133.28500366210938,5494.1298828125
2017-10-30,83.80000305175781,89.97000122070312,41.18000030517578,89.63999938964844,132.625,5493.6298828125
2017-10-31,84.05000305175781,89.69000244140625,41.21500015258789,89.4800033569336,133.89999389648438,5503.2900390625
2017-11-01,84.19999694824219,89.48999786376953,41.505001068115234,89.05000305175781,133.84500122070312,5514.2900390625
2017-11-02,84.80000305175781,90.48999786376953,41.51499938964844,89.11000061035156,133.60000610351562,5510.5
2017-11-03,85.83000183105469,90.30000305175781,41.67499923706055,89.94000244140625,134.5,5517.97021484375
2017-11-06,85.69999694824219,89.9800033569336,41.665000915527344,89.6500015258789,132.9250030517578,5507.25
2017-11-07,85.1500015258789,90.9800033569336,41.29499816894531,89.52999877929688,131.3350067138672,5480.64013671875
2017-11-08,85.51000213623047,92.0,41.69499969482422,89.93000030517578,133.0,5471.43017578125
2017-11-09,85.12999725341797,91.5,40.755001068115234,89.75,132.72500610351562,5407.75
2017-11-10,84.31999969482422,92.22000122070312,40.5099983215332,89.5,131.36500549316406,5380.72021484375
2017-11-13,83.66999816894531,89.87999725341797,40.04999923706055,89.0,131.0850067138672,5341.6298828125
2017-11-14,83.80000305175781,89.87999725341797,40.66999816894531,88.80000305175781,129.9949951171875,5315.580078125
2017-11-15,83.83000183105469,89.8499984741211,40.91999816894531,89.13999938964844,130.0,5301.25
2017-11-16,85.5999984741211,91.86000061035156,43.03499984741211,88.63999938964844,129.8000030517578,5336.39013671875
2017-11-17,84.86000061035156,90.31999969482422,42.494998931884766,88.0,130.1999969482422,5319.169921875
2017-11-20,85.3499984741211,91.33999633789062,43.09000015258789,88.0,130.94000244140625,5340.4501953125
2017-11-21,85.62000274658203,91.2699966430664,42.560001373291016,87.33999633789062,130.8800048828125,5366.14990234375
2017-11-22,86.55999755859375,92.0,42.630001068115234,87.9000015258789,130.71499633789062,5352.759765625
2017-11-23,86.8499984741211,92.58999633789062,43.19499969482422,88.70999908447266,131.47500610351562,5379.5400390625
2017-11-24,86.6500015258789,92.19000244140625,43.130001068115234,87.87999725341797,129.9499969482422,5390.4599609375
2017-11-27,86.1500015258789,92.38999938964844,42.94499969482422,86.66999816894531,129.19000244140625,5360.08984375
2017-11-28,86.93000030517578,92.98999786376953,43.25,84.69000244140625,129.6199951171875,5390.47998046875
2017-11-29,86.9000015258789,92.48999786376953,43.19499969482422,84.0,129.78500366210938,5398.0498046875
2017-11-30,85.83999633789062,92.19000244140625,43.459999084472656,84.91999816894531,129.1699981689453,5372.7900390625
2017-12-01,84.91999816894531,91.18000030517578,42.66999816894531,85.04000091552734,128.9600067138672,5316.89013671875
2017-12-04,86.51000213623047,92.47000122070312,43.435001373291016,85.27999877929688,130.1649932861328,5389.2900390625
2017-12-05,87.0999984741211,93.11000061035156,44.03499984741211,84.25,131.78500366210938,5375.52978515625
2017-12-06,87.97000122070312,92.8499984741211,44.54999923706055,85.0199966430664,132.27000427246094,5374.35009765625
2017-12-07,88.20999908447266,93.69999694824219,44.5,85.08999633789062,134.5399932861328,5383.85986328125
2017-12-08,87.76000213623047,92.75,44.41999816894531,85.6500015258789,135.8000030517578,5399.08984375
2017-12-11,86.44999694824219,91.81999969482422,44.334999084472656,86.4000015258789,137.22500610351562,5386.830078125
2017-12-12,86.94999694824219,92.25,44.64500045776367,86.30000305175781,136.46499633789062,5427.18994140625
2017-12-13,86.2300033569336,91.63999938964844,44.40999984741211,86.08999633789062,135.1300048828125,5399.4501953125
2017-12-14,86.44999694824219,91.5999984741211,44.040000915527344,87.0,131.97999572753906,5357.14013671875
2017-12-15,87.02999877929688,91.69000244140625,43.494998931884766,86.27999877929688,130.33999633789062,5349.2998046875
2017-12-18,87.83999633789062,92.7300033569336,43.845001220703125,93.30999755859375,132.97999572753906,5420.580078125
2017-12-19,87.20999908447266,93.41999816894531,43.915000915527344,92.31999969482422,132.75999450683594,5382.91015625
2017-12-20,86.23999786376953,92.80000305175781,43.654998779296875,91.2300033569336,131.5,5352.77001953125
2017-12-21,86.23999786376953,92.23999786376953,43.970001220703125,90.0,130.38499450683594,5385.97021484375
2017-12-22,85.93000030517578,90.7699966430664,43.81999969482422,89.69000244140625,129.625,5364.72021484375
2017-12-27,85.75,91.06999969482422,43.70500183105469,89.76000213623047,130.25999450683594,5368.83984375
2017-12-28,85.62000274658203,91.30999755859375,43.224998474121094,89.62000274658203,129.7100067138672,5339.419921875
2017-12-29,85.1500015258789,91.33999633789062,43.310001373291016,89.87999725341797,129.7899932861328,5312.56005859375
2018-01-02,84.91999816894531,91.55999755859375,43.40999984741211,91.16000366210938,129.0,5288.60009765625
2018-01-03,84.55999755859375,91.5,43.209999084472656,90.5,129.6999969482422,5331.27978515625
2018-01-04,86.68000030517578,92.83999633789062,43.68000030517578,91.13999938964844,131.5,5413.68994140625
2018-01-05,88.23999786376953,93.76000213623047,44.150001525878906,91.30000305175781,134.0,5470.75
2018-01-08,88.4000015258789,94.69999694824219,44.58000183105469,91.12000274658203,134.6999969482422,5487.419921875
2018-01-09,88.55999755859375,94.66000366210938,44.81999969482422,91.16000366210938,136.5,5523.93994140625
2018-01-10,87.58000183105469,94.4800033569336,44.83000183105469,90.86000061035156,135.6999969482422,5504.68017578125
2018-01-11,85.31999969482422,92.9000015258789,44.63999938964844,89.9000015258789,135.8000030517578,5488.5498046875
2018-01-12,85.19999694824219,92.5,44.65999984741211,89.5999984741211,135.1999969482422,5517.06005859375
2018-01-15,84.58000183105469,92.45999908447266,45.20000076293945,89.36000061035156,135.6999969482422,5509.68994140625
2018-01-16,87.54000091552734,95.44000244140625,45.58000183105469,89.66000366210938,135.39999389648438,5513.81982421875
2018-01-17,87.41999816894531,95.81999969482422,45.630001068115234,89.87999725341797,135.89999389648438,5493.990234375
2018-01-18,87.4000015258789,96.30000305175781,45.75,90.9000015258789,137.1999969482422,5494.830078125
2018-01-19,87.76000213623047,96.86000061035156,45.61000061035156,91.26000213623047,137.1999969482422,5526.509765625
2018-01-22,88.0,96.83999633789062,45.72999954223633,90.95999908447266,136.5,5541.990234375
2018-01-23,87.66000366210938,96.95999908447266,45.52000045776367,90.33999633789062,135.89999389648438,5535.259765625
2018-01-24,86.95999908447266,96.5,45.459999084472656,88.86000061035156,135.1999969482422,5495.16015625
2018-01-25,87.19999694824219,96.31999969482422,45.2599983215332,87.68000030517578,133.0,5481.2099609375
2018-01-26,88.08000183105469,98.5999984741211,45.47999954223633,90.12000274658203,134.5,5529.14990234375
2018-01-29,87.55999755859375,97.22000122070312,45.31999969482422,90.19999694824219,133.89999389648438,5521.58984375
2018-01-30,86.73999786376953,96.94000244140625,44.7599983215332,89.58000183105469,133.8000030517578,5473.77978515625
2018-01-31,87.0,97.66000366210938,44.77000045776367,90.36000061035156,134.6999969482422,5481.93017578125
2018-02-01,86.0999984741211,96.81999969482422,44.41999816894531,89.73999786376953,134.0,5454.5498046875
2018-02-02,84.87999725341797,95.23999786376953,43.61000061035156,88.94000244140625,133.39999389648438,5364.97998046875
2018-02-05,83.41999816894531,94.08000183105469,42.77000045776367,88.30000305175781,132.1999969482422,5285.830078125
2018-02-06,82.76000213623047,93.33999633789062,41.34000015258789,86.27999877929688,130.8000030517578,5161.81005859375
2018-02-07,83.62000274658203,95.37999725341797,41.97999954223633,87.5,132.6999969482422,5255.89990234375
2018-02-08,80.58000183105469,91.36000061035156,40.47999954223633,88.0199966430664,130.8000030517578,5151.68017578125
2018-02-09,77.87999725341797,88.5999984741211,40.34000015258789,88.30000305175781,130.10000610351562,5079.2099609375
2018-02-12,79.91999816894531,89.27999877929688,40.95000076293945,87.16000366210938,130.0,5140.06005859375
2018-02-13,79.94000244140625,88.69999694824219,40.45000076293945,87.12000274658203,130.10000610351562,5109.240234375
2018-02-14,81.12000274658203,90.19999694824219,40.72999954223633,87.5,130.8000030517578,5165.259765625
2018-02-15,82.0,90.9800033569336,41.560001373291016,88.4800033569336,134.39999389648438,5222.52001953125
2018-02-16,83.0199966430664,92.22000122070312,41.779998779296875,89.68000030517578,135.39999389648438,5281.580078125
2018-02-19,82.19999694824219,92.0999984741211,41.810001373291016,90.36000061035156,136.6999969482422,5256.18017578125
2018-02-20,82.77999877929688,92.19999694824219,42.689998626708984,92.12000274658203,138.6999969482422,5289.85986328125
2018-02-21,82.9000015258789,93.26000213623047,43.130001068115234,92.22000122070312,139.5,5302.169921875
2018-02-22,82.54000091552734,92.73999786376953,43.220001220703125,92.22000122070312,138.60000610351562,5309.22998046875
2018-02-23,82.9000015258789,92.55999755859375,42.84000015258789,92.16000366210938,139.89999389648438,5317.3701171875
2018-02-26,82.63999938964844,92.23999786376953,42.16999816894531,91.94000244140625,141.10000610351562,5344.259765625
2018-02-27,82.68000030517578,91.76000213623047,42.220001220703125,91.72000122070312,144.1999969482422,5343.93017578125
2018-02-28,81.31999969482422,89.0999984741211,41.65999984741211,91.54000091552734,142.6999969482422,5320.490234375
2018-03-01,79.9800033569336,89.73999786376953,40.9900016784668,91.05999755859375,141.89999389648438,5262.56005859375
2018-03-02,78.86000061035156,89.22000122070312,40.20000076293945,89.5,137.5,5136.580078125
2018-03-05,80.0,89.22000122070312,40.529998779296875,89.72000122070312,138.3000030517578,5167.22998046875
2018-03-06,79.63999938964844,88.95999908447266,40.58000183105469,95.33999633789062,138.3000030517578,5170.22998046875
2018-03-07,79.91999816894531,89.58000183105469,40.40999984741211,94.69999694824219,140.5,5187.830078125
2018-03-08,81.13999938964844,91.19999694824219,40.70000076293945,96.0199966430664,146.3000030517578,5254.10009765625
2018-03-09,81.19999694824219,91.87999725341797,40.7400016784668,96.62000274658203,148.0,5274.39990234375
2018-03-12,81.04000091552734,91.83999633789062,40.7599983215332,97.05999755859375,151.89999389648438,5276.7099609375
2018-03-13,80.62000274658203,92.30000305175781,40.70000076293945,97.45999908447266,150.6999969482422,5242.7900390625
2018-03-14,80.91999816894531,93.19999694824219,40.720001220703125,97.0,149.8000030517578,5233.35986328125
2018-03-15,81.36000061035156,93.5999984741211,41.5,97.4000015258789,150.5,5267.259765625
2018-03-16,82.08000183105469,93.73999786376953,41.70000076293945,97.0999984741211,153.5,5282.75
2018-03-19,80.63999938964844,93.04000091552734,41.36000061035156,97.0999984741211,153.3000030517578,5222.83984375
2018-03-20,80.81999969482422,93.4000015258789,41.43000030517578,96.95999908447266,155.1999969482422,5252.43017578125
2018-03-21,80.36000061035156,93.26000213623047,40.95000076293945,97.0,156.0,5239.740234375
2018-03-22,79.26000213623047,93.19999694824219,39.9900016784668,96.76000213623047,156.39999389648438,5167.2099609375
2018-03-23,78.4800033569336,92.69999694824219,39.7599983215332,96.19999694824219,154.1999969482422,5095.22021484375
2018-03-26,78.13999938964844,91.66000366210938,39.349998474121094,96.33999633789062,153.8000030517578,5066.27978515625
2018-03-27,79.9800033569336,92.27999877929688,40.25,97.5999984741211,157.0,5115.740234375
2018-03-28,79.95999908447266,93.5,40.34000015258789,99.30000305175781,158.10000610351562,5130.43994140625
2018-03-29,79.9000015258789,92.4800033569336,40.709999084472656,98.94000244140625,155.10000610351562,5167.2998046875
2018-04-03,78.9800033569336,92.58000183105469,40.77000045776367,99.66000366210938,155.10000610351562,5152.1201171875
2018-04-04,78.31999969482422,91.23999786376953,40.52000045776367,98.91999816894531,153.5,5141.7998046875
2018-04-05,80.69999694824219,93.13999938964844,41.709999084472656,99.0,157.0,5276.669921875
2018-04-06,80.22000122070312,93.13999938964844,41.56999969482422,100.19999694824219,157.89999389648438,5258.240234375
2018-04-09,80.77999877929688,94.5,41.72999954223633,101.30000305175781,159.5,5263.39013671875
2018-04-10,81.0999984741211,94.5999984741211,42.099998474121094,101.55000305175781,162.3000030517578,5307.56005859375
2018-04-11,80.5,93.9000015258789,41.599998474121094,101.6500015258789,161.1999969482422,5277.93994140625
2018-04-12,80.62000274658203,93.66000366210938,41.84000015258789,101.19999694824219,160.0,5309.22021484375
2018-04-13,82.62000274658203,94.5999984741211,42.31999969482422,101.4000015258789,159.0,5315.02001953125
2018-04-16,82.72000122070312,94.72000122070312,42.209999084472656,101.69999694824219,158.5,5312.9599609375
2018-04-17,82.95999908447266,95.58000183105469,42.36000061035156,102.75,160.8000030517578,5353.5400390625
2018-04-18,83.31999969482422,95.87999725341797,42.59000015258789,103.5999984741211,163.8000030517578,5380.169921875
2018-04-19,83.73999786376953,96.36000061035156,42.86000061035156,103.0,164.0,5391.64013671875
2018-04-20,84.5,97.0999984741211,42.81999969482422,103.4000015258789,168.3000030517578,5412.830078125
2018-04-23,84.62000274658203,97.0199966430664,42.900001525878906,103.75,165.3000030517578,5438.5498046875
2018-04-24,83.55999755859375,98.08000183105469,42.540000915527344,104.3499984741211,165.5,5444.16015625
2018-04-25,82.5,97.5199966430664,41.72999954223633,102.19999694824219,167.0,5413.2998046875
2018-04-26,82.9800033569336,98.66000366210938,42.18000030517578,103.19999694824219,167.0,5453.580078125
2018-04-27,82.76000213623047,98.55999755859375,42.16999816894531,104.25,166.0,5483.18994140625
2018-04-30,83.0999984741211,98.69999694824219,42.25,105.0,165.5,5520.5
2018-05-02,84.33999633789062,99.5,41.33000183105469,105.25,166.0,5529.22021484375
2018-05-03,83.9800033569336,99.86000061035156,41.5,109.30000305175781,164.8000030517578,5501.66015625
2018-05-04,84.69999694824219,100.0,42.2400016784668,108.6500015258789,165.89999389648438,5516.0498046875
2018-05-07,85.0999984741211,100.1500015258789,42.81999969482422,110.0999984741211,167.0,5531.419921875
2018-05-08,84.76000213623047,100.19999694824219,42.790000915527344,110.0999984741211,168.1999969482422,5521.93017578125
2018-05-09,85.16000366210938,100.1500015258789,43.08000183105469,111.0,170.5,5534.6298828125
2018-05-10,85.58000183105469,100.4000015258789,42.869998931884766,110.94999694824219,170.8000030517578,5545.9501953125
2018-05-11,85.54000091552734,100.4000015258789,43.02000045776367,110.6500015258789,170.0,5541.93994140625
2018-05-14,85.77999877929688,100.44999694824219,42.529998779296875,110.8499984741211,168.0,5540.68017578125
2018-05-15,85.12000274658203,100.1500015258789,42.06999969482422,110.6500015258789,169.1999969482422,5553.16015625
2018-05-16,85.4000015258789,100.19999694824219,41.54999923706055,111.05000305175781,169.6999969482422,5567.5400390625
2018-05-17,85.69999694824219,100.1500015258789,41.41999816894531,110.5999984741211,168.6999969482422,5621.919921875
2018-05-18,86.94000244140625,101.30000305175781,40.66999816894531,110.0,167.8000030517578,5614.509765625
2018-05-21,86.91999816894531,100.75,40.08000183105469,110.1500015258789,169.8000030517578,5637.509765625
2018-05-22,87.26000213623047,98.5999984741211,41.900001525878906,109.25,170.10000610351562,5640.10009765625
2018-05-23,85.83999633789062,97.72000122070312,41.77000045776367,109.0,168.0,5565.85009765625
2018-05-24,85.69999694824219,97.95999908447266,40.88999938964844,107.6500015258789,169.6999969482422,5548.4501953125
2018-05-25,85.69999694824219,98.0199966430664,40.41999816894531,109.3499984741211,168.6999969482422,5542.5498046875
2018-05-28,85.72000122070312,97.9800033569336,40.439998626708984,108.94999694824219,163.6999969482422,5508.93017578125
2018-05-29,84.05999755859375,95.45999908447266,39.81999969482422,108.30000305175781,164.10000610351562,5438.06005859375
2018-05-30,84.0999984741211,96.0,39.720001220703125,107.5,163.1999969482422,5427.35009765625
2018-05-31,83.72000122070312,96.4000015258789,39.540000915527344,108.9000015258789,165.8000030517578,5398.39990234375
2018-06-01,84.9800033569336,97.16000366210938,39.790000915527344,108.30000305175781,166.5,5465.52978515625
2018-06-04,85.33999633789062,97.5999984741211,39.91999816894531,107.94999694824219,168.0,5472.91015625
2018-06-05,84.91999816894531,97.94000244140625,39.52000045776367,108.69999694824219,168.1999969482422,5460.9501953125
2018-06-06,84.95999908447266,97.5999984741211,39.81999969482422,108.4000015258789,168.1999969482422,5457.56005859375
2018-06-07,84.62000274658203,96.9000015258789,39.619998931884766,108.05000305175781,168.5,5448.35986328125
2018-06-08,84.31999969482422,96.16000366210938,39.18000030517578,110.3499984741211,168.6999969482422,5450.22021484375
2018-06-11,84.45999908447266,95.04000091552734,39.36000061035156,109.5999984741211,167.60000610351562,5473.91015625
2018-06-12,84.08000183105469,94.91999816894531,39.099998474121094,109.5999984741211,168.89999389648438,5453.3701171875
2018-06-13,84.0,94.9800033569336,38.70000076293945,109.44999694824219,168.0,5452.72998046875
2018-06-14,85.80000305175781,96.36000061035156,38.869998931884766,110.69999694824219,170.39999389648438,5528.4599609375
2018-06-15,85.04000091552734,95.5999984741211,38.4900016784668,110.80000305175781,171.0,5501.8798828125
2018-06-18,83.9800033569336,95.30000305175781,38.2400016784668,110.94999694824219,167.89999389648438,5450.47998046875
2018-06-19,84.5,95.05999755859375,38.16999816894531,109.0,167.60000610351562,5390.6298828125
2018-06-20,83.95999908447266,94.69999694824219,37.81999969482422,108.75,165.89999389648438,5372.31005859375
2018-06-21,82.4800033569336,93.54000091552734,37.47999954223633,108.5,164.89999389648438,5316.009765625
2018-06-22,83.22000122070312,93.9000015258789,38.099998474121094,108.4000015258789,163.8000030517578,5387.3798828125
2018-06-25,82.16000366210938,93.41999816894531,37.63999938964844,106.55000305175781,161.60000610351562,5283.85986328125
2018-06-26,82.5999984741211,93.69999694824219,37.619998931884766,107.5,162.6999969482422,5281.2900390625
2018-06-27,82.55999755859375,93.44000244140625,37.25,108.25,162.89999389648438,5327.2001953125
2018-06-28,81.72000122070312,92.68000030517578,36.70000076293945,108.3499984741211,161.60000610351562,5275.64013671875
2018-06-29,82.36000061035156,93.18000030517578,36.90999984741211,110.3499984741211,163.1999969482422,5323.52978515625
2018-07-02,81.41999816894531,92.9000015258789,36.81999969482422,108.94999694824219,162.6999969482422,5276.759765625
2018-07-03,83.0,93.83999633789062,37.060001373291016,109.3499984741211,163.6999969482422,5316.77001953125
2018-07-04,83.41999816894531,94.26000213623047,37.29999923706055,109.1500015258789,164.5,5320.5
2018-07-05,84.5,94.80000305175781,37.66999816894531,109.55000305175781,165.39999389648438,5366.31982421875
2018-07-06,84.76000213623047,94.5,37.95000076293945,109.44999694824219,163.8000030517578,5375.77001953125
2018-07-09,85.23999786376953,95.0,38.0099983215332,110.5,165.6999969482422,5398.10986328125
2018-07-10,85.80000305175781,95.55999755859375,38.209999084472656,111.80000305175781,166.89999389648438,5434.35986328125
2018-07-11,85.27999877929688,95.36000061035156,37.529998779296875,113.55000305175781,167.8000030517578,5353.93017578125
2018-07-12,86.22000122070312,95.4800033569336,37.720001220703125,116.0,169.6999969482422,5405.89990234375
2018-07-13,85.66000366210938,95.19999694824219,37.939998626708984,114.5999984741211,169.60000610351562,5429.2001953125
2018-07-16,86.0999984741211,96.16000366210938,37.63999938964844,114.4000015258789,169.0,5409.43017578125
2018-07-17,86.23999786376953,96.55999755859375,37.06999969482422,114.3499984741211,172.0,5422.5400390625
2018-07-18,85.5,95.9000015258789,36.84000015258789,114.30000305175781,169.89999389648438,5447.43994140625
2018-07-19,84.58000183105469,95.0999984741211,36.65999984741211,113.1500015258789,167.10000610351562,5417.06982421875
2018-07-20,84.33999633789062,94.54000091552734,36.5,113.44999694824219,166.10000610351562,5398.31982421875
2018-07-23,84.0999984741211,94.30000305175781,36.47999954223633,113.8499984741211,164.39999389648438,5378.25
2018-07-24,84.9000015258789,96.41999816894531,36.7599983215332,112.4000015258789,162.5,5434.18994140625
2018-07-25,84.05999755859375,95.81999969482422,36.560001373291016,112.80000305175781,162.60000610351562,5426.41015625
2018-07-26,84.54000091552734,95.80000305175781,36.9900016784668,113.4000015258789,163.6999969482422,5480.5498046875
2018-07-27,87.36000061035156,96.76000213623047,37.59000015258789,112.3499984741211,162.1999969482422,5511.759765625
2018-07-30,86.12000274658203,95.83999633789062,37.54999923706055,112.1500015258789,160.60000610351562,5491.22021484375
2018-07-31,86.0,95.72000122070312,37.61000061035156,112.44999694824219,158.0,5511.2998046875
2018-08-01,84.54000091552734,94.66000366210938,37.2400016784668,112.55000305175781,158.60000610351562,5498.3701171875
2018-08-02,83.5199966430664,94.72000122070312,37.029998779296875,114.19999694824219,159.1999969482422,5460.97998046875
2018-08-03,84.44000244140625,95.87999725341797,37.560001373291016,114.80000305175781,158.6999969482422,5478.97998046875
2018-08-06,84.12000274658203,96.0199966430664,37.400001525878906,114.0,159.3000030517578,5477.18017578125
2018-08-07,84.86000061035156,96.37999725341797,37.540000915527344,114.0,158.8000030517578,5521.31005859375
2018-08-08,84.62000274658203,96.36000061035156,37.34000015258789,114.80000305175781,157.89999389648438,5501.89990234375
2018-08-09,84.5,96.36000061035156,37.380001068115234,115.0,158.0,5502.25
2018-08-10,83.16000366210938,96.30000305175781,37.15999984741211,115.19999694824219,157.3000030517578,5414.68017578125
2018-08-13,83.12000274658203,95.95999908447266,36.95000076293945,115.0999984741211,156.0,5412.31982421875
2018-08-14,83.18000030517578,95.86000061035156,37.0,115.19999694824219,155.3000030517578,5403.41015625
2018-08-15,81.44000244140625,94.19999694824219,36.279998779296875,114.8499984741211,150.0,5305.22021484375
2018-08-16,81.22000122070312,93.80000305175781,36.56999969482422,115.25,152.5,5349.02001953125
2018-08-17,81.91999816894531,94.30000305175781,36.4900016784668,115.1500015258789,152.5,5344.93017578125
2018-08-20,82.0,94.45999908447266,36.65999984741211,116.3499984741211,152.89999389648438,5379.64990234375
2018-08-21,83.0,95.87999725341797,37.279998779296875,116.30000305175781,154.1999969482422,5408.60009765625
2018-08-22,83.23999786376953,96.16000366210938,37.58000183105469,117.75,154.3000030517578,5420.60986328125
2018-08-23,83.23999786376953,96.73999786376953,37.5,118.1500015258789,154.5,5419.330078125
2018-08-24,83.0999984741211,96.5,37.41999816894531,117.80000305175781,156.3000030517578,5432.5
2018-08-27,83.5999984741211,96.95999908447266,37.43000030517578,117.55000305175781,157.60000610351562,5479.10009765625
2018-08-28,83.0999984741211,96.37999725341797,36.93000030517578,117.6500015258789,160.5,5484.990234375
2018-08-29,83.5999984741211,96.58000183105469,37.36000061035156,121.5999984741211,162.5,5501.330078125
2018-08-30,83.66000366210938,98.58000183105469,39.0,122.25,161.39999389648438,5478.06005859375
2018-08-31,82.55999755859375,96.95999908447266,38.029998779296875,121.3499984741211,160.3000030517578,5406.85009765625
2018-09-03,82.12000274658203,96.31999969482422,36.970001220703125,121.8499984741211,161.60000610351562,5413.7998046875
2018-09-04,81.0999984741211,96.4000015258789,36.029998779296875,118.4000015258789,158.39999389648438,5342.7001953125
2018-09-05,79.45999908447266,94.95999908447266,35.45000076293945,117.30000305175781,154.39999389648438,5260.22021484375
2018-09-06,80.4000015258789,97.31999969482422,35.099998474121094,117.80000305175781,153.60000610351562,5243.83984375
2018-09-07,80.23999786376953,97.33999633789062,35.65999984741211,118.8499984741211,154.89999389648438,5252.22021484375
2018-09-10,80.9000015258789,98.08000183105469,35.97999954223633,119.25,155.1999969482422,5269.6298828125
2018-09-11,80.95999908447266,97.86000061035156,36.02000045776367,120.30000305175781,156.1999969482422,5283.7900390625
2018-09-12,80.76000213623047,98.04000091552734,36.04999923706055,120.30000305175781,158.0,5332.1298828125
2018-09-13,80.5,97.12000274658203,36.08000183105469,121.55000305175781,156.0,5328.1201171875
2018-09-14,80.72000122070312,97.5199966430664,36.22999954223633,122.0,156.60000610351562,5352.56982421875
2018-09-17,80.58000183105469,97.45999908447266,36.34000015258789,122.55000305175781,159.1999969482422,5348.8701171875
2018-09-18,81.80000305175781,97.86000061035156,36.20000076293945,122.55000305175781,158.5,5363.7900390625
2018-09-19,80.81999969482422,95.86000061035156,36.40999984741211,122.55000305175781,159.6999969482422,5393.740234375
2018-09-20,81.86000061035156,96.55999755859375,36.81999969482422,122.0,160.5,5451.58984375
2018-09-21,83.0,96.9000015258789,37.099998474121094,121.69999694824219,160.39999389648438,5494.169921875
2018-09-24,81.55999755859375,96.44000244140625,36.900001525878906,119.5999984741211,156.5,5476.169921875
2018-09-25,82.16000366210938,96.36000061035156,36.529998779296875,119.55000305175781,155.6999969482422,5479.10009765625
2018-09-26,82.19999694824219,96.44000244140625,37.5,121.75,158.39999389648438,5512.72998046875
2018-09-27,82.4000015258789,97.12000274658203,37.5,122.5999984741211,158.1999969482422,5540.41015625
2018-09-28,82.0199966430664,96.16000366210938,37.22999954223633,122.3499984741211,159.39999389648438,5493.490234375
2018-10-01,82.0,96.0999984741211,37.18000030517578,122.4000015258789,158.39999389648438,5506.81982421875
2018-10-02,81.23999786376953,95.87999725341797,36.779998779296875,120.5,155.8000030517578,5467.89013671875
2018-10-03,81.5,97.08000183105469,37.02000045776367,120.80000305175781,155.6999969482422,5491.39990234375
2018-10-04,80.95999908447266,95.19999694824219,36.93000030517578,118.05000305175781,153.8000030517578,5410.85009765625
2018-10-05,80.83999633789062,94.45999908447266,36.70000076293945,117.55000305175781,150.89999389648438,5359.35986328125
2018-10-08,80.19999694824219,93.86000061035156,36.56999969482422,117.69999694824219,151.1999969482422,5300.25
2018-10-09,79.54000091552734,92.95999908447266,36.279998779296875,116.8499984741211,145.89999389648438,5318.5498046875
2018-10-10,78.9000015258789,91.16000366210938,36.220001220703125,111.8499984741211,143.89999389648438,5206.22021484375
2018-10-11,77.55999755859375,89.55999755859375,36.0099983215332,110.1500015258789,141.6999969482422,5106.3701171875
2018-10-12,77.04000091552734,89.08000183105469,35.52000045776367,109.80000305175781,141.89999389648438,5095.97998046875
2018-10-15,77.13999938964844,89.18000030517578,35.61000061035156,108.0,140.6999969482422,5095.06982421875
2018-10-16,78.72000122070312,90.41999816894531,36.7599983215332,112.3499984741211,147.5,5173.0498046875
2018-10-17,78.44000244140625,90.33999633789062,36.650001525878906,114.69999694824219,145.60000610351562,5144.9501953125
2018-10-18,78.04000091552734,90.18000030517578,36.43000030517578,116.44999694824219,147.8000030517578,5116.7900390625
2018-10-19,77.63999938964844,88.80000305175781,32.11000061035156,116.25,145.5,5084.66015625
2018-10-22,76.72000122070312,87.76000213623047,31.190000534057617,115.3499984741211,141.89999389648438,5053.31005859375
2018-10-23,74.45999908447266,83.95999908447266,31.219999313354492,112.94999694824219,139.39999389648438,4967.68994140625
2018-10-24,77.22000122070312,85.30000305175781,30.850000381469727,115.69999694824219,140.39999389648438,4953.08984375
2018-10-25,78.33999633789062,86.37999725341797,31.93000030517578,118.4000015258789,147.6999969482422,5032.2998046875
2018-10-26,77.44000244140625,84.73999786376953,31.579999923706055,114.9000015258789,143.10000610351562,4967.3701171875
2018-10-29,77.87999725341797,84.86000061035156,32.380001068115234,111.05000305175781,140.89999389648438,4989.35009765625
2018-10-30,78.54000091552734,85.68000030517578,32.09000015258789,109.5,141.5,4978.52978515625
2018-10-31,78.87999725341797,86.41999816894531,32.2400016784668,113.0,146.5,5093.43994140625
2018-11-01,78.68000030517578,86.0,32.709999084472656,113.0,147.0,5085.77978515625
2018-11-02,77.94000244140625,86.68000030517578,33.029998779296875,114.30000305175781,146.0,5102.1298828125
2018-11-05,78.33999633789062,87.0,33.130001068115234,112.80000305175781,144.0,5101.39013671875
2018-11-06,77.44000244140625,87.13999938964844,32.459999084472656,114.69999694824219,142.89999389648438,5075.18994140625
2018-11-07,79.31999969482422,89.23999786376953,33.27000045776367,114.3499984741211,141.0,5137.93994140625
2018-11-08,78.55999755859375,88.94000244140625,33.02000045776367,114.19999694824219,140.89999389648438,5131.4501953125
2018-11-09,78.83999633789062,89.0199966430664,33.060001373291016,113.5999984741211,140.0,5106.75
2018-11-12,78.0199966430664,88.13999938964844,32.0,113.5999984741211,138.5,5059.08984375
2018-11-13,78.19999694824219,88.55999755859375,32.380001068115234,114.75,139.10000610351562,5101.85009765625
2018-11-14,78.22000122070312,88.33999633789062,32.54999923706055,112.6500015258789,139.6999969482422,5068.85009765625
2018-11-15,77.37999725341797,87.33999633789062,32.47999954223633,111.55000305175781,139.1999969482422,5033.6201171875
2018-11-16,77.0999984741211,87.68000030517578,32.5,111.6500015258789,137.1999969482422,5025.2001953125
2018-11-19,76.80000305175781,87.73999786376953,32.72999954223633,110.05000305175781,135.10000610351562,4985.4501953125
2018-11-20,76.37999725341797,86.80000305175781,32.209999084472656,108.6500015258789,133.1999969482422,4924.89013671875
2018-11-21,77.0199966430664,86.81999969482422,32.83000183105469,110.25,136.6999969482422,4975.5
2018-11-22,76.62000274658203,85.55999755859375,32.34000015258789,109.05000305175781,138.10000610351562,4938.14013671875
2018-11-23,76.86000061035156,85.95999908447266,32.93000030517578,108.19999694824219,139.1999969482422,4946.9501953125
2018-11-26,78.54000091552734,86.08000183105469,33.959999084472656,109.55000305175781,141.0,4994.97998046875
2018-11-27,78.16000366210938,84.9800033569336,34.150001525878906,108.30000305175781,136.39999389648438,4983.14990234375
2018-11-28,77.95999908447266,85.27999877929688,34.5,107.55000305175781,133.5,4983.240234375
2018-11-29,77.58000183105469,85.23999786376953,34.7400016784668,107.25,135.0,5006.25
2018-11-30,77.0999984741211,84.0199966430664,33.959999084472656,108.30000305175781,135.0,5003.919921875
2018-12-03,75.4000015258789,81.76000213623047,33.7599983215332,109.69999694824219,138.5,5053.97998046875
2018-12-04,76.66000366210938,82.13999938964844,33.5,106.69999694824219,138.0,5012.66015625
2018-12-05,74.66000366210938,80.55999755859375,33.36000061035156,106.0,136.89999389648438,4944.3701171875
2018-12-06,70.9800033569336,77.0999984741211,31.770000457763672,103.8499984741211,131.0,4780.4599609375
2018-12-07,72.68000030517578,77.5,32.9900016784668,104.0999984741211,126.5999984741211,4813.1298828125
2018-12-10,71.66000366210938,74.5999984741211,32.08000183105469,102.0999984741211,123.69999694824219,4742.3798828125
2018-12-11,73.69999694824219,75.62000274658203,33.040000915527344,104.6500015258789,125.5,4806.2001953125
2018-12-12,74.77999877929688,74.91999816894531,33.75,107.9000015258789,127.30000305175781,4909.4501953125
2018-12-13,74.5,74.0999984741211,33.16999816894531,105.6500015258789,124.5999984741211,4896.919921875
2018-12-14,73.5199966430664,73.9000015258789,33.099998474121094,103.94999694824219,125.5999984741211,4853.7001953125
2018-12-17,72.36000061035156,72.26000213623047,32.5,102.80000305175781,124.80000305175781,4799.8701171875
2018-12-18,71.33999633789062,73.19999694824219,31.850000381469727,103.5,124.30000305175781,4754.080078125
2018-12-19,71.5999984741211,73.55999755859375,31.899999618530273,102.80000305175781,120.0,4777.4501953125
2018-12-20,71.41999816894531,72.87999725341797,30.389999389648438,102.0999984741211,119.19999694824219,4692.4599609375
2018-12-21,71.41999816894531,72.23999786376953,30.84000015258789,101.0,118.30000305175781,4694.3798828125
2018-12-24,70.5,71.13999938964844,30.90999984741211,99.13999938964844,120.5,4626.39013671875
2018-12-27,70.63999938964844,70.94000244140625,30.260000228881836,99.22000122070312,117.5999984741211,4598.60986328125
2018-12-28,71.95999908447266,72.12000274658203,30.989999771118164,100.80000305175781,118.9000015258789,4678.740234375
2018-12-31,72.0199966430664,72.95999908447266,31.34000015258789,102.0,121.0,4730.68994140625
2019-01-02,71.44000244140625,72.16000366210938,30.440000534057617,101.69999694824219,119.80000305175781,4689.39013671875
2019-01-03,71.19999694824219,72.5199966430664,30.15999984741211,99.22000122070312,117.30000305175781,4611.490234375
2019-01-04,72.58000183105469,73.68000030517578,30.81999969482422,102.19999694824219,121.69999694824219,4737.1201171875
2019-01-07,72.22000122070312,73.91999816894531,30.899999618530273,100.0,120.0999984741211,4719.169921875
2019-01-08,73.13999938964844,75.4800033569336,30.299999237060547,101.5,121.5,4773.27001953125
2019-01-09,72.9000015258789,73.77999877929688,30.09000015258789,103.4000015258789,120.30000305175781,4813.580078125
2019-01-10,73.08000183105469,74.68000030517578,30.43000030517578,103.5999984741211,122.5999984741211,4805.66015625
2019-01-11,72.9800033569336,74.36000061035156,30.049999237060547,102.55000305175781,120.80000305175781,4781.33984375
2019-01-14,73.04000091552734,74.5,29.5,101.0999984741211,122.5,4762.75
2019-01-15,73.45999908447266,76.26000213623047,29.690000534057617,100.75,123.30000305175781,4786.169921875
2019-01-16,73.81999969482422,76.44000244140625,29.8799991607666,99.0999984741211,125.4000015258789,4810.740234375
2019-01-17,74.37999725341797,76.87999725341797,29.790000915527344,98.62000274658203,125.0,4794.3701171875
2019-01-18,75.41999816894531,78.41999816894531,30.1200008392334,99.81999969482422,126.80000305175781,4875.93017578125
2019-01-21,74.73999786376953,78.73999786376953,29.690000534057617,100.94999694824219,129.60000610351562,4867.77978515625
2019-01-22,74.63999938964844,79.04000091552734,29.700000762939453,100.94999694824219,128.10000610351562,4847.52978515625
2019-01-23,74.83999633789062,78.41999816894531,29.68000030517578,98.12000274658203,128.1999969482422,4840.3798828125
2019-01-24,75.5999984741211,79.77999877929688,30.549999237060547,96.0,128.6999969482422,4871.9599609375
2019-01-25,76.83999633789062,80.19999694824219,30.93000030517578,96.08000183105469,130.5,4925.81982421875
2019-01-28,76.4000015258789,79.9000015258789,30.850000381469727,96.41999816894531,130.6999969482422,4888.580078125
2019-01-29,76.87999725341797,80.12000274658203,30.829999923706055,95.9000015258789,131.6999969482422,4928.18017578125
2019-01-30,76.9800033569336,82.31999969482422,30.979999542236328,97.77999877929688,134.10000610351562,4974.759765625
2019-01-31,76.87999725341797,81.91999816894531,30.920000076293945,96.66000366210938,130.10000610351562,4992.72021484375
2019-02-01,77.23999786376953,82.05999755859375,31.030000686645508,98.77999877929688,132.89999389648438,5019.259765625
2019-02-04,76.76000213623047,81.30000305175781,30.65999984741211,99.41999816894531,131.60000610351562,5000.18994140625
2019-02-05,78.0199966430664,81.80000305175781,31.149999618530273,102.05000305175781,135.60000610351562,5083.33984375
2019-02-06,77.5199966430664,81.91999816894531,31.1299991607666,102.19999694824219,134.0,5079.0498046875
2019-02-07,76.83999633789062,81.16000366210938,30.600000381469727,99.66000366210938,132.0,4985.56005859375
2019-02-08,76.19999694824219,79.54000091552734,29.639999389648438,100.1500015258789,130.10000610351562,4961.64013671875
2019-02-11,76.83999633789062,80.45999908447266,29.969999313354492,100.5999984741211,130.39999389648438,5014.47021484375
2019-02-12,78.12000274658203,80.80000305175781,29.979999542236328,100.25,132.39999389648438,5056.35009765625
2019-02-13,78.83999633789062,81.55999755859375,30.15999984741211,101.4000015258789,132.3000030517578,5074.27001953125
2019-02-14,79.0999984741211,82.0,30.09000015258789,104.19999694824219,132.0,5062.52001953125
2019-02-15,80.5199966430664,82.45999908447266,31.0,106.8499984741211,132.10000610351562,5153.18994140625
2019-02-18,80.45999908447266,82.91999816894531,31.25,107.1500015258789,135.39999389648438,5168.5400390625
2019-02-19,80.27999877929688,83.26000213623047,30.81999969482422,106.94999694824219,133.89999389648438,5160.52001953125
2019-02-20,81.04000091552734,83.66000366210938,31.56999969482422,107.25,133.3000030517578,5195.9501953125
2019-02-21,82.05999755859375,83.66000366210938,32.709999084472656,107.0,135.6999969482422,5196.10986328125
2019-02-22,82.36000061035156,84.55999755859375,32.79999923706055,107.6500015258789,137.89999389648438,5215.85009765625
2019-02-25,82.16000366210938,85.58000183105469,32.869998931884766,109.0,137.0,5231.85009765625
2019-02-26,82.95999908447266,85.83999633789062,32.849998474121094,107.9000015258789,139.0,5238.72021484375
2019-02-27,82.73999786376953,84.23999786376953,32.9900016784668,107.1500015258789,140.0,5225.35009765625
2019-02-28,83.91999816894531,85.77999877929688,33.25,108.25,148.0,5240.52978515625
2019-03-01,83.16000366210938,86.18000030517578,33.18000030517578,107.1500015258789,142.89999389648438,5265.18994140625
2019-03-04,83.5199966430664,86.9000015258789,32.84000015258789,107.5999984741211,143.60000610351562,5286.56982421875
2019-03-05,83.77999877929688,86.68000030517578,32.540000915527344,109.30000305175781,145.0,5297.52001953125
2019-03-06,83.68000030517578,86.58000183105469,32.599998474121094,108.0999984741211,144.60000610351562,5288.81005859375
2019-03-07,84.0199966430664,86.4000015258789,32.20000076293945,106.44999694824219,144.60000610351562,5267.919921875
2019-03-08,84.36000061035156,86.73999786376953,31.84000015258789,108.05000305175781,144.60000610351562,5231.22021484375
2019-03-11,84.81999969482422,87.05999755859375,32.0099983215332,107.5,140.89999389648438,5265.9599609375
2019-03-12,84.04000091552734,86.44000244140625,31.739999771118164,106.6500015258789,141.5,5270.25
2019-03-13,84.0,86.0999984741211,31.65999984741211,107.1500015258789,141.3000030517578,5306.3798828125
2019-03-14,85.81999969482422,86.76000213623047,31.799999237060547,109.4000015258789,141.10000610351562,5349.77978515625
2019-03-15,86.27999877929688,87.16000366210938,32.68000030517578,110.3499984741211,141.10000610351562,5405.31982421875
2019-03-18,86.76000213623047,87.66000366210938,32.779998779296875,110.5,140.8000030517578,5412.830078125
2019-03-19,85.87999725341797,87.41999816894531,32.33000183105469,110.05000305175781,141.39999389648438,5425.89990234375
2019-03-20,85.83999633789062,86.4000015258789,31.959999084472656,108.19999694824219,140.39999389648438,5382.66015625
2019-03-21,86.08000183105469,87.0,32.439998626708984,108.19999694824219,138.1999969482422,5378.85009765625
2019-03-22,84.83999633789062,85.08000183105469,31.700000762939453,105.69999694824219,132.60000610351562,5269.919921875
2019-03-25,84.87999725341797,84.5,31.469999313354492,105.30000305175781,132.6999969482422,5260.64013671875
2019-03-26,86.04000091552734,84.81999969482422,31.56999969482422,106.05000305175781,133.6999969482422,5307.3798828125
2019-03-27,86.23999786376953,85.31999969482422,31.6200008392334,104.9000015258789,132.0,5301.240234375
2019-03-28,85.55999755859375,84.5,31.270000457763672,105.0999984741211,130.39999389648438,5296.5400390625
2019-03-29,86.72000122070312,85.66000366210938,31.850000381469727,106.75,131.5,5350.52978515625
2019-04-01,87.5,87.04000091552734,32.630001068115234,109.1500015258789,135.89999389648438,5405.52978515625
2019-04-02,88.0,88.23999786376953,32.720001220703125,108.1500015258789,135.5,5423.47021484375
2019-04-03,89.36000061035156,89.16000366210938,33.15999984741211,107.8499984741211,138.3000030517578,5468.91015625
2019-04-04,88.86000061035156,88.69999694824219,33.15999984741211,108.30000305175781,136.5,5463.7998046875
2019-04-05,89.30000305175781,88.36000061035156,33.2400016784668,108.25,135.5,5476.2001953125
2019-04-08,88.81999969482422,88.41999816894531,33.279998779296875,107.9000015258789,135.60000610351562,5471.77978515625
2019-04-09,88.0,87.0999984741211,33.099998474121094,105.5,134.6999969482422,5436.419921875
2019-04-10,89.44000244140625,88.04000091552734,33.709999084472656,104.55000305175781,130.0,5449.8798828125
2019-04-11,89.5,88.0999984741211,33.900001525878906,106.0999984741211,130.10000610351562,5485.72021484375
2019-04-12,89.66000366210938,88.0,34.0,106.30000305175781,131.5,5502.7001953125
2019-04-15,89.30000305175781,87.72000122070312,34.4900016784668,107.0999984741211,129.10000610351562,5508.72998046875
2019-04-16,89.80000305175781,88.4800033569336,34.81999969482422,107.44999694824219,129.89999389648438,5528.669921875
2019-04-17,89.68000030517578,88.63999938964844,34.9900016784668,106.1500015258789,130.10000610351562,5563.08984375
2019-04-18,89.36000061035156,87.9800033569336,35.0,107.75,129.6999969482422,5580.3798828125
2019-04-23,88.30000305175781,88.4800033569336,34.41999816894531,107.69999694824219,130.8000030517578,5591.68994140625
2019-04-24,89.9000015258789,91.68000030517578,34.84000015258789,110.25,133.0,5576.06005859375
2019-04-25,88.69999694824219,91.45999908447266,34.70000076293945,110.75,133.6999969482422,5557.669921875
2019-04-26,89.31999969482422,91.73999786376953,34.869998931884766,111.9000015258789,133.89999389648438,5569.35986328125
2019-04-29,89.19999694824219,91.54000091552734,35.119998931884766,112.30000305175781,134.8000030517578,5580.97998046875
2019-04-30,90.0199966430664,93.0999984741211,33.540000915527344,106.44999694824219,134.89999389648438,5586.41015625
2019-05-02,89.18000030517578,93.26000213623047,33.66999816894531,105.1500015258789,133.60000610351562,5538.85986328125
2019-05-03,88.37999725341797,91.36000061035156,33.33000183105469,105.5,131.6999969482422,5548.83984375
2019-05-06,87.54000091552734,90.13999938964844,32.900001525878906,104.44999694824219,130.39999389648438,5483.52001953125
2019-05-07,86.62000274658203,89.91999816894531,32.779998779296875,102.4000015258789,128.10000610351562,5395.75
2019-05-08,86.63999938964844,91.0199966430664,33.150001525878906,102.05000305175781,127.30000305175781,5417.58984375
2019-05-09,85.22000122070312,88.68000030517578,32.58000183105469,100.6500015258789,126.0999984741211,5313.16015625
2019-05-10,85.83999633789062,88.0,32.56999969482422,100.5,127.80000305175781,5327.43994140625
2019-05-13,85.08000183105469,86.63999938964844,31.829999923706055,98.95999908447266,125.5,5262.56982421875
2019-05-14,87.0,86.9000015258789,32.150001525878906,98.73999786376953,126.0999984741211,5341.35009765625
2019-05-15,88.37999725341797,90.66000366210938,32.91999816894531,100.19999694824219,125.19999694824219,5374.259765625
2019-05-16,89.19999694824219,91.44000244140625,33.38999938964844,102.19999694824219,127.4000015258789,5448.10986328125
2019-05-17,89.4800033569336,92.13999938964844,32.95000076293945,101.9000015258789,125.5999984741211,5438.22998046875
2019-05-20,88.91999816894531,91.63999938964844,32.439998626708984,101.5,126.30000305175781,5358.58984375
2019-05-21,89.4000015258789,90.04000091552734,32.59000015258789,101.6500015258789,125.0999984741211,5385.4599609375
2019-05-22,89.41999816894531,89.4000015258789,32.31999969482422,101.1500015258789,122.80000305175781,5378.97998046875
2019-05-23,88.41999816894531,88.18000030517578,31.700000762939453,99.16000366210938,122.30000305175781,5281.3701171875
2019-05-24,90.04000091552734,88.55999755859375,31.899999618530273,99.12000274658203,119.30000305175781,5316.509765625
2019-05-27,90.44000244140625,88.63999938964844,31.84000015258789,98.80000305175781,115.5999984741211,5336.18994140625
2019-05-28,89.5999984741211,87.73999786376953,31.450000762939453,98.68000030517578,116.5999984741211,5312.68994140625
2019-05-29,88.08000183105469,85.41999816894531,31.5,97.4000015258789,112.80000305175781,5222.1201171875
2019-05-30,88.81999969482422,86.44000244140625,31.8799991607666,98.68000030517578,113.5999984741211,5248.91015625
2019-05-31,88.45999908447266,85.58000183105469,31.329999923706055,98.55999755859375,111.69999694824219,5207.6298828125
2019-06-03,88.94000244140625,84.87999725341797,31.139999389648438,99.41999816894531,112.0999984741211,5241.4599609375
2019-06-04,89.23999786376953,85.68000030517578,31.440000534057617,98.27999877929688,113.80000305175781,5268.259765625
2019-06-05,89.31999969482422,85.77999877929688,31.530000686645508,99.27999877929688,119.5,5292.0
2019-06-06,89.13999938964844,86.55999755859375,31.18000030517578,100.05000305175781,118.5999984741211,5278.43017578125
2019-06-07,90.27999877929688,87.76000213623047,31.649999618530273,102.80000305175781,122.19999694824219,5364.0498046875
2019-06-10,90.54000091552734,87.62000274658203,31.799999237060547,103.30000305175781,123.5999984741211,5382.5
2019-06-11,90.66000366210938,88.9000015258789,31.8799991607666,103.94999694824219,123.5,5408.4501953125
2019-06-12,90.16000366210938,87.27999877929688,31.450000762939453,105.0,121.0,5374.919921875
2019-06-13,89.58000183105469,86.83999633789062,31.43000030517578,106.5,121.0999984741211,5375.6298828125
2019-06-14,89.58000183105469,85.45999908447266,31.440000534057617,105.44999694824219,120.0,5367.6201171875
2019-06-17,89.9000015258789,85.87999725341797,31.280000686645508,108.0,120.80000305175781,5390.9501953125
2019-06-18,91.5999984741211,88.66000366210938,32.04999923706055,108.30000305175781,121.5999984741211,5509.72998046875
2019-06-19,92.68000030517578,90.0,32.5,107.0,123.9000015258789,5518.4501953125
2019-06-20,92.68000030517578,90.41999816894531,32.29999923706055,107.0,125.9000015258789,5535.56982421875
2019-06-21,91.04000091552734,88.76000213623047,32.11000061035156,106.69999694824219,125.9000015258789,5528.330078125
2019-06-24,91.69999694824219,89.04000091552734,31.920000076293945,107.5,124.19999694824219,5521.7099609375
2019-06-25,92.05999755859375,88.9000015258789,31.799999237060547,107.69999694824219,124.4000015258789,5514.56982421875
2019-06-26,90.37999725341797,86.69999694824219,31.969999313354492,107.5,122.9000015258789,5500.72021484375
2019-06-27,89.73999786376953,86.18000030517578,32.029998779296875,106.75,122.9000015258789,5493.60986328125
2019-06-28,90.05999755859375,86.94000244140625,32.56999969482422,108.6500015258789,126.4000015258789,5538.97021484375
2019-07-01,90.45999908447266,88.12000274658203,32.779998779296875,107.9000015258789,123.0999984741211,5567.91015625
2019-07-02,90.4800033569336,88.19999694824219,32.540000915527344,107.25,122.30000305175781,5576.81982421875
2019-07-03,92.37999725341797,91.0,32.779998779296875,108.94999694824219,124.69999694824219,5618.81005859375
2019-07-04,92.0199966430664,90.08000183105469,32.939998626708984,108.5,124.5999984741211,5620.72998046875
2019-07-05,91.23999786376953,88.94000244140625,32.79999923706055,106.1500015258789,123.0999984741211,5593.72021484375
2019-07-08,90.80000305175781,88.36000061035156,32.630001068115234,104.44999694824219,120.80000305175781,5589.18994140625
2019-07-09,90.83999633789062,88.13999938964844,32.20000076293945,102.80000305175781,118.0999984741211,5572.10009765625
2019-07-10,90.33999633789062,88.04000091552734,32.130001068115234,103.6500015258789,118.5999984741211,5567.58984375
2019-07-11,89.72000122070312,88.12000274658203,31.770000457763672,103.44999694824219,116.80000305175781,5551.9501953125
2019-07-12,91.31999969482422,89.5,31.709999084472656,103.6500015258789,119.0,5572.85986328125
2019-07-15,91.80000305175781,90.4000015258789,32.0099983215332,104.4000015258789,119.0,5578.2099609375
2019-07-16,94.30000305175781,92.26000213623047,32.900001525878906,105.19999694824219,121.30000305175781,5614.3798828125
2019-07-17,93.5199966430664,91.44000244140625,32.84000015258789,103.69999694824219,122.69999694824219,5571.7099609375
2019-07-18,93.13999938964844,90.80000305175781,32.7599983215332,103.0,121.0,5550.5498046875
2019-07-19,93.0,90.4000015258789,32.84000015258789,103.5999984741211,122.19999694824219,5552.33984375
2019-07-22,92.9800033569336,90.30000305175781,32.65999984741211,102.6500015258789,121.80000305175781,5567.02001953125
2019-07-23,93.30000305175781,91.22000122070312,32.849998474121094,103.69999694824219,125.5,5618.16015625
2019-07-24,92.80000305175781,91.30000305175781,33.0,103.25,126.5999984741211,5605.8701171875
2019-07-25,91.5,90.58000183105469,33.34000015258789,102.30000305175781,125.69999694824219,5578.0498046875
2019-07-26,91.95999908447266,90.73999786376953,33.43000030517578,104.5,126.30000305175781,5610.0498046875
2019-07-29,92.19999694824219,90.86000061035156,33.209999084472656,104.25,124.80000305175781,5601.10009765625
2019-07-30,90.0,88.62000274658203,32.40999984741211,103.05000305175781,122.69999694824219,5511.06982421875
2019-07-31,93.23999786376953,89.36000061035156,32.380001068115234,102.05000305175781,124.0,5518.89990234375
2019-08-01,94.16000366210938,89.87999725341797,32.91999816894531,102.30000305175781,125.5,5557.41015625
2019-08-02,91.27999877929688,88.45999908447266,32.349998474121094,99.94000244140625,121.19999694824219,5359.0
2019-08-05,89.19999694824219,86.5,31.389999389648438,99.18000030517578,118.69999694824219,5241.5498046875
2019-08-06,90.0,86.9000015258789,31.81999969482422,97.31999969482422,118.5,5234.64990234375
2019-08-07,91.4000015258789,87.44000244140625,31.75,98.81999969482422,120.0999984741211,5266.509765625
2019-08-08,93.87999725341797,89.87999725341797,32.290000915527344,101.1500015258789,123.19999694824219,5387.9599609375
2019-08-09,94.0,89.31999969482422,32.0,99.86000061035156,121.5999984741211,5327.919921875
2019-08-12,94.0,88.54000091552734,31.65999984741211,101.0,120.4000015258789,5310.31005859375
2019-08-13,94.95999908447266,88.72000122070312,32.040000915527344,101.5999984741211,122.69999694824219,5363.06982421875
2019-08-14,92.91999816894531,86.9800033569336,31.610000610351562,100.69999694824219,118.9000015258789,5251.2998046875
2019-08-15,93.4800033569336,86.72000122070312,31.329999923706055,99.5199966430664,118.0,5236.93017578125
2019-08-16,95.4800033569336,88.87999725341797,31.979999542236328,101.69999694824219,119.9000015258789,5300.7900390625
2019-08-19,97.45999908447266,90.81999969482422,32.529998779296875,103.0999984741211,121.30000305175781,5371.56005859375
2019-08-20,97.22000122070312,91.36000061035156,32.279998779296875,103.19999694824219,120.4000015258789,5344.64013671875
2019-08-21,98.5199966430664,93.0,33.0,105.80000305175781,127.0,5435.47998046875
2019-08-22,97.12000274658203,92.0,32.81999969482422,104.94999694824219,127.30000305175781,5388.25
2019-08-23,95.54000091552734,91.80000305175781,32.58000183105469,105.25,127.30000305175781,5326.8701171875
2019-08-26,96.80000305175781,92.19999694824219,32.81999969482422,105.80000305175781,127.4000015258789,5351.02001953125
2019-08-27,97.81999969482422,92.19999694824219,32.720001220703125,106.0999984741211,126.19999694824219,5387.08984375
2019-08-28,97.18000030517578,91.0,32.599998474121094,103.0,124.19999694824219,5368.7998046875
2019-08-29,98.41999816894531,93.16000366210938,34.79999923706055,104.0,126.5,5449.97021484375
2019-08-30,99.5,94.23999786376953,34.54999923706055,105.1500015258789,129.39999389648438,5480.47998046875
2019-09-02,99.83999633789062,93.95999908447266,33.9900016784668,105.5999984741211,130.0,5493.0400390625
2019-09-03,99.9800033569336,93.73999786376953,33.65999984741211,104.3499984741211,131.0,5466.06982421875
2019-09-04,100.69999694824219,94.08000183105469,33.54999923706055,110.0,132.39999389648438,5532.06982421875
2019-09-05,100.9000015258789,94.26000213623047,33.41999816894531,109.94999694824219,140.0,5593.3701171875
2019-09-06,99.86000061035156,93.0,33.310001373291016,109.69999694824219,137.8000030517578,5603.990234375
2019-09-09,97.87999725341797,92.58000183105469,33.72999954223633,109.44999694824219,137.39999389648438,5588.9501953125
2019-09-10,97.68000030517578,93.22000122070312,34.5099983215332,108.5999984741211,136.10000610351562,5593.2099609375
2019-09-11,97.55999755859375,94.91999816894531,35.0,107.69999694824219,135.0,5618.06005859375
2019-09-12,98.91999816894531,96.19999694824219,34.779998779296875,107.75,136.0,5642.85986328125
2019-09-13,98.27999877929688,94.19999694824219,35.4900016784668,107.55000305175781,136.10000610351562,5655.4599609375
2019-09-16,97.08000183105469,94.0999984741211,35.459999084472656,106.6500015258789,134.0,5602.22998046875
2019-09-17,98.12000274658203,94.16000366210938,35.16999816894531,106.4000015258789,133.0,5615.509765625
2019-09-18,98.5,94.16000366210938,35.16999816894531,105.44999694824219,132.39999389648438,5620.64990234375
2019-09-19,98.69999694824219,94.31999969482422,35.41999816894531,106.69999694824219,132.6999969482422,5659.080078125
2019-09-20,98.63999938964844,93.94000244140625,35.68000030517578,105.05000305175781,129.8000030517578,5690.77978515625
2019-09-23,97.69999694824219,93.5,35.16999816894531,103.8499984741211,129.60000610351562,5630.759765625
2019-09-24,98.69999694824219,94.30000305175781,34.900001525878906,104.5,128.5,5628.330078125
2019-09-25,97.19999694824219,93.41999816894531,34.61000061035156,104.1500015258789,129.0,5583.7998046875
2019-09-26,97.41999816894531,94.41999816894531,35.13999938964844,104.69999694824219,129.6999969482422,5620.56982421875
2019-09-27,97.0199966430664,94.4000015258789,36.0,104.5999984741211,128.3000030517578,5640.580078125
2019-09-30,98.81999969482422,95.12000274658203,36.75,105.5,129.8000030517578,5677.7900390625
2019-10-01,97.72000122070312,95.0199966430664,36.68000030517578,105.44999694824219,130.0,5597.6298828125
2019-10-02,94.76000213623047,92.0,35.22999954223633,101.8499984741211,125.5999984741211,5422.77001953125
2019-10-03,95.4000015258789,91.31999969482422,35.720001220703125,98.4800033569336,123.30000305175781,5438.77001953125
2019-10-04,96.95999908447266,93.05999755859375,36.400001525878906,98.45999908447266,124.30000305175781,5488.31982421875
2019-10-07,97.31999969482422,93.12000274658203,36.529998779296875,98.54000091552734,124.5,5521.60986328125
2019-10-08,95.63999938964844,91.9000015258789,36.04999923706055,98.9800033569336,122.80000305175781,5456.6201171875
2019-10-09,96.68000030517578,93.0199966430664,36.88999938964844,97.95999908447266,122.9000015258789,5499.14013671875
2019-10-10,97.12000274658203,93.18000030517578,37.880001068115234,97.0199966430664,122.19999694824219,5569.0498046875
2019-10-11,100.19999694824219,95.0999984741211,38.66999816894531,96.77999877929688,123.4000015258789,5665.47998046875
2019-10-14,99.16000366210938,94.33999633789062,38.33000183105469,96.72000122070312,124.69999694824219,5643.080078125
2019-10-15,98.83999633789062,94.86000061035156,39.16999816894531,96.4000015258789,126.0999984741211,5702.0498046875
2019-10-16,98.80000305175781,95.33999633789062,38.88999938964844,96.37999725341797,123.5,5696.89990234375
2019-10-17,97.22000122070312,95.73999786376953,39.25,95.16000366210938,123.5,5673.06982421875
2019-10-18,96.54000091552734,95.16000366210938,38.75,89.9800033569336,120.9000015258789,5636.25
2019-10-21,97.16000366210938,94.31999969482422,39.13999938964844,90.5,120.80000305175781,5648.35009765625
2019-10-22,96.80000305175781,94.30000305175781,38.90999984741211,88.0999984741211,119.5,5657.68994140625
2019-10-23,96.68000030517578,93.45999908447266,38.540000915527344,86.95999908447266,119.5999984741211,5653.43994140625
2019-10-24,98.31999969482422,95.0999984741211,38.40999984741211,86.68000030517578,120.69999694824219,5684.330078125
2019-10-25,100.6500015258789,96.0,38.810001373291016,87.04000091552734,120.9000015258789,5722.14990234375
2019-10-28,99.26000213623047,94.83999633789062,38.099998474121094,87.83999633789062,120.19999694824219,5730.56982421875
2019-10-29,100.4000015258789,96.16000366210938,38.2599983215332,86.94000244140625,123.5999984741211,5740.14013671875
2019-10-30,99.77999877929688,96.27999877929688,37.97999954223633,88.0199966430664,124.19999694824219,5765.8701171875
2019-10-31,100.5999984741211,96.31999969482422,38.0,87.63999938964844,124.5,5729.85986328125
2019-11-01,101.75,97.86000061035156,38.459999084472656,86.72000122070312,124.0,5761.89013671875
2019-11-04,102.4000015258789,98.0999984741211,38.209999084472656,87.31999969482422,126.9000015258789,5824.2998046875
2019-11-05,101.1500015258789,97.26000213623047,38.06999969482422,87.0,125.19999694824219,5846.89013671875
2019-11-06,100.80000305175781,97.37999725341797,38.0,86.58000183105469,125.5999984741211,5866.740234375
2019-11-07,100.1500015258789,98.5,38.220001220703125,87.44000244140625,126.80000305175781,5890.990234375
2019-11-08,100.1500015258789,97.58000183105469,38.16999816894531,86.69999694824219,127.4000015258789,5889.7001953125
2019-11-11,100.94999694824219,99.13999938964844,38.25,86.58000183105469,127.69999694824219,5893.81982421875
2019-11-12,101.44999694824219,99.44000244140625,38.939998626708984,86.08000183105469,127.0999984741211,5919.75
2019-11-13,100.5999984741211,98.26000213623047,38.61000061035156,85.08000183105469,126.19999694824219,5907.08984375
2019-11-14,101.6500015258789,98.69999694824219,38.900001525878906,88.05999755859375,123.80000305175781,5901.080078125
2019-11-15,102.05000305175781,99.0999984741211,38.70000076293945,88.95999908447266,126.0999984741211,5939.27001953125
2019-11-18,101.9000015258789,100.19999694824219,37.650001525878906,90.0,123.5999984741211,5929.7900390625
2019-11-19,101.25,100.75,37.119998931884766,90.73999786376953,124.5999984741211,5909.0498046875
2019-11-20,100.5,99.23999786376953,36.7400016784668,92.08000183105469,124.0,5894.02978515625
2019-11-21,100.6500015258789,100.0999984741211,37.029998779296875,91.19999694824219,123.19999694824219,5881.2099609375
2019-11-22,99.63999938964844,99.66000366210938,36.959999084472656,90.9800033569336,124.4000015258789,5893.1298828125
2019-11-25,100.0,100.5,37.38999938964844,90.0,125.5,5924.85986328125
2019-11-26,100.1500015258789,101.19999694824219,37.54999923706055,89.69999694824219,128.0,5929.6201171875
2019-11-27,99.73999786376953,100.1500015258789,37.310001373291016,89.36000061035156,126.19999694824219,5926.83984375
2019-11-28,98.9000015258789,100.05000305175781,36.720001220703125,89.0,125.19999694824219,5912.72021484375
2019-11-29,98.9800033569336,99.0999984741211,37.08000183105469,88.91999816894531,123.5,5905.169921875
2019-12-02,96.83999633789062,97.22000122070312,36.41999816894531,86.58000183105469,119.4000015258789,5786.740234375
2019-12-03,96.72000122070312,97.04000091552734,36.27000045776367,86.05999755859375,115.0,5727.22021484375
2019-12-04,98.0999984741211,98.0,36.7599983215332,87.80000305175781,115.5,5799.68017578125
2019-12-05,97.16000366210938,98.5,37.16999816894531,87.80000305175781,115.5999984741211,5801.5498046875
2019-12-06,98.23999786376953,99.22000122070312,37.349998474121094,87.95999908447266,115.30000305175781,5871.91015625
2019-12-09,97.94000244140625,99.19999694824219,37.54999923706055,87.44000244140625,114.5999984741211,5837.25
2019-12-10,98.58000183105469,99.83999633789062,37.5099983215332,87.81999969482422,113.69999694824219,5848.02978515625
2019-12-11,98.9800033569336,101.4000015258789,37.77000045776367,86.87999725341797,112.5999984741211,5860.8798828125
2019-12-12,98.26000213623047,100.8499984741211,37.75,86.18000030517578,111.9000015258789,5884.259765625
2019-12-13,98.26000213623047,100.9000015258789,38.220001220703125,86.26000213623047,111.19999694824219,5919.02001953125
2019-12-16,99.22000122070312,101.69999694824219,38.77000045776367,89.44000244140625,113.0,5991.66015625
2019-12-17,98.87999725341797,101.5999984741211,38.560001373291016,89.94000244140625,113.80000305175781,5968.259765625
2019-12-18,97.58000183105469,101.4000015258789,38.63999938964844,92.22000122070312,114.5999984741211,5959.60009765625
2019-12-19,97.37999725341797,101.5999984741211,38.02000045776367,91.81999969482422,116.0,5972.27978515625
2019-12-20,99.37999725341797,101.5999984741211,38.220001220703125,92.9800033569336,117.4000015258789,6021.52978515625
2019-12-23,99.5999984741211,102.0999984741211,38.38999938964844,93.66000366210938,119.0,6029.3701171875
2019-12-24,98.76000213623047,102.05000305175781,38.119998931884766,93.83999633789062,119.5999984741211,6029.5498046875
2019-12-25,98.76000213623047,102.05000305175781,38.119998931884766,93.83999633789062,119.5999984741211,
2019-12-27,99.54000091552734,102.44999694824219,38.2400016784668,93.0,117.9000015258789,6037.39013671875
2019-12-30,98.9800033569336,102.0999984741211,37.77000045776367,92.72000122070312,117.0999984741211,5982.22021484375
2019-12-31,99.0,102.0,37.880001068115234,92.5199966430664,117.0,5978.06005859375
2020-01-02,99.83999633789062,103.25,38.61000061035156,92.94000244140625,118.69999694824219,6041.5
2020-01-03,99.22000122070312,102.6500015258789,38.130001068115234,94.12000274658203,118.4000015258789,6044.16015625
2020-01-06,98.72000122070312,101.5999984741211,37.540000915527344,95.04000091552734,117.30000305175781,6013.58984375
2020-01-07,98.04000091552734,102.19999694824219,37.9900016784668,94.80000305175781,113.30000305175781,6012.35009765625
2020-01-08,99.91999816894531,103.80000305175781,37.970001220703125,96.18000030517578,112.9000015258789,6031.0
2020-01-09,98.91999816894531,103.4000015258789,37.970001220703125,96.5,112.30000305175781,6042.5498046875
2020-01-10,99.41999816894531,104.5999984741211,37.630001068115234,95.91999816894531,111.80000305175781,6037.10986328125
2020-01-13,99.73999786376953,103.69999694824219,37.88999938964844,96.77999877929688,111.19999694824219,6036.14013671875
2020-01-14,100.4000015258789,103.5999984741211,38.36000061035156,96.45999908447266,111.30000305175781,6040.89013671875
2020-01-15,100.55000305175781,104.19999694824219,38.16999816894531,96.31999969482422,111.0,6032.60986328125
2020-01-16,100.44999694824219,104.44999694824219,37.79999923706055,97.30000305175781,110.0999984741211,6039.02978515625
2020-01-17,102.4000015258789,104.55000305175781,37.90999984741211,98.77999877929688,113.5999984741211,6100.72021484375
2020-01-20,102.0999984741211,105.1500015258789,38.5099983215332,99.9000015258789,115.0,6078.5400390625
2020-01-21,102.19999694824219,105.3499984741211,38.43000030517578,99.0199966430664,113.19999694824219,6045.990234375
2020-01-22,100.9000015258789,104.30000305175781,38.22999954223633,98.31999969482422,111.0999984741211,6010.97998046875
2020-01-23,101.3499984741211,103.80000305175781,37.65999984741211,97.69999694824219,112.5999984741211,5971.7900390625
2020-01-24,102.4000015258789,104.8499984741211,38.08000183105469,98.69999694824219,111.69999694824219,6024.259765625
2020-01-27,99.66000366210938,102.80000305175781,36.68000030517578,98.0999984741211,111.4000015258789,5863.02001953125
2020-01-28,101.1500015258789,104.4000015258789,37.029998779296875,98.19999694824219,109.9000015258789,5925.81982421875
2020-01-29,102.05000305175781,105.75,36.79999923706055,99.19999694824219,109.9000015258789,5954.89013671875
2020-01-30,101.1500015258789,104.9000015258789,36.2400016784668,98.91999816894531,109.30000305175781,5871.77001953125
2020-01-31,100.19999694824219,104.75,35.72999954223633,99.22000122070312,109.80000305175781,5806.33984375
2020-02-03,100.5,105.94999694824219,35.58000183105469,99.30000305175781,110.4000015258789,5832.509765625
2020-02-04,102.19999694824219,106.0999984741211,36.63999938964844,98.18000030517578,109.0,5935.0498046875
2020-02-05,104.05000305175781,107.05000305175781,37.150001525878906,97.91999816894531,111.0,5985.39990234375
2020-02-06,103.5,106.0,36.720001220703125,97.0,111.5,6038.18017578125
2020-02-07,103.6500015258789,107.25,37.34000015258789,97.41999816894531,111.0999984741211,6029.75
2020-02-10,104.4000015258789,107.4000015258789,37.38999938964844,96.31999969482422,108.5,6015.669921875
2020-02-11,105.0,110.5,37.65999984741211,95.26000213623047,107.69999694824219,6054.759765625
2020-02-12,105.6500015258789,110.30000305175781,37.869998931884766,95.95999908447266,107.5999984741211,6104.72998046875
2020-02-13,105.0,110.0,37.79999923706055,96.0999984741211,107.30000305175781,6093.14013671875
2020-02-14,105.80000305175781,110.5,38.619998931884766,96.0,109.19999694824219,6069.35009765625
2020-02-17,105.75,110.1500015258789,38.9900016784668,95.19999694824219,108.0999984741211,6085.9501953125
2020-02-18,106.1500015258789,111.0,38.349998474121094,95.04000091552734,106.19999694824219,6056.81982421875
2020-02-19,106.75,111.0,39.400001525878906,95.62000274658203,107.4000015258789,6111.240234375
2020-02-20,105.19999694824219,110.05000305175781,41.20000076293945,96.9800033569336,106.5,6062.2998046875
2020-02-21,105.44999694824219,110.05000305175781,40.90999984741211,96.44000244140625,107.0,6029.72021484375
2020-02-24,100.5999984741211,107.05000305175781,38.75,93.0999984741211,104.9000015258789,5791.8701171875
2020-02-25,98.26000213623047,105.94999694824219,38.459999084472656,91.13999938964844,104.4000015258789,5679.68017578125
2020-02-26,97.62000274658203,105.3499984741211,38.119998931884766,96.68000030517578,107.5999984741211,5684.5498046875
2020-02-27,95.54000091552734,102.55000305175781,37.79999923706055,94.27999877929688,101.5,5495.60009765625
2020-02-28,90.9800033569336,96.41999816894531,35.47999954223633,90.80000305175781,93.9000015258789,5309.89990234375
2020-03-02,90.81999969482422,96.33999633789062,35.099998474121094,92.5199966430664,95.19999694824219,5333.52001953125
2020-03-03,93.31999969482422,96.9000015258789,36.150001525878906,91.5199966430664,95.1500015258789,5393.169921875
2020-03-04,95.22000122070312,98.05999755859375,36.88999938964844,92.13999938964844,95.80000305175781,5464.89013671875
2020-03-05,93.0999984741211,96.0199966430664,36.349998474121094,92.26000213623047,96.05000305175781,5361.10009765625
2020-03-06,87.5199966430664,91.08000183105469,34.15999984741211,88.87999725341797,93.4000015258789,5139.10986328125
2020-03-09,80.72000122070312,84.5199966430664,31.239999771118164,83.73999786376953,87.0999984741211,4707.91015625
2020-03-10,75.76000213623047,81.5999984741211,29.760000228881836,82.26000213623047,86.25,4636.60986328125
2020-03-11,76.83999633789062,79.76000213623047,30.09000015258789,80.30000305175781,82.69999694824219,4610.25
2020-03-12,63.720001220703125,67.68000030517578,24.8799991607666,74.05999755859375,73.25,4044.260009765625
2020-03-13,67.37999725341797,67.0,25.959999084472656,72.95999908447266,74.30000305175781,4118.35986328125
2020-03-16,59.040000915527344,59.040000915527344,24.239999771118164,65.81999969482422,66.80000305175781,3881.4599609375
2020-03-17,64.08000183105469,58.20000076293945,25.440000534057617,62.15999984741211,66.4000015258789,3991.780029296875
2020-03-18,57.0,51.86000061035156,23.15999984741211,55.15999984741211,63.20000076293945,3754.840087890625
2020-03-19,62.63999938964844,55.0,24.790000915527344,58.220001220703125,65.94999694824219,3855.5
2020-03-20,69.77999877929688,60.36000061035156,28.420000076293945,64.66000366210938,71.94999694824219,4048.800048828125
2020-03-23,65.26000213623047,54.84000015258789,27.170000076293945,63.5,68.25,3914.31005859375
2020-03-24,69.0999984741211,60.380001068115234,29.219999313354492,66.77999877929688,73.69999694824219,4242.7001953125
2020-03-25,74.66000366210938,66.45999908447266,29.459999084472656,68.5199966430664,77.4000015258789,4432.2998046875
2020-03-26,75.86000061035156,72.76000213623047,31.030000686645508,73.9800033569336,78.94999694824219,4543.580078125
2020-03-27,71.63999938964844,69.62000274658203,28.309999465942383,72.5,73.19999694824219,4351.490234375
2020-03-30,73.0,66.0,27.530000686645508,73.0,70.5,4378.509765625
2020-03-31,75.4000015258789,64.5,26.719999313354492,76.37999725341797,74.9000015258789,4396.1201171875
2020-04-01,67.05999755859375,61.560001373291016,24.3700008392334,73.4000015258789,72.6500015258789,4207.240234375
2020-04-02,65.0999984741211,62.779998779296875,25.350000381469727,74.05999755859375,73.1500015258789,4220.9599609375
2020-04-03,63.84000015258789,62.15999984741211,25.290000915527344,72.33999633789062,74.05000305175781,4154.580078125
2020-04-06,70.33999633789062,68.0,28.700000762939453,74.63999938964844,78.0,4346.14013671875
2020-04-07,71.91999816894531,71.08000183105469,28.530000686645508,74.22000122070312,83.25,4438.27001953125
2020-04-08,74.16000366210938,71.4000015258789,29.040000915527344,72.68000030517578,83.5999984741211,4442.75
2020-04-09,76.5,73.66000366210938,30.260000228881836,74.45999908447266,82.55000305175781,4506.85009765625
2020-04-14,77.04000091552734,73.4000015258789,28.850000381469727,72.5,83.05000305175781,4523.91015625
2020-04-15,70.55999755859375,69.08000183105469,26.850000381469727,68.18000030517578,77.44999694824219,4353.72021484375
2020-04-16,71.08000183105469,70.13999938964844,25.450000762939453,68.68000030517578,77.19999694824219,4350.16015625
2020-04-17,76.45999908447266,73.76000213623047,26.329999923706055,72.19999694824219,80.0,4499.009765625
2020-04-20,75.80000305175781,73.23999786376953,26.700000762939453,71.9000015258789,80.30000305175781,4528.2998046875
2020-04-21,70.0,70.0999984741211,25.149999618530273,71.22000122070312,78.05000305175781,4357.4599609375
2020-04-22,71.87999725341797,72.16000366210938,26.170000076293945,70.0,79.8499984741211,4411.7998046875
2020-04-23,70.18000030517578,71.41999816894531,27.420000076293945,69.13999938964844,80.0999984741211,4451.0
2020-04-24,69.94000244140625,70.18000030517578,26.979999542236328,68.18000030517578,78.5,4393.31982421875
2020-04-27,73.73999786376953,74.5999984741211,28.030000686645508,70.0,80.25,4505.259765625
2020-04-28,75.08000183105469,73.80000305175781,28.43000030517578,70.54000091552734,78.30000305175781,4569.7900390625
2020-04-29,75.81999969482422,75.9000015258789,29.739999771118164,72.54000091552734,76.5,4671.10986328125
2020-04-30,74.69999694824219,74.69999694824219,28.110000610351562,69.13999938964844,74.5,4572.18017578125
2020-05-04,70.27999877929688,71.95999908447266,26.15999984741211,64.5999984741211,70.69999694824219,4378.22998046875
2020-05-05,72.54000091552734,74.05999755859375,27.530000686645508,66.36000061035156,71.44999694824219,4483.1298828125
2020-05-06,72.44000244140625,73.19999694824219,26.729999542236328,68.13999938964844,69.5,4433.3798828125
2020-05-07,73.91999816894531,73.27999877929688,27.40999984741211,70.0,70.05000305175781,4501.43994140625
2020-05-08,76.80000305175781,77.63999938964844,27.610000610351562,69.91999816894531,72.25,4549.64013671875
2020-05-11,75.23999786376953,75.27999877929688,26.940000534057617,69.5,73.0,4490.22021484375
2020-05-12,76.0,74.0,26.5,67.19999694824219,71.4000015258789,4472.5
2020-05-13,73.26000213623047,72.5,25.950000762939453,63.65999984741211,68.5,4344.9501953125
2020-05-14,72.80000305175781,71.95999908447266,24.75,61.959999084472656,64.30000305175781,4273.1298828125
2020-05-15,73.0,72.26000213623047,24.969999313354492,63.5,67.0,4277.6298828125
2020-05-18,79.45999908447266,78.73999786376953,26.93000030517578,67.0,69.0,4498.33984375
2020-05-19,78.0199966430664,75.13999938964844,25.6299991607666,63.5,69.05000305175781,4458.16015625
2020-05-20,78.77999877929688,76.77999877929688,25.399999618530273,63.060001373291016,70.25,4496.97998046875
2020-05-21,77.68000030517578,76.63999938964844,25.110000610351562,63.619998931884766,69.5999984741211,4445.4501953125
2020-05-22,76.83999633789062,76.0999984741211,25.799999237060547,62.0,69.8499984741211,4444.56005859375
2020-05-25,81.0199966430664,79.68000030517578,26.829999923706055,66.22000122070312,72.05000305175781,4539.91015625
2020-05-26,82.31999969482422,81.5999984741211,27.1299991607666,67.5199966430664,74.44999694824219,4606.240234375
2020-05-27,84.36000061035156,83.27999877929688,27.709999084472656,68.76000213623047,75.5,4688.740234375
2020-05-28,83.95999908447266,82.5,27.729999542236328,71.0,75.9000015258789,4771.39013671875
2020-05-29,83.04000091552734,82.0,27.540000915527344,68.77999877929688,76.69999694824219,4695.43994140625
2020-06-01,83.95999908447266,82.83999633789062,27.93000030517578,69.54000091552734,78.1500015258789,4762.77978515625
2020-06-02,85.9800033569336,84.94000244140625,28.5,71.23999786376953,81.5,4858.97021484375
2020-06-03,90.0999984741211,88.0,30.010000228881836,75.80000305175781,88.0,5022.3798828125
2020-06-04,88.44000244140625,87.73999786376953,29.649999618530273,75.41999816894531,87.0,5011.97998046875
2020-06-05,90.31999969482422,87.44000244140625,30.68000030517578,78.0199966430664,94.0999984741211,5197.7900390625
2020-06-08,89.5999984741211,87.41999816894531,30.920000076293945,79.12000274658203,97.5,5175.52001953125
2020-06-09,87.33999633789062,84.73999786376953,29.399999618530273,76.31999969482422,93.25,5095.10986328125
2020-06-10,85.80000305175781,83.5999984741211,28.959999084472656,73.94000244140625,89.4000015258789,5053.419921875
2020-06-11,82.19999694824219,80.0,27.079999923706055,69.04000091552734,84.0,4815.60009765625
2020-06-12,82.9800033569336,80.86000061035156,27.540000915527344,70.58000183105469,84.80000305175781,4839.259765625
2020-06-15,83.5,81.33999633789062,27.739999771118164,70.08000183105469,85.0,4815.72021484375
2020-06-16,85.87999725341797,83.58000183105469,28.790000915527344,74.18000030517578,87.30000305175781,4952.4599609375
2020-06-17,85.91999816894531,84.0199966430664,28.450000762939453,73.66000366210938,87.0999984741211,4995.97021484375
2020-06-18,85.63999938964844,83.83999633789062,28.290000915527344,73.73999786376953,85.05000305175781,4958.75
2020-06-19,84.73999786376953,82.08000183105469,28.610000610351562,73.23999786376953,81.30000305175781,4979.4501953125
2020-06-22,85.44000244140625,81.5999984741211,28.15999984741211,72.08000183105469,81.75,4948.7001953125
2020-06-23,83.0999984741211,82.05999755859375,29.18000030517578,73.27999877929688,82.0,5017.68017578125
2020-06-24,81.0999984741211,79.5,28.0,69.5999984741211,79.80000305175781,4871.35986328125
2020-06-25,82.0199966430664,81.13999938964844,28.889999389648438,69.68000030517578,80.25,4918.580078125
2020-06-26,81.31999969482422,80.58000183105469,29.0,70.5,80.5,4909.64013671875
2020-06-29,82.73999786376953,81.72000122070312,30.049999237060547,71.86000061035156,80.80000305175781,4945.4599609375
2020-06-30,82.0,81.4000015258789,30.40999984741211,71.87999725341797,82.05000305175781,4935.990234375
2020-07-01,81.80000305175781,80.22000122070312,30.719999313354492,70.62000274658203,81.80000305175781,4926.93994140625
2020-07-02,84.19999694824219,83.18000030517578,32.189998626708984,73.36000061035156,84.0999984741211,5049.3798828125
2020-07-03,83.95999908447266,82.23999786376953,32.130001068115234,73.9800033569336,83.19999694824219,5007.14013671875
2020-07-06,84.5199966430664,82.86000061035156,32.68000030517578,75.37999725341797,84.6500015258789,5081.509765625
2020-07-07,83.5,81.4000015258789,33.15999984741211,73.94000244140625,84.8499984741211,5043.72998046875
2020-07-08,81.19999694824219,79.0199966430664,32.599998474121094,73.69999694824219,82.75,4981.1298828125
2020-07-09,79.58000183105469,78.0199966430664,31.790000915527344,70.73999786376953,81.44999694824219,4921.009765625
2020-07-10,80.5,79.36000061035156,31.889999389648438,71.30000305175781,82.69999694824219,4970.47998046875
2020-07-13,82.0,80.36000061035156,32.540000915527344,71.91999816894531,84.0999984741211,5056.22998046875
2020-07-14,80.95999908447266,79.12000274658203,32.0099983215332,70.0,81.94999694824219,5007.4599609375
2020-07-15,83.86000061035156,80.86000061035156,32.61000061035156,71.33999633789062,85.0,5108.97998046875
2020-07-16,83.5199966430664,81.54000091552734,33.029998779296875,70.54000091552734,83.30000305175781,5085.27978515625
2020-07-17,82.45999908447266,79.94000244140625,32.45000076293945,69.19999694824219,81.55000305175781,5069.419921875
2020-07-20,82.22000122070312,80.44000244140625,32.52000045776367,70.5,81.8499984741211,5093.18017578125
2020-07-21,82.36000061035156,80.0,32.0,72.31999969482422,85.05000305175781,5104.27978515625
2020-07-22,81.91999816894531,80.0,31.700000762939453,70.05999755859375,83.8499984741211,5037.1201171875
2020-07-23,80.63999938964844,79.37999725341797,31.860000610351562,71.26000213623047,82.80000305175781,5033.759765625
2020-07-24,79.4000015258789,77.80000305175781,31.40999984741211,66.80000305175781,78.19999694824219,4956.43017578125
2020-07-27,78.83999633789062,76.9000015258789,31.18000030517578,64.95999908447266,73.19999694824219,4939.6201171875
2020-07-28,78.4800033569336,77.18000030517578,31.030000686645508,64.80000305175781,73.80000305175781,4928.93994140625
2020-07-29,79.5999984741211,78.0999984741211,31.18000030517578,64.16000366210938,72.4000015258789,4958.740234375
2020-07-30,77.63999938964844,75.80000305175781,30.530000686645508,64.0,71.5,4852.93994140625
2020-07-31,72.80000305175781,74.0,30.0,61.36000061035156,70.5,4783.68994140625
2020-08-03,75.68000030517578,75.73999786376953,31.31999969482422,62.2599983215332,73.0999984741211,4875.93017578125
2020-08-04,75.77999877929688,77.5199966430664,31.8700008392334,64.30000305175781,73.0999984741211,4889.52001953125
2020-08-05,78.5,78.30000305175781,32.20000076293945,66.0,74.25,4933.33984375
2020-08-06,78.37999725341797,78.04000091552734,32.11000061035156,65.73999786376953,74.25,4885.1298828125
2020-08-07,78.45999908447266,77.77999877929688,31.799999237060547,65.5999984741211,74.44999694824219,4889.52001953125
2020-08-10,80.13999938964844,79.33999633789062,32.41999816894531,66.87999725341797,76.30000305175781,4909.509765625
2020-08-11,82.5199966430664,82.16000366210938,33.31999969482422,71.5999984741211,80.5,5027.990234375
2020-08-12,82.86000061035156,81.5199966430664,33.13999938964844,70.94000244140625,81.0999984741211,5073.31005859375
2020-08-13,81.9800033569336,80.37999725341797,32.97999954223633,70.5,80.19999694824219,5042.3798828125
2020-08-14,80.37999725341797,79.22000122070312,32.7400016784668,69.30000305175781,79.69999694824219,4962.93017578125
2020-08-17,80.45999908447266,78.73999786376953,32.9900016784668,68.54000091552734,79.9000015258789,4971.93994140625
2020-08-18,79.72000122070312,78.0,32.56999969482422,66.95999908447266,77.5999984741211,4938.06005859375
2020-08-19,81.13999938964844,78.87999725341797,32.93000030517578,68.04000091552734,77.0999984741211,4977.22998046875
2020-08-20,80.37999725341797,77.5999984741211,32.31999969482422,68.0,75.8499984741211,4911.240234375
2020-08-21,80.37999725341797,78.04000091552734,32.439998626708984,67.62000274658203,76.6500015258789,4896.330078125
2020-08-24,82.44000244140625,81.27999877929688,33.40999984741211,69.36000061035156,78.44999694824219,5007.89013671875
2020-08-25,82.16000366210938,81.33999633789062,33.310001373291016,68.80000305175781,77.9000015258789,5008.27001953125
2020-08-26,82.30000305175781,82.4000015258789,33.5099983215332,67.95999908447266,77.4000015258789,5048.43017578125
2020-08-27,81.33999633789062,79.80000305175781,33.93000030517578,67.94000244140625,78.25,5015.97021484375
2020-08-28,81.5,79.80000305175781,34.25,67.9800033569336,79.19999694824219,5002.93994140625
2020-08-31,78.58000183105469,77.22000122070312,33.25,65.5,76.25,4947.22021484375
2020-09-01,77.81999969482422,76.22000122070312,33.290000915527344,64.30000305175781,76.5999984741211,4938.10009765625
2020-09-02,80.0999984741211,77.95999908447266,33.720001220703125,66.37999725341797,80.1500015258789,5031.740234375
2020-09-03,81.13999938964844,78.91999816894531,33.56999969482422,66.94000244140625,80.80000305175781,5009.52001953125
2020-09-04,79.62000274658203,78.30000305175781,33.619998931884766,65.33999633789062,78.55000305175781,4965.06982421875
2020-09-07,81.55999755859375,81.22000122070312,34.369998931884766,67.30000305175781,80.9000015258789,5053.72021484375
2020-09-08,79.27999877929688,79.33999633789062,33.70000076293945,65.5199966430664,79.1500015258789,4973.52001953125
2020-09-09,80.18000030517578,80.19999694824219,32.59000015258789,66.16000366210938,78.0,5042.97998046875
2020-09-10,77.94000244140625,78.26000213623047,32.41999816894531,66.4800033569336,77.3499984741211,5023.93017578125
2020-09-11,77.44000244140625,76.77999877929688,32.380001068115234,65.95999908447266,75.0,5034.14013671875
2020-09-14,77.77999877929688,77.58000183105469,32.209999084472656,68.81999969482422,81.8499984741211,5051.8798828125
2020-09-15,77.31999969482422,76.68000030517578,31.940000534057617,68.12000274658203,79.4000015258789,5067.93017578125
2020-09-16,77.36000061035156,76.31999969482422,31.520000457763672,68.05999755859375,80.5999984741211,5074.419921875
2020-09-17,77.0,75.45999908447266,31.799999237060547,68.18000030517578,79.9000015258789,5039.5
2020-09-18,75.9000015258789,75.0,31.09000015258789,65.62000274658203,77.5,4978.18017578125
2020-09-21,72.80000305175781,71.5,29.829999923706055,62.29999923706055,73.25,4792.0400390625
2020-09-22,71.55999755859375,70.58000183105469,29.920000076293945,62.58000183105469,72.5,4772.83984375
2020-09-23,72.0,70.30000305175781,29.610000610351562,62.7400016784668,71.94999694824219,4802.259765625
2020-09-24,71.05999755859375,69.33999633789062,29.43000030517578,61.939998626708984,71.19999694824219,4762.6201171875
2020-09-25,71.0199966430664,68.91999816894531,29.1299991607666,62.459999084472656,71.19999694824219,4729.66015625
2020-09-28,72.41999816894531,71.16000366210938,29.729999542236328,63.97999954223633,73.0999984741211,4843.27001953125
2020-09-29,72.44000244140625,71.0,29.280000686645508,63.220001220703125,71.75,4832.06982421875
2020-09-30,71.5199966430664,69.81999969482422,29.6200008392334,64.16000366210938,72.5,4803.43994140625
2020-10-01,70.23999786376953,68.68000030517578,28.969999313354492,64.44000244140625,73.0,4824.0400390625
2020-10-02,73.33999633789062,70.23999786376953,29.290000915527344,64.44000244140625,72.9000015258789,4824.8798828125
2020-10-05,74.30000305175781,72.12000274658203,29.690000534057617,64.94000244140625,74.6500015258789,4871.8701171875
2020-10-06,76.0999984741211,73.72000122070312,30.059999465942383,66.58000183105469,75.6500015258789,4895.4599609375
2020-10-07,75.9800033569336,73.80000305175781,30.1200008392334,65.05999755859375,75.5999984741211,4882.0
2020-10-08,76.27999877929688,73.95999908447266,30.809999465942383,66.44000244140625,75.75,4911.93994140625
2020-10-09,75.13999938964844,72.62000274658203,30.65999984741211,67.19999694824219,75.9000015258789,4946.81005859375
2020-10-12,74.91999816894531,73.19999694824219,31.190000534057617,67.0,75.0,4979.2900390625
2020-10-13,72.94000244140625,70.91999816894531,30.670000076293945,65.73999786376953,73.5,4947.60986328125
2020-10-14,73.81999969482422,71.41999816894531,31.360000610351562,65.45999908447266,72.0999984741211,4941.66015625
2020-10-15,71.83999633789062,69.44000244140625,30.6299991607666,64.30000305175781,74.0,4837.419921875
2020-10-16,72.4000015258789,69.9800033569336,30.729999542236328,65.55999755859375,75.80000305175781,4935.85986328125
2020-10-19,73.62000274658203,77.13999938964844,30.829999923706055,65.18000030517578,76.19999694824219,4942.6201171875
2020-10-20,74.26000213623047,70.55999755859375,31.030000686645508,65.0999984741211,76.8499984741211,4929.27978515625
2020-10-21,71.9000015258789,69.36000061035156,30.520000457763672,63.779998779296875,74.0,4853.9501953125
2020-10-22,71.81999969482422,68.91999816894531,30.3700008392334,62.63999938964844,73.5,4851.3798828125
2020-10-23,72.83999633789062,70.18000030517578,30.770000457763672,64.30000305175781,76.9000015258789,4909.64013671875
2020-10-26,70.66000366210938,68.26000213623047,29.799999237060547,61.29999923706055,74.4000015258789,4816.1201171875
2020-10-27,69.19999694824219,65.87999725341797,28.18000030517578,58.63999938964844,71.80000305175781,4730.66015625
2020-10-28,67.04000091552734,63.099998474121094,27.3700008392334,57.5,70.6500015258789,4571.1201171875
2020-10-29,66.45999908447266,62.060001373291016,27.950000762939453,56.2599983215332,70.0999984741211,4569.669921875
2020-10-30,67.81999969482422,62.31999969482422,28.149999618530273,55.880001068115234,71.5999984741211,4594.240234375
2020-11-02,70.37999725341797,64.23999786376953,28.979999542236328,57.779998779296875,72.30000305175781,4691.14013671875
2020-11-03,72.33999633789062,66.83999633789062,29.5,59.47999954223633,75.0999984741211,4805.60986328125
2020-11-04,73.68000030517578,68.4000015258789,29.459999084472656,62.5,76.44999694824219,4922.85009765625
2020-11-05,74.27999877929688,69.0,29.899999618530273,62.5,77.30000305175781,4983.990234375
2020-11-06,73.54000091552734,67.91999816894531,29.760000228881836,63.279998779296875,76.69999694824219,4960.8798828125
2020-11-09,87.4000015258789,79.72000122070312,32.59000015258789,71.95999908447266,82.4000015258789,5336.31982421875
2020-11-10,88.05999755859375,83.0999984741211,33.31999969482422,73.45999908447266,88.9000015258789,5418.97021484375
2020-11-11,85.4000015258789,80.30000305175781,32.9900016784668,74.4000015258789,87.0999984741211,5445.2099609375
2020-11-12,83.5999984741211,79.81999969482422,32.68000030517578,74.04000091552734,87.0999984741211,5362.56982421875
2020-11-13,85.73999786376953,81.41999816894531,33.349998474121094,75.13999938964844,89.05000305175781,5380.16015625
2020-11-16,86.86000061035156,82.95999908447266,33.83000183105469,79.26000213623047,92.0999984741211,5471.47998046875
2020-11-17,87.22000122070312,83.76000213623047,34.47999954223633,80.08000183105469,92.6500015258789,5483.0
2020-11-18,87.23999786376953,83.73999786376953,33.84000015258789,78.81999969482422,91.0,5511.4501953125
2020-11-19,86.80000305175781,82.83999633789062,33.58000183105469,78.69999694824219,90.94999694824219,5474.66015625
2020-11-20,85.95999908447266,82.12000274658203,33.15999984741211,80.0999984741211,92.0,5495.89013671875
2020-11-23,86.55999755859375,83.5999984741211,33.38999938964844,79.5999984741211,92.6500015258789,5492.14990234375
2020-11-24,89.0,86.4000015258789,34.189998626708984,80.86000061035156,93.0,5558.419921875
2020-11-25,88.23999786376953,84.5,33.599998474121094,80.9800033569336,91.69999694824219,5571.2900390625
2020-11-26,88.0,83.77999877929688,33.47999954223633,79.69999694824219,89.3499984741211,5566.7900390625
2020-11-27,87.9800033569336,84.18000030517578,33.779998779296875,79.86000061035156,89.5,5598.18017578125
2020-11-30,85.5,82.13999938964844,33.380001068115234,77.05999755859375,86.5,5518.5498046875
2020-12-01,88.12000274658203,83.5199966430664,34.2599983215332,77.68000030517578,90.4000015258789,5581.64013671875
2020-12-02,88.4000015258789,83.36000061035156,34.79999923706055,78.0199966430664,90.0999984741211,5583.009765625
2020-12-03,88.0199966430664,82.80000305175781,34.939998626708984,79.95999908447266,90.3499984741211,5574.35986328125
2020-12-04,88.4800033569336,84.36000061035156,35.5,81.22000122070312,94.5999984741211,5609.14990234375
2020-12-07,86.86000061035156,83.77999877929688,34.7400016784668,80.19999694824219,92.5,5573.3798828125
2020-12-08,85.91999816894531,82.45999908447266,34.650001525878906,79.0999984741211,91.9000015258789,5560.669921875
2020-12-09,85.5,81.27999877929688,34.65999984741211,78.05999755859375,90.05000305175781,5546.81982421875
2020-12-10,85.76000213623047,81.19999694824219,34.16999816894531,77.0999984741211,90.0,5549.64990234375
2020-12-11,84.58000183105469,80.5199966430664,33.779998779296875,77.16000366210938,89.8499984741211,5507.5498046875
2020-12-14,84.95999908447266,80.27999877929688,33.849998474121094,76.63999938964844,89.6500015258789,5527.83984375
2020-12-15,85.45999908447266,80.83999633789062,34.36000061035156,76.87999725341797,90.6500015258789,5530.31005859375
2020-12-16,84.86000061035156,80.16000366210938,34.15999984741211,76.0,90.25,5547.68017578125
2020-12-17,85.23999786376953,80.27999877929688,34.0,75.5,90.80000305175781,5549.4599609375
2020-12-18,83.94000244140625,79.05999755859375,34.150001525878906,74.66000366210938,88.3499984741211,5527.83984375
2020-12-21,80.0,76.37999725341797,33.040000915527344,73.5,85.75,5393.33984375
2020-12-22,81.22000122070312,78.0,33.58000183105469,74.22000122070312,87.0,5466.85986328125
2020-12-23,82.91999816894531,78.95999908447266,34.09000015258789,75.94000244140625,89.5999984741211,5527.58984375
2020-12-24,82.36000061035156,78.5199966430664,33.970001220703125,75.37999725341797,88.3499984741211,5522.009765625
2020-12-28,83.83999633789062,79.63999938964844,34.400001525878906,75.68000030517578,89.55000305175781,5588.3798828125
2020-12-29,83.12000274658203,79.73999786376953,34.209999084472656,76.31999969482422,90.75,5611.7900390625
2020-12-30,83.0199966430664,79.5199966430664,33.959999084472656,75.44000244140625,89.5,5599.41015625
2020-12-31,81.36000061035156,79.04000091552734,33.650001525878906,74.9000015258789,89.69999694824219,5551.41015625
2021-01-04,82.72000122070312,78.18000030517578,34.02000045776367,75.18000030517578,88.5999984741211,5588.9599609375
2021-01-05,81.31999969482422,77.73999786376953,34.130001068115234,76.22000122070312,90.9000015258789,5564.60009765625
2021-01-06,84.44000244140625,80.18000030517578,35.290000915527344,75.44000244140625,90.80000305175781,5630.60009765625
2021-01-07,84.58000183105469,81.0,35.84000015258789,74.5999984741211,90.5999984741211,5669.85009765625
2021-01-08,85.66000366210938,81.5999984741211,35.650001525878906,75.27999877929688,88.6500015258789,5706.8798828125
2021-01-11,82.4800033569336,79.19999694824219,35.130001068115234,75.19999694824219,88.19999694824219,5662.43017578125
2021-01-12,83.08000183105469,79.4000015258789,34.9900016784668,74.81999969482422,88.94999694824219,5650.97021484375
2021-01-13,84.0199966430664,79.5,34.79999923706055,74.77999877929688,88.0,5662.669921875
2021-01-14,86.5199966430664,81.0,35.27000045776367,77.05999755859375,89.80000305175781,5681.14013671875
2021-01-15,84.72000122070312,80.0999984741211,34.52000045776367,76.44000244140625,90.25,5611.68994140625
2021-01-18,84.66000366210938,80.36000061035156,35.27000045776367,75.45999908447266,90.0,5617.27001953125
2021-01-19,84.83999633789062,80.68000030517578,35.09000015258789,75.5999984741211,90.5,5598.60986328125
2021-01-20,83.58000183105469,80.41999816894531,35.08000183105469,78.5,91.55000305175781,5628.43994140625
2021-01-21,81.5199966430664,77.86000061035156,34.5,76.58000183105469,88.0,5590.7900390625
2021-01-22,80.45999908447266,76.5,34.09000015258789,75.5,87.44999694824219,5559.56982421875
2021-01-25,78.72000122070312,74.76000213623047,32.7400016784668,73.19999694824219,86.0,5472.35986328125
2021-01-26,77.9800033569336,74.5,32.79999923706055,73.36000061035156,87.1500015258789,5523.52001953125
2021-01-27,76.83999633789062,73.76000213623047,32.459999084472656,74.27999877929688,87.0999984741211,5459.6201171875
2021-01-28,78.68000030517578,76.22000122070312,33.29999923706055,73.9800033569336,87.0,5510.52001953125
2021-01-29,76.58000183105469,74.94000244140625,32.41999816894531,74.18000030517578,86.25,5399.2099609375
2021-02-01,77.91999816894531,77.4000015258789,33.06999969482422,74.5999984741211,86.5999984741211,5461.68017578125
2021-02-02,80.16000366210938,79.05999755859375,33.560001373291016,76.83999633789062,90.0,5563.10986328125
2021-02-03,80.04000091552734,79.0999984741211,33.43000030517578,76.45999908447266,88.8499984741211,5563.0498046875
2021-02-04,81.30000305175781,80.45999908447266,33.38999938964844,78.12000274658203,90.0,5608.5400390625
2021-02-05,86.0,82.9000015258789,33.810001373291016,77.68000030517578,89.75,5659.259765625
2021-02-08,86.86000061035156,83.69999694824219,33.88999938964844,77.30000305175781,90.3499984741211,5686.02978515625
2021-02-09,85.9000015258789,83.12000274658203,33.5,78.12000274658203,90.75,5691.5400390625
2021-02-10,85.55999755859375,82.5999984741211,33.400001525878906,77.69999694824219,90.75,5670.7998046875
2021-02-11,86.66000366210938,82.4000015258789,33.40999984741211,78.16000366210938,91.69999694824219,5669.81982421875
2021-02-12,85.66000366210938,81.5199966430664,33.54999923706055,77.9000015258789,91.80000305175781,5703.669921875
2021-02-15,86.08000183105469,82.54000091552734,34.27000045776367,77.83999633789062,93.30000305175781,5786.25
2021-02-16,86.12000274658203,82.22000122070312,34.029998779296875,76.94000244140625,92.55000305175781,5786.52978515625
2021-02-17,85.23999786376953,81.77999877929688,34.459999084472656,77.63999938964844,91.80000305175781,5765.83984375
2021-02-18,85.0199966430664,81.63999938964844,33.83000183105469,76.18000030517578,89.44999694824219,5728.330078125
2021-02-19,85.0199966430664,82.4000015258789,33.38999938964844,76.73999786376953,89.9000015258789,5773.5498046875
2021-02-22,85.54000091552734,83.76000213623047,33.189998626708984,78.0999984741211,90.44999694824219,5767.43994140625
2021-02-23,87.62000274658203,85.72000122070312,33.75,79.45999908447266,91.94999694824219,5779.83984375
2021-02-24,87.9000015258789,86.5,34.4900016784668,80.33999633789062,92.0,5797.97998046875
2021-02-25,87.91999816894531,87.18000030517578,34.2599983215332,79.23999786376953,90.9000015258789,5783.89013671875
2021-02-26,86.04000091552734,85.16000366210938,33.560001373291016,78.44000244140625,89.30000305175781,5703.22021484375
2021-03-01,88.19999694824219,87.0,34.029998779296875,81.08000183105469,92.55000305175781,5792.7900390625
2021-03-02,87.95999908447266,86.54000091552734,33.720001220703125,80.27999877929688,91.9000015258789,5809.72998046875
2021-03-03,87.81999969482422,86.45999908447266,34.310001373291016,81.62000274658203,94.55000305175781,5830.06005859375
2021-03-04,88.86000061035156,87.63999938964844,34.61000061035156,82.9800033569336,94.69999694824219,5830.64990234375
2021-03-05,86.5199966430664,86.08000183105469,34.470001220703125,79.4800033569336,91.8499984741211,5782.64990234375
2021-03-08,88.5,87.73999786376953,35.25,81.18000030517578,92.44999694824219,5902.990234375
2021-03-09,89.44000244140625,89.33999633789062,34.77000045776367,81.33999633789062,93.1500015258789,5924.97021484375
2021-03-10,89.4000015258789,89.95999908447266,35.08000183105469,82.80000305175781,95.30000305175781,5990.5498046875
2021-03-11,89.37999725341797,88.76000213623047,35.0,83.04000091552734,94.44999694824219,6033.759765625
2021-03-12,91.13999938964844,89.80000305175781,35.43000030517578,84.0,94.44999694824219,6046.5498046875
2021-03-15,91.19999694824219,90.5199966430664,34.939998626708984,84.37999725341797,94.8499984741211,6035.97021484375
2021-03-16,91.54000091552734,89.80000305175781,34.4900016784668,85.12000274658203,95.8499984741211,6055.43017578125
2021-03-17,91.5199966430664,90.0,34.27000045776367,84.76000213623047,96.19999694824219,6054.81982421875
2021-03-18,91.04000091552734,89.08000183105469,35.18000030517578,83.86000061035156,95.94999694824219,6062.7900390625
2021-03-19,88.69999694824219,87.45999908447266,34.790000915527344,81.9800033569336,94.8499984741211,5997.9599609375
2021-03-22,87.04000091552734,86.18000030517578,34.25,82.0,94.5,5968.47998046875
2021-03-23,86.12000274658203,85.05999755859375,33.90999984741211,82.12000274658203,93.0,5945.2998046875
2021-03-24,87.91999816894531,86.63999938964844,33.849998474121094,82.5199966430664,93.05000305175781,5947.2900390625
2021-03-25,87.5199966430664,86.44000244140625,33.779998779296875,82.66000366210938,92.30000305175781,5952.41015625
2021-03-26,87.23999786376953,86.54000091552734,33.880001068115234,82.91999816894531,93.75,5988.81005859375
2021-03-29,87.87999725341797,86.5999984741211,34.029998779296875,83.5199966430664,93.4000015258789,6015.509765625
2021-03-30,88.4000015258789,86.94000244140625,34.439998626708984,85.19999694824219,94.25,6088.0400390625
2021-03-31,87.36000061035156,85.36000061035156,34.189998626708984,84.72000122070312,94.9000015258789,6067.22998046875
2021-04-01,89.91999816894531,87.69999694824219,34.16999816894531,87.27999877929688,96.25,6102.9599609375
2021-04-06,89.31999969482422,86.81999969482422,34.66999816894531,87.23999786376953,97.3499984741211,6131.33984375
2021-04-07,89.13999938964844,87.0,34.47999954223633,87.04000091552734,97.44999694824219,6130.66015625
2021-04-08,90.69999694824219,89.0,34.5,87.0199966430664,97.94999694824219,6165.72021484375
2021-04-09,90.25,88.27999877929688,34.58000183105469,85.95999908447266,97.1500015258789,6169.41015625
2021-04-12,90.66999816894531,87.83999633789062,34.369998931884766,85.55999755859375,95.9000015258789,6161.68017578125
2021-04-13,90.87999725341797,88.08000183105469,34.560001373291016,85.77999877929688,95.75,6184.10009765625
2021-04-14,90.58999633789062,88.05999755859375,34.31999969482422,86.77999877929688,97.0999984741211,6208.580078125
2021-04-15,89.81999969482422,87.37999725341797,34.41999816894531,86.30000305175781,96.44999694824219,6234.14013671875
2021-04-16,90.6500015258789,87.66000366210938,34.810001373291016,86.05999755859375,96.5999984741211,6287.06982421875
2021-04-19,92.08000183105469,89.08000183105469,35.150001525878906,86.4000015258789,96.44999694824219,6296.68994140625
2021-04-20,87.94999694824219,87.04000091552734,34.34000015258789,84.45999908447266,92.44999694824219,6165.10986328125
2021-04-21,87.41999816894531,86.9800033569336,34.540000915527344,84.37999725341797,91.3499984741211,6210.5498046875
2021-04-22,86.95999908447266,87.0199966430664,34.380001068115234,86.05999755859375,90.3499984741211,6267.27978515625
2021-04-23,87.47000122070312,87.62000274658203,34.56999969482422,86.13999938964844,91.0,6257.93994140625
2021-04-26,89.30000305175781,89.0199966430664,35.27000045776367,85.76000213623047,92.5,6275.52001953125
2021-04-27,89.88999938964844,89.63999938964844,35.25,85.37999725341797,90.75,6273.759765625
2021-04-28,90.12999725341797,90.36000061035156,35.41999816894531,84.9800033569336,90.1500015258789,6306.97998046875
2021-04-29,90.73999786376953,90.30000305175781,35.34000015258789,84.5199966430664,89.4000015258789,6302.56982421875
2021-04-30,91.4000015258789,91.12000274658203,35.63999938964844,84.77999877929688,90.5999984741211,6269.47998046875
2021-05-03,92.33999633789062,92.12000274658203,35.97999954223633,84.76000213623047,91.05000305175781,6307.89990234375
2021-05-04,93.66999816894531,92.80000305175781,34.220001220703125,84.86000061035156,94.19999694824219,6251.75
2021-05-05,94.37999725341797,93.45999908447266,34.689998626708984,84.91999816894531,95.4000015258789,6339.47021484375
2021-05-06,95.08000183105469,93.80000305175781,35.11000061035156,86.66000366210938,97.0999984741211,6357.08984375
2021-05-07,95.69000244140625,94.33999633789062,35.06999969482422,86.04000091552734,96.6500015258789,6385.509765625
2021-05-10,94.80000305175781,95.13999938964844,35.40999984741211,86.4000015258789,97.5,6385.990234375
2021-05-11,92.73999786376953,94.12000274658203,34.79999923706055,85.4000015258789,96.9000015258789,6267.39013671875
2021-05-12,94.16999816894531,93.69999694824219,35.0,84.66000366210938,96.44999694824219,6279.35009765625
2021-05-13,93.44000244140625,91.95999908447266,34.279998779296875,84.5999984741211,96.0,6288.330078125
2021-05-14,95.41000366210938,94.54000091552734,34.56999969482422,86.31999969482422,97.44999694824219,6385.14013671875
2021-05-17,93.68000030517578,90.41999816894531,34.290000915527344,85.22000122070312,97.55000305175781,6367.35009765625
2021-05-18,93.3499984741211,90.13999938964844,33.81999969482422,83.5999984741211,96.94999694824219,6353.669921875
2021-05-19,91.83000183105469,88.72000122070312,32.7400016784668,82.13999938964844,95.69999694824219,6262.5498046875
2021-05-20,92.83999633789062,89.80000305175781,32.84000015258789,82.41999816894531,95.55000305175781,6343.580078125
2021-05-21,93.41999816894531,90.33999633789062,33.20000076293945,82.94000244140625,96.80000305175781,6386.41015625
2021-05-24,93.83000183105469,91.04000091552734,33.400001525878906,83.41999816894531,97.8499984741211,6408.490234375
2021-05-25,93.30000305175781,90.54000091552734,33.18000030517578,83.12000274658203,98.5999984741211,6390.27001953125
2021-05-26,93.66999816894531,90.83999633789062,33.2599983215332,82.87999725341797,97.69999694824219,6391.60009765625
2021-05-27,93.73999786376953,90.69999694824219,33.43000030517578,84.08000183105469,101.69999694824219,6435.7099609375
2021-05-28,93.4000015258789,90.58000183105469,33.38999938964844,84.22000122070312,103.0999984741211,6484.10986328125
2021-05-31,92.91999816894531,90.33999633789062,33.380001068115234,83.86000061035156,102.69999694824219,6447.169921875
2021-06-01,93.95999908447266,91.80000305175781,33.70000076293945,84.18000030517578,103.80000305175781,6489.39990234375
2021-06-02,93.87000274658203,91.54000091552734,33.810001373291016,84.4000015258789,103.5,6521.52001953125
2021-06-03,93.44999694824219,90.86000061035156,33.56999969482422,84.5199966430664,101.80000305175781,6507.919921875
2021-06-04,93.44999694824219,90.27999877929688,33.400001525878906,84.5,100.4000015258789,6515.66015625
2021-06-07,93.91000366210938,91.26000213623047,33.86000061035156,85.68000030517578,102.19999694824219,6543.56005859375
2021-06-08,94.16999816894531,91.33999633789062,34.150001525878906,85.94000244140625,101.69999694824219,6551.009765625
2021-06-09,95.63999938964844,90.86000061035156,33.95000076293945,86.18000030517578,101.9000015258789,6563.4501953125
2021-06-10,94.0999984741211,89.26000213623047,33.20000076293945,85.95999908447266,103.5999984741211,6546.490234375
2021-06-11,95.01000213623047,90.19999694824219,33.630001068115234,86.04000091552734,103.19999694824219,6600.66015625
2021-06-14,96.01000213623047,90.94000244140625,33.4900016784668,86.0999984741211,102.4000015258789,6616.35009765625
2021-06-15,95.7300033569336,91.22000122070312,33.58000183105469,86.13999938964844,101.69999694824219,6639.52001953125
2021-06-16,95.80999755859375,91.26000213623047,33.560001373291016,86.08000183105469,102.69999694824219,6652.64990234375
2021-06-17,96.23999786376953,91.45999908447266,33.790000915527344,86.91999816894531,102.19999694824219,6666.259765625
2021-06-18,94.12999725341797,88.72000122070312,32.88999938964844,85.80000305175781,102.0999984741211,6569.16015625
2021-06-21,94.0199966430664,88.4000015258789,32.86000061035156,85.31999969482422,102.0999984741211,6602.5400390625
2021-06-22,94.29000091552734,88.44000244140625,32.59000015258789,85.68000030517578,102.0,6611.5
2021-06-23,92.75,87.05999755859375,31.940000534057617,84.9000015258789,101.30000305175781,6551.06982421875
2021-06-24,93.91000366210938,87.95999908447266,32.04999923706055,85.86000061035156,102.69999694824219,6631.14990234375
2021-06-25,93.26000213623047,87.0199966430664,31.84000015258789,85.94000244140625,104.19999694824219,6622.8701171875
2021-06-28,90.7699966430664,85.5,31.3700008392334,84.13999938964844,101.80000305175781,6558.02001953125
2021-06-29,90.52999877929688,85.26000213623047,31.31999969482422,85.68000030517578,101.80000305175781,6567.43017578125
2021-06-30,89.98999786376953,85.80000305175781,31.190000534057617,86.04000091552734,99.19999694824219,6507.830078125
2021-07-01,91.33999633789062,87.22000122070312,31.639999389648438,86.69999694824219,100.0999984741211,6553.81982421875
2021-07-02,91.58000183105469,87.12000274658203,31.540000915527344,87.04000091552734,101.0999984741211,6552.85986328125
2021-07-05,91.86000061035156,87.5,31.56999969482422,87.4800033569336,100.30000305175781,6567.5400390625
2021-07-06,91.56999969482422,86.5199966430664,31.190000534057617,88.27999877929688,98.5999984741211,6507.47998046875
2021-07-07,91.80000305175781,86.80000305175781,31.030000686645508,88.26000213623047,98.5999984741211,6527.72021484375
2021-07-08,90.5,85.76000213623047,30.950000762939453,88.0,97.8499984741211,6396.72998046875
2021-07-09,91.73999786376953,86.9000015258789,31.760000228881836,89.81999969482422,98.80000305175781,6529.419921875
2021-07-12,92.30999755859375,87.22000122070312,31.8700008392334,89.0,97.69999694824219,6559.25
2021-07-13,91.41000366210938,87.5999984741211,32.189998626708984,88.68000030517578,96.0999984741211,6558.47021484375
2021-07-14,90.02999877929688,86.5,31.799999237060547,88.19999694824219,95.44999694824219,6558.3798828125
2021-07-15,88.58000183105469,85.0199966430664,31.700000762939453,87.31999969482422,94.94999694824219,6493.35986328125
2021-07-16,89.19000244140625,85.37999725341797,31.969999313354492,87.58000183105469,95.94999694824219,6460.080078125
2021-07-19,85.68000030517578,82.4000015258789,31.219999313354492,84.5999984741211,92.05000305175781,6295.97021484375
2021-07-20,86.05999755859375,82.4800033569336,31.350000381469727,85.80000305175781,94.0999984741211,6346.85009765625
2021-07-21,87.87000274658203,84.55999755859375,31.969999313354492,88.31999969482422,96.75,6464.47998046875
2021-07-22,88.41000366210938,84.91999816894531,31.90999984741211,88.83999633789062,96.9000015258789,6481.58984375
2021-07-23,90.1500015258789,85.91999816894531,32.400001525878906,89.4800033569336,101.30000305175781,6568.81982421875
2021-07-26,90.01000213623047,86.45999908447266,32.43000030517578,90.37999725341797,102.0,6578.60009765625
2021-07-27,89.01000213623047,86.08000183105469,32.439998626708984,90.13999938964844,100.69999694824219,6531.919921875
2021-07-28,90.20999908447266,86.9000015258789,32.709999084472656,91.5999984741211,103.69999694824219,6609.31005859375
2021-07-29,90.51000213623047,87.27999877929688,32.720001220703125,90.76000213623047,101.5999984741211,6633.77001953125
2021-07-30,89.20999908447266,85.94000244140625,32.4900016784668,88.5,100.4000015258789,6612.759765625
2021-08-02,89.7699966430664,86.37999725341797,32.7400016784668,89.0,101.4000015258789,6675.89990234375
2021-08-03,89.55000305175781,85.5,32.790000915527344,87.63999938964844,99.8499984741211,6723.81005859375
2021-08-04,89.44000244140625,85.5999984741211,32.93000030517578,87.80000305175781,100.30000305175781,6746.22998046875
2021-08-05,90.36000061035156,86.87999725341797,33.209999084472656,88.9800033569336,101.69999694824219,6781.18994140625
2021-08-06,90.45999908447266,87.5,33.38999938964844,88.37999725341797,101.69999694824219,6816.9599609375
2021-08-09,89.55000305175781,86.08000183105469,33.45000076293945,87.69999694824219,100.4000015258789,6813.18017578125
2021-08-10,89.5199966430664,86.04000091552734,33.29999923706055,87.91999816894531,100.19999694824219,6820.2099609375
2021-08-11,90.91000366210938,87.0999984741211,33.619998931884766,88.05999755859375,101.0,6857.990234375
2021-08-12,91.36000061035156,87.5199966430664,33.81999969482422,87.5999984741211,99.80000305175781,6882.47021484375
2021-08-13,91.45999908447266,87.37999725341797,34.97999954223633,87.27999877929688,99.44999694824219,6896.0400390625
2021-08-16,91.16999816894531,86.31999969482422,34.83000183105469,87.26000213623047,98.5999984741211,6838.77001953125
2021-08-17,90.44999694824219,85.72000122070312,34.81999969482422,86.44000244140625,97.19999694824219,6819.83984375
2021-08-18,91.7300033569336,86.05999755859375,35.22999954223633,86.36000061035156,97.0,6770.10986328125
2021-08-19,90.61000061035156,84.76000213623047,35.119998931884766,84.31999969482422,94.5,6605.89013671875
2021-08-20,90.2699966430664,85.36000061035156,35.189998626708984,83.9000015258789,95.5999984741211,6626.10986328125
2021-08-23,90.73999786376953,85.76000213623047,35.43000030517578,84.18000030517578,96.1500015258789,6683.10009765625
2021-08-24,90.77999877929688,86.30000305175781,35.5,84.44000244140625,96.0,6664.31005859375
2021-08-25,91.2699966430664,85.72000122070312,35.869998931884766,84.83999633789062,95.6500015258789,6676.47998046875
2021-08-26,90.95999908447266,87.45999908447266,36.279998779296875,85.19999694824219,95.6500015258789,6666.02978515625
2021-08-27,90.88999938964844,87.62000274658203,35.349998474121094,86.08000183105469,96.5999984741211,6681.919921875
2021-08-30,90.45999908447266,88.23999786376953,35.459999084472656,85.66000366210938,96.55000305175781,6687.2998046875
2021-08-31,90.88999938964844,88.0199966430664,35.43000030517578,85.94000244140625,95.5,6680.18017578125
2021-09-01,93.75,91.12000274658203,36.150001525878906,86.87999725341797,96.8499984741211,6758.68994140625
2021-09-02,92.9800033569336,91.5199966430664,36.0,86.22000122070312,96.80000305175781,6763.080078125
2021-09-03,91.13999938964844,91.18000030517578,35.88999938964844,85.81999969482422,94.30000305175781,6689.990234375
2021-09-06,90.9800033569336,89.63999938964844,35.86000061035156,86.0,95.0,6743.5
2021-09-07,90.80000305175781,89.26000213623047,36.099998474121094,84.04000091552734,92.8499984741211,6726.06982421875
2021-09-08,91.86000061035156,90.58000183105469,36.43000030517578,83.41999816894531,92.25,6668.89013671875
2021-09-09,90.0,89.45999908447266,36.29999923706055,84.0999984741211,92.80000305175781,6684.72021484375
2021-09-10,87.93000030517578,87.12000274658203,35.90999984741211,83.12000274658203,91.1500015258789,6663.77001953125
2021-09-13,88.97000122070312,88.0,36.11000061035156,84.30000305175781,92.3499984741211,6676.93017578125
2021-09-14,88.81999969482422,87.87999725341797,36.040000915527344,83.16000366210938,91.8499984741211,6652.97021484375
2021-09-15,87.12000274658203,85.9000015258789,35.970001220703125,81.87999725341797,91.94999694824219,6583.6201171875
2021-09-16,88.12999725341797,86.41999816894531,36.029998779296875,81.58000183105469,90.69999694824219,6622.58984375
2021-09-17,86.16000366210938,85.18000030517578,35.810001373291016,80.73999786376953,91.6500015258789,6570.18994140625
2021-09-20,86.80000305175781,84.41999816894531,35.45000076293945,81.27999877929688,91.75,6455.81005859375
2021-09-21,88.16000366210938,85.58000183105469,35.52000045776367,81.5,92.44999694824219,6552.72998046875
2021-09-22,89.1500015258789,87.18000030517578,36.08000183105469,82.26000213623047,92.69999694824219,6637.0
2021-09-23,89.3499984741211,86.55999755859375,36.06999969482422,82.94000244140625,94.44999694824219,6701.97998046875
2021-09-24,89.26000213623047,87.4800033569336,35.83000183105469,83.33999633789062,93.44999694824219,6638.4599609375
2021-09-27,92.58999633789062,89.63999938964844,36.18000030517578,85.5199966430664,94.55000305175781,6650.91015625
2021-09-28,89.9000015258789,87.45999908447266,36.150001525878906,84.0199966430664,92.44999694824219,6506.5
2021-09-29,90.62000274658203,87.9800033569336,36.38999938964844,84.44000244140625,94.69999694824219,6560.7998046875
2021-09-30,90.1500015258789,87.68000030517578,35.900001525878906,84.16000366210938,97.4000015258789,6520.009765625
2021-10-01,90.8499984741211,87.73999786376953,35.560001373291016,85.0,93.75,6517.68994140625
2021-10-04,91.05000305175781,87.66000366210938,35.099998474121094,84.58000183105469,93.5,6477.66015625
2021-10-05,91.19999694824219,87.77999877929688,35.06999969482422,84.45999908447266,94.19999694824219,6576.27978515625
2021-10-06,89.30000305175781,86.04000091552734,34.90999984741211,83.04000091552734,90.8499984741211,6493.1201171875
2021-10-07,91.02999877929688,87.33999633789062,35.52000045776367,83.95999908447266,92.25,6600.18994140625
2021-10-08,90.37000274658203,87.18000030517578,35.38999938964844,84.62000274658203,92.3499984741211,6559.990234375
2021-10-11,90.7300033569336,87.18000030517578,34.869998931884766,85.0,94.1500015258789,6570.5400390625
2021-10-12,89.55000305175781,86.26000213623047,34.310001373291016,83.63999938964844,93.3499984741211,6548.10986328125
2021-10-13,89.16000366210938,85.81999969482422,33.81999969482422,82.33999633789062,93.05000305175781,6597.3798828125
2021-10-14,89.45999908447266,86.5199966430664,33.560001373291016,83.58000183105469,93.1500015258789,6685.2099609375
2021-10-15,90.58999633789062,87.26000213623047,33.88999938964844,83.33999633789062,93.75,6727.52001953125
2021-10-18,89.91999816894531,86.87999725341797,33.880001068115234,82.55999755859375,92.30000305175781,6673.10009765625
2021-10-19,90.69000244140625,87.54000091552734,34.119998931884766,81.26000213623047,91.5,6669.85009765625
2021-10-20,91.47000122070312,87.95999908447266,34.400001525878906,81.36000061035156,91.6500015258789,6705.60986328125
2021-10-21,91.26000213623047,87.87999725341797,34.36000061035156,81.73999786376953,91.6500015258789,6686.169921875
2021-10-22,90.7699966430664,88.33999633789062,34.400001525878906,81.5,91.0,6733.68994140625
2021-10-25,89.94999694824219,87.81999969482422,34.310001373291016,81.31999969482422,89.69999694824219,6712.8701171875
2021-10-26,91.6500015258789,89.05999755859375,34.66999816894531,81.33999633789062,90.3499984741211,6766.509765625
2021-10-27,91.69000244140625,89.0199966430664,34.45000076293945,80.9800033569336,90.0,6753.52001953125
2021-10-28,91.66999816894531,88.95999908447266,34.599998474121094,80.5199966430664,90.5,6804.22021484375
2021-10-29,92.37000274658203,88.95999908447266,35.0,79.66000366210938,90.25,6830.33984375
2021-11-01,93.91000366210938,91.22000122070312,35.380001068115234,79.91999816894531,90.75,6893.2900390625
2021-11-02,93.9000015258789,90.86000061035156,35.2599983215332,80.68000030517578,92.0,6927.02978515625
2021-11-03,93.0,90.30000305175781,35.150001525878906,81.22000122070312,92.55000305175781,6950.64990234375
2021-11-04,93.2699966430664,90.91999816894531,35.189998626708984,82.54000091552734,93.6500015258789,6987.7900390625
2021-11-05,95.55999755859375,92.63999938964844,35.59000015258789,84.12000274658203,96.25,7040.7900390625
2021-11-08,94.8499984741211,92.13999938964844,33.52000045776367,83.0,95.55000305175781,7047.47998046875
2021-11-09,94.44000244140625,92.16000366210938,33.380001068115234,83.5999984741211,95.55000305175781,7043.27001953125
2021-11-10,95.19999694824219,91.81999969482422,33.02000045776367,83.37999725341797,95.8499984741211,7045.16015625
2021-11-11,93.9000015258789,91.0199966430664,32.79999923706055,82.16000366210938,93.6500015258789,7059.5498046875
2021-11-12,93.75,90.76000213623047,32.650001525878906,81.30000305175781,92.6500015258789,7091.39990234375
2021-11-15,94.62999725341797,91.23999786376953,33.029998779296875,81.77999877929688,92.9000015258789,7128.6298828125
2021-11-16,93.7699966430664,90.19999694824219,32.61000061035156,81.05999755859375,92.05000305175781,7152.60009765625
2021-11-17,92.87999725341797,88.80000305175781,32.150001525878906,79.80000305175781,91.19999694824219,7156.85009765625
2021-11-18,91.30000305175781,87.68000030517578,31.5,80.4000015258789,92.0,7141.97998046875
2021-11-19,88.6500015258789,85.12000274658203,30.959999084472656,78.23999786376953,89.05000305175781,7112.2900390625
2021-11-22,89.52999877929688,85.23999786376953,31.149999618530273,77.77999877929688,88.4000015258789,7105.0
2021-11-23,90.58000183105469,86.16000366210938,31.06999969482422,78.5199966430664,88.69999694824219,7044.6201171875
2021-11-24,91.5999984741211,86.9800033569336,31.06999969482422,78.58000183105469,88.5999984741211,7042.22998046875
2021-11-25,91.7699966430664,87.4800033569336,31.219999313354492,78.54000091552734,89.5999984741211,7075.8701171875
2021-11-26,84.0199966430664,81.76000213623047,30.040000915527344,74.45999908447266,84.69999694824219,6739.72998046875
2021-11-29,84.16000366210938,82.31999969482422,29.90999984741211,73.87999725341797,84.44999694824219,6776.25
2021-11-30,83.66000366210938,82.22000122070312,29.950000762939453,72.4800033569336,83.5999984741211,6721.16015625
2021-12-01,86.31999969482422,83.86000061035156,30.3799991607666,73.05999755859375,85.4000015258789,6881.8701171875
2021-12-02,86.73999786376953,84.55999755859375,30.139999389648438,72.4000015258789,84.1500015258789,6795.75
2021-12-03,85.31999969482422,83.76000213623047,29.979999542236328,73.23999786376953,89.5999984741211,6765.52001953125
2021-12-06,87.11000061035156,85.5199966430664,30.559999465942383,74.83999633789062,93.0,6865.77978515625
2021-12-07,88.19000244140625,85.94000244140625,30.690000534057617,74.68000030517578,93.25,7065.39013671875
2021-12-08,87.12999725341797,85.5199966430664,30.450000762939453,74.54000091552734,93.3499984741211,7014.56982421875
2021-12-09,86.29000091552734,84.72000122070312,30.280000686645508,73.83999633789062,92.5999984741211,7008.22998046875
2021-12-10,85.44000244140625,84.16000366210938,30.260000228881836,73.04000091552734,92.0,6991.68017578125
2021-12-13,84.7300033569336,83.4000015258789,29.889999389648438,71.72000122070312,89.3499984741211,6942.91015625
2021-12-14,84.76000213623047,83.87999725341797,29.8700008392334,71.77999877929688,88.8499984741211,6895.31005859375
2021-12-15,84.5999984741211,83.62000274658203,29.899999618530273,70.9000015258789,87.8499984741211,6927.6298828125
2021-12-16,86.4000015258789,85.0999984741211,30.350000381469727,71.94000244140625,89.6500015258789,7005.06982421875
2021-12-17,86.62000274658203,85.27999877929688,30.719999313354492,72.54000091552734,91.6500015258789,6926.6298828125
2021-12-20,85.75,85.44000244140625,30.229999542236328,71.62000274658203,90.55000305175781,6870.10009765625
2021-12-21,87.70999908447266,86.69999694824219,30.440000534057617,73.05999755859375,90.80000305175781,6964.990234375
2021-12-22,89.33999633789062,87.83999633789062,30.540000915527344,74.22000122070312,92.6500015258789,7051.669921875
2021-12-23,90.31999969482422,88.5,30.8799991607666,74.80000305175781,94.5,7106.14990234375
2021-12-24,89.80000305175781,88.54000091552734,31.0,74.4800033569336,94.44999694824219,7086.580078125
2021-12-27,91.27999877929688,90.16000366210938,31.0,75.05999755859375,94.19999694824219,7140.39013671875
2021-12-28,91.4000015258789,90.19999694824219,31.059999465942383,75.54000091552734,94.5999984741211,7181.10986328125
2021-12-29,91.69999694824219,90.31999969482422,31.31999969482422,75.18000030517578,94.30000305175781,7161.52001953125
2021-12-30,91.9800033569336,90.0999984741211,31.329999923706055,75.30000305175781,94.5999984741211,7173.22998046875
2021-12-31,92.91000366210938,90.45999908447266,31.489999771118164,74.80000305175781,95.0,7153.02978515625
2022-01-03,92.68000030517578,91.13999938964844,31.40999984741211,75.73999786376953,96.55000305175781,7217.22021484375
2022-01-04,94.7300033569336,92.4800033569336,32.029998779296875,77.4000015258789,100.30000305175781,7317.41015625
2022-01-05,94.45999908447266,92.12000274658203,32.20000076293945,77.05999755859375,101.0,7376.3701171875
2022-01-06,94.26000213623047,92.22000122070312,32.119998931884766,77.26000213623047,104.0999984741211,7249.66015625
2022-01-07,94.05000305175781,91.18000030517578,32.2400016784668,77.5199966430664,103.30000305175781,7219.47998046875
2022-01-10,94.36000061035156,91.66000366210938,32.29999923706055,78.77999877929688,104.0,7115.77001953125
2022-01-11,95.0,92.33999633789062,32.29999923706055,78.5999984741211,103.5,7183.3798828125
2022-01-12,95.19999694824219,92.68000030517578,32.43000030517578,78.31999969482422,102.4000015258789,7237.18994140625
2022-01-13,97.47000122070312,94.0999984741211,32.75,78.68000030517578,102.5999984741211,7201.14013671875
2022-01-14,98.47000122070312,94.68000030517578,32.68000030517578,80.5999984741211,104.5999984741211,7143.0
2022-01-17,97.93000030517578,94.5,32.650001525878906,81.81999969482422,104.4000015258789,7201.64013671875
2022-01-18,98.13999938964844,94.5199966430664,32.81999969482422,83.27999877929688,104.9000015258789,7133.830078125
2022-01-19,98.19000244140625,94.72000122070312,32.599998474121094,83.4000015258789,103.19999694824219,7172.97998046875
2022-01-20,98.87000274658203,95.0999984741211,32.25,83.44000244140625,103.69999694824219,7194.16015625
2022-01-21,98.30000305175781,94.58000183105469,31.700000762939453,82.0999984741211,102.0999984741211,7068.58984375
2022-01-24,95.27999877929688,91.0,31.049999237060547,80.41999816894531,100.0,6787.7900390625
2022-01-25,95.55999755859375,91.44000244140625,31.040000915527344,81.26000213623047,102.19999694824219,6837.9599609375
2022-01-26,97.18000030517578,93.0199966430664,31.200000762939453,82.83999633789062,106.69999694824219,6981.9599609375
2022-01-27,97.56999969482422,93.9000015258789,31.290000915527344,82.37999725341797,105.69999694824219,7023.7998046875
2022-01-28,96.72000122070312,93.08000183105469,31.479999542236328,81.5999984741211,104.30000305175781,6965.8798828125
2022-01-31,96.66000366210938,92.76000213623047,31.190000534057617,81.44000244140625,104.69999694824219,6999.2001953125
2022-02-01,97.58000183105469,94.12000274658203,31.399999618530273,82.83999633789062,108.0,7099.490234375
2022-02-02,97.9800033569336,95.23999786376953,31.3700008392334,80.27999877929688,106.30000305175781,7115.27001953125
2022-02-03,97.56999969482422,94.9000015258789,31.459999084472656,80.0,106.19999694824219,7005.6298828125
2022-02-04,98.19000244140625,93.91999816894531,31.280000686645508,78.44000244140625,106.19999694824219,6951.3798828125
2022-02-07,98.9000015258789,94.18000030517578,31.459999084472656,79.23999786376953,106.69999694824219,7009.25
2022-02-08,101.36000061035156,96.69999694824219,31.93000030517578,80.62000274658203,109.0,7028.41015625
2022-02-09,103.0,98.62000274658203,32.47999954223633,82.0,110.0999984741211,7130.8798828125
2022-02-10,102.76000213623047,98.13999938964844,32.689998626708984,83.95999908447266,115.69999694824219,7101.5498046875
2022-02-11,102.22000122070312,98.08000183105469,32.47999954223633,84.13999938964844,116.4000015258789,7011.60009765625
2022-02-14,100.04000091552734,96.0,32.11000061035156,83.05999755859375,115.30000305175781,6852.2001953125
2022-02-15,101.58000183105469,97.5199966430664,32.369998931884766,84.23999786376953,118.4000015258789,6979.97021484375
2022-02-16,102.55999755859375,98.13999938964844,32.5099983215332,84.55999755859375,117.5999984741211,6964.97998046875
2022-02-17,102.18000030517578,97.94000244140625,32.43000030517578,84.36000061035156,116.9000015258789,6946.81982421875
2022-02-18,100.9800033569336,96.77999877929688,32.70000076293945,84.44000244140625,115.0,6929.6298828125
2022-02-21,99.36000061035156,95.55999755859375,32.349998474121094,83.08000183105469,112.5999984741211,6788.33984375
2022-02-22,97.81999969482422,94.9800033569336,31.559999465942383,83.4800033569336,115.19999694824219,6787.60009765625
2022-02-23,96.80999755859375,93.33999633789062,31.799999237060547,84.26000213623047,114.69999694824219,6780.669921875
2022-02-24,93.0199966430664,88.83999633789062,31.100000381469727,88.36000061035156,119.5,6521.0498046875
2022-02-25,95.80000305175781,93.36000061035156,31.860000610351562,91.9800033569336,124.5,6752.43017578125
2022-02-28,94.5199966430664,91.31999969482422,32.02000045776367,102.9000015258789,134.3000030517578,6658.830078125
2022-03-01,91.4800033569336,87.9000015258789,31.260000228881836,108.19999694824219,131.0,6396.490234375
2022-03-02,93.06999969482422,89.72000122070312,31.540000915527344,102.9000015258789,130.0,6498.02001953125
2022-03-03,91.72000122070312,88.55999755859375,31.170000076293945,106.80000305175781,131.0,6378.3701171875
2022-03-04,86.2300033569336,85.13999938964844,30.09000015258789,107.6500015258789,130.0,6061.66015625
2022-03-07,82.05000305175781,81.31999969482422,29.75,114.80000305175781,131.10000610351562,5982.27001953125
2022-03-08,84.45999908447266,82.26000213623047,30.1299991607666,115.69999694824219,132.8000030517578,5962.9599609375
2022-03-09,90.7300033569336,89.30000305175781,31.600000381469727,110.80000305175781,125.4000015258789,6387.830078125
2022-03-10,87.8499984741211,87.4000015258789,31.239999771118164,111.8499984741211,130.0,6207.2001953125
2022-03-11,88.45999908447266,89.05999755859375,31.670000076293945,112.05000305175781,132.10000610351562,6260.25
2022-03-14,91.47000122070312,91.4800033569336,32.52000045776367,109.6500015258789,132.39999389648438,6369.93994140625
2022-03-15,91.31999969482422,91.4000015258789,32.9900016784668,111.44999694824219,133.6999969482422,6355.0
2022-03-16,93.13999938964844,92.81999969482422,33.029998779296875,110.1500015258789,129.60000610351562,6588.64013671875
2022-03-17,93.41000366210938,93.36000061035156,32.959999084472656,112.0,131.1999969482422,6612.52001953125
2022-03-18,92.58999633789062,93.33999633789062,32.720001220703125,112.30000305175781,129.0,6620.240234375
2022-03-21,92.30000305175781,92.12000274658203,32.599998474121094,115.05000305175781,134.1999969482422,6582.330078125
2022-03-22,93.5,93.91999816894531,33.119998931884766,115.6500015258789,136.1999969482422,6659.41015625
2022-03-23,91.91999816894531,92.26000213623047,32.66999816894531,116.0,136.10000610351562,6581.43017578125
2022-03-24,91.52999877929688,91.95999908447266,32.459999084472656,118.0,138.3000030517578,6555.77001953125
2022-03-25,91.73999786376953,92.26000213623047,32.599998474121094,120.30000305175781,143.1999969482422,6553.68017578125
2022-03-28,92.0999984741211,92.08000183105469,31.81999969482422,117.94999694824219,142.0,6589.10986328125
2022-03-29,95.3499984741211,94.73999786376953,32.189998626708984,112.05000305175781,141.5,6792.16015625
2022-03-30,93.7300033569336,93.26000213623047,31.979999542236328,114.25,142.8000030517578,6741.58984375
2022-03-31,92.98999786376953,93.23999786376953,31.6299991607666,113.94999694824219,143.6999969482422,6659.8701171875
2022-04-01,93.66000366210938,93.81999969482422,31.709999084472656,112.5999984741211,143.39999389648438,6684.31005859375
2022-04-04,92.1500015258789,92.16000366210938,31.440000534057617,116.0,146.10000610351562,6731.3701171875
2022-04-05,88.37999725341797,88.30000305175781,30.6299991607666,116.5999984741211,147.89999389648438,6645.509765625
2022-04-06,86.30999755859375,87.45999908447266,30.3700008392334,117.44999694824219,147.1999969482422,6498.830078125
2022-04-07,87.04000091552734,87.66000366210938,30.440000534057617,118.0,145.5,6461.68017578125
2022-04-08,88.16999816894531,88.5,30.799999237060547,119.94999694824219,146.0,6548.22021484375
2022-04-11,90.3499984741211,91.36000061035156,31.190000534057617,123.0,154.8000030517578,6555.81005859375
2022-04-12,90.91000366210938,91.80000305175781,31.020000457763672,125.05000305175781,156.0,6537.41015625
2022-04-13,90.29000091552734,92.69999694824219,30.780000686645508,125.80000305175781,157.0,6542.14013671875
2022-04-14,89.97000122070312,92.91999816894531,31.149999618530273,128.5,159.8000030517578,6589.35009765625
2022-04-19,89.23999786376953,92.91999816894531,31.479999542236328,129.0,159.3000030517578,6534.7900390625
2022-04-20,91.83000183105469,93.94000244140625,32.16999816894531,127.55000305175781,158.10000610351562,6624.91015625
2022-04-21,94.6500015258789,96.9800033569336,32.290000915527344,125.19999694824219,158.89999389648438,6715.10009765625
2022-04-22,92.9000015258789,94.45999908447266,32.099998474121094,124.5,158.0,6581.419921875
2022-04-25,94.0999984741211,94.58000183105469,32.56999969482422,123.44999694824219,157.3000030517578,6449.3798828125
2022-04-26,92.80000305175781,93.9000015258789,33.060001373291016,123.30000305175781,158.60000610351562,6414.56982421875
2022-04-27,92.1500015258789,93.31999969482422,32.72999954223633,122.9000015258789,157.6999969482422,6445.259765625
2022-04-28,92.95999908447266,94.86000061035156,33.0,121.69999694824219,159.1999969482422,6508.14013671875
2022-04-29,92.83999633789062,94.44000244140625,32.849998474121094,122.0,160.1999969482422,6533.77001953125
2022-05-02,91.06999969482422,92.55999755859375,32.2400016784668,120.80000305175781,159.6999969482422,6425.60986328125
2022-05-03,92.7300033569336,94.04000091552734,30.93000030517578,124.8499984741211,165.1999969482422,6476.18017578125
2022-05-04,91.31999969482422,93.5,31.020000457763672,122.80000305175781,160.39999389648438,6395.68017578125
2022-05-05,91.05999755859375,93.45999908447266,30.920000076293945,122.5,160.5,6368.39990234375
2022-05-06,90.38999938964844,93.27999877929688,30.739999771118164,121.05000305175781,159.0,6258.35986328125
2022-05-09,89.33999633789062,92.69999694824219,30.6299991607666,118.19999694824219,155.60000610351562,6086.02001953125
2022-05-10,88.86000061035156,90.91999816894531,30.899999618530273,116.80000305175781,154.10000610351562,6116.91015625
2022-05-11,91.0199966430664,92.41999816894531,31.229999542236328,117.69999694824219,155.89999389648438,6269.72998046875
2022-05-12,90.37999725341797,92.36000061035156,30.93000030517578,114.25,153.60000610351562,6206.259765625
2022-05-13,92.55000305175781,94.73999786376953,31.200000762939453,113.94999694824219,155.6999969482422,6362.68017578125
2022-05-16,92.55999755859375,91.72000122070312,31.690000534057617,116.05000305175781,156.10000610351562,6347.77001953125
2022-05-17,92.93000030517578,92.5,32.04999923706055,115.44999694824219,157.3000030517578,6430.18994140625
2022-05-18,92.41000366210938,92.37999725341797,32.02000045776367,114.55000305175781,157.39999389648438,6352.93994140625
2022-05-19,90.76000213623047,90.45999908447266,31.860000610351562,113.30000305175781,154.8000030517578,6272.7099609375
2022-05-20,90.95999908447266,90.73999786376953,31.799999237060547,113.80000305175781,154.60000610351562,6285.240234375
2022-05-23,89.86000061035156,92.12000274658203,32.029998779296875,115.69999694824219,152.60000610351562,6358.740234375
2022-05-24,88.80999755859375,91.58000183105469,32.150001525878906,116.05000305175781,152.0,6253.14013671875
2022-05-25,89.55000305175781,92.36000061035156,32.459999084472656,115.6500015258789,154.1999969482422,6298.64013671875
2022-05-26,92.08999633789062,94.37999725341797,32.7599983215332,117.44999694824219,157.10000610351562,6410.580078125
2022-05-27,92.7300033569336,94.62000274658203,32.7599983215332,117.6500015258789,158.0,6515.75
2022-05-30,91.69999694824219,93.55999755859375,32.380001068115234,116.4000015258789,158.3000030517578,6562.39013671875
2022-05-31,89.68000030517578,92.0999984741211,32.130001068115234,113.5999984741211,157.6999969482422,6468.7998046875
2022-06-01,89.30999755859375,90.9800033569336,31.90999984741211,114.3499984741211,160.5,6418.89013671875
2022-06-02,89.80999755859375,91.54000091552734,31.889999389648438,114.30000305175781,163.1999969482422,6500.43994140625
2022-06-03,90.13999938964844,91.9800033569336,31.979999542236328,114.25,163.5,6485.2998046875
2022-06-06,91.41999816894531,93.18000030517578,32.06999969482422,115.0,164.60000610351562,6548.77978515625
2022-06-07,90.69999694824219,93.83999633789062,31.969999313354492,115.69999694824219,165.39999389648438,6500.35009765625
2022-06-08,90.72000122070312,94.83999633789062,31.809999465942383,114.0999984741211,163.1999969482422,6448.6298828125
2022-06-09,90.80000305175781,94.0,31.579999923706055,113.1500015258789,160.0,6358.4599609375
2022-06-10,88.18000030517578,92.27999877929688,31.229999542236328,111.6500015258789,156.0,6187.22998046875
2022-06-13,86.0,89.5,30.65999984741211,114.0,155.60000610351562,6022.31982421875
2022-06-14,83.69000244140625,87.76000213623047,30.280000686645508,113.5,155.10000610351562,5949.83984375
2022-06-15,85.58000183105469,89.18000030517578,30.989999771118164,113.8499984741211,155.5,6030.1298828125
2022-06-16,84.76000213623047,87.45999908447266,30.809999465942383,112.44999694824219,152.89999389648438,5886.240234375
2022-06-17,85.01000213623047,88.62000274658203,31.1200008392334,112.19999694824219,152.6999969482422,5882.64990234375
2022-06-20,85.06999969482422,88.27999877929688,30.65999984741211,115.30000305175781,152.1999969482422,5920.08984375
2022-06-21,84.47000122070312,87.55999755859375,30.610000610351562,115.5,152.39999389648438,5964.66015625
2022-06-22,85.61000061035156,88.0199966430664,30.559999465942383,112.69999694824219,148.1999969482422,5916.6298828125
2022-06-23,85.19999694824219,86.33999633789062,30.079999923706055,111.5999984741211,143.5,5883.330078125
2022-06-24,87.75,88.95999908447266,30.84000015258789,113.55000305175781,147.0,6073.35009765625
2022-06-27,86.16999816894531,87.83999633789062,30.309999465942383,114.9000015258789,147.1999969482422,6047.31005859375
2022-06-28,87.66999816894531,89.33999633789062,30.649999618530273,116.8499984741211,151.3000030517578,6086.02001953125
2022-06-29,86.5199966430664,87.73999786376953,30.18000030517578,116.0,147.89999389648438,6031.47998046875
2022-06-30,84.95999908447266,85.87999725341797,29.360000610351562,117.05000305175781,148.89999389648438,5922.85986328125
2022-07-01,85.8499984741211,86.66000366210938,28.81999969482422,120.1500015258789,150.6999969482422,5931.06005859375
2022-07-04,86.4000015258789,87.36000061035156,28.639999389648438,118.19999694824219,149.1999969482422,5954.64990234375
2022-07-05,82.9000015258789,83.77999877929688,27.68000030517578,111.69999694824219,136.8000030517578,5794.9599609375
2022-07-06,84.66000366210938,84.83999633789062,27.649999618530273,115.94999694824219,138.3000030517578,5912.3798828125
2022-07-07,86.37000274658203,86.31999969482422,28.09000015258789,117.8499984741211,143.1999969482422,6006.7001953125
2022-07-08,88.18000030517578,88.12000274658203,28.579999923706055,119.9000015258789,146.3000030517578,6033.1298828125
2022-07-11,86.31999969482422,85.95999908447266,28.1299991607666,120.5999984741211,145.6999969482422,5996.2998046875
2022-07-12,87.62999725341797,86.81999969482422,28.31999969482422,123.30000305175781,149.39999389648438,6044.2001953125
2022-07-13,86.66000366210938,86.26000213623047,27.90999984741211,121.6500015258789,143.60000610351562,6000.240234375
2022-07-14,85.2300033569336,85.69999694824219,27.68000030517578,120.25,139.8000030517578,5915.41015625
2022-07-15,87.7699966430664,87.55999755859375,28.1299991607666,122.5999984741211,144.60000610351562,6036.0
2022-07-18,87.83000183105469,88.0999984741211,28.40999984741211,122.9000015258789,142.8000030517578,6091.91015625
2022-07-19,90.01000213623047,89.41999816894531,28.829999923706055,124.5,144.39999389648438,6201.22021484375
2022-07-20,88.91999816894531,87.72000122070312,28.719999313354492,122.19999694824219,141.8000030517578,6184.66015625
2022-07-21,89.0,86.94000244140625,28.59000015258789,121.69999694824219,139.3000030517578,6201.10986328125
2022-07-22,89.56999969482422,87.18000030517578,28.829999923706055,119.8499984741211,141.3000030517578,6216.81982421875
2022-07-25,90.05000305175781,87.91999816894531,29.170000076293945,118.44999694824219,140.0,6237.5498046875
2022-07-26,89.91999816894531,88.45999908447266,28.940000534057617,120.80000305175781,138.60000610351562,6211.4501953125
2022-07-27,89.8499984741211,88.66000366210938,28.8799991607666,121.94999694824219,139.10000610351562,6257.93994140625
2022-07-28,90.54000091552734,89.37999725341797,29.06999969482422,124.05000305175781,139.8000030517578,6339.2099609375
2022-07-29,93.37999725341797,91.45999908447266,29.5,121.3499984741211,139.5,6448.5
2022-08-01,91.75,90.0199966430664,29.280000686645508,125.0999984741211,143.89999389648438,6436.85986328125
2022-08-02,91.41999816894531,90.41999816894531,29.229999542236328,126.25,145.8000030517578,6409.7998046875
2022-08-03,92.44999694824219,92.0,29.350000381469727,124.9000015258789,145.0,6472.06005859375
2022-08-04,93.0999984741211,92.0,29.40999984741211,124.0,142.1999969482422,6513.39013671875
2022-08-05,91.9000015258789,90.5,29.489999771118164,123.5,143.6999969482422,6472.35009765625
2022-08-08,92.69999694824219,91.95999908447266,29.81999969482422,123.1500015258789,144.8000030517578,6524.43994140625
2022-08-09,93.19999694824219,91.9800033569336,30.190000534057617,124.44999694824219,146.1999969482422,6490.0
2022-08-10,93.48999786376953,92.36000061035156,30.389999389648438,122.80000305175781,144.3000030517578,6523.43994140625
2022-08-11,94.36000061035156,92.95999908447266,30.6200008392334,123.44999694824219,145.6999969482422,6544.669921875
2022-08-12,94.01000213623047,92.9000015258789,30.739999771118164,121.0,141.39999389648438,6553.85986328125
2022-08-15,94.4800033569336,93.05999755859375,30.600000381469727,121.44999694824219,143.5,6569.9501953125
2022-08-16,95.20999908447266,93.77999877929688,30.790000915527344,124.55000305175781,147.0,6592.580078125
2022-08-17,94.16999816894531,92.30000305175781,30.40999984741211,125.75,146.39999389648438,6528.31982421875
2022-08-18,94.30999755859375,92.69999694824219,30.59000015258789,124.6500015258789,148.1999969482422,6557.39990234375
2022-08-19,93.79000091552734,90.9800033569336,30.479999542236328,125.0999984741211,147.3000030517578,6495.830078125
2022-08-22,92.2699966430664,88.54000091552734,29.979999542236328,125.19999694824219,143.10000610351562,6378.740234375
2022-08-23,92.63999938964844,88.63999938964844,29.989999771118164,124.55000305175781,142.39999389648438,6362.02001953125
2022-08-24,92.91999816894531,88.66000366210938,29.850000381469727,123.69999694824219,141.6999969482422,6386.759765625
2022-08-25,93.06999969482422,88.44000244140625,29.700000762939453,124.8499984741211,141.39999389648438,6381.56005859375
2022-08-26,91.94999694824219,87.69999694824219,29.219999313354492,123.9000015258789,140.60000610351562,6274.259765625
2022-08-29,91.77999877929688,87.19999694824219,29.270000457763672,121.9000015258789,139.0,6222.27978515625
2022-08-30,92.0,87.62000274658203,29.549999237060547,121.55000305175781,136.60000610351562,6210.22021484375
2022-08-31,92.25,87.86000061035156,29.299999237060547,120.1500015258789,137.0,6125.10009765625
2022-09-01,91.70999908447266,86.27999877929688,29.200000762939453,117.5,133.60000610351562,6034.31005859375
2022-09-02,93.7699966430664,88.04000091552734,29.59000015258789,120.19999694824219,136.10000610351562,6167.509765625
2022-09-05,92.94999694824219,87.16000366210938,29.290000915527344,123.0,137.1999969482422,6093.22021484375
2022-09-06,93.2699966430664,87.0999984741211,29.59000015258789,123.0,136.5,6104.60986328125
2022-09-07,93.51000213623047,87.95999908447266,29.709999084472656,121.4000015258789,134.0,6105.919921875
2022-09-08,93.45999908447266,87.63999938964844,29.350000381469727,118.69999694824219,133.6999969482422,6125.89990234375
2022-09-09,94.30000305175781,89.18000030517578,29.739999771118164,116.5,132.5,6212.330078125
2022-09-12,96.33000183105469,92.23999786376953,30.510000228881836,119.0,132.5,6333.58984375
2022-09-13,95.36000061035156,91.44000244140625,30.459999084472656,119.44999694824219,132.60000610351562,6245.68994140625
2022-09-14,94.7699966430664,90.91999816894531,30.170000076293945,117.05000305175781,129.39999389648438,6222.41015625
2022-09-15,94.86000061035156,90.95999908447266,30.3700008392334,115.44999694824219,128.5,6157.83984375
2022-09-16,91.69999694824219,88.26000213623047,28.760000228881836,113.69999694824219,129.3000030517578,6077.2998046875
2022-09-19,91.88999938964844,88.94000244140625,28.56999969482422,114.75,129.89999389648438,6061.58984375
2022-09-20,90.4000015258789,87.0199966430664,27.979999542236328,113.1500015258789,125.9000015258789,5979.47021484375
2022-09-21,89.69999694824219,87.30000305175781,27.920000076293945,117.6500015258789,130.0,6031.330078125
2022-09-22,87.6500015258789,86.44000244140625,27.719999313354492,116.0,129.60000610351562,5918.5
2022-09-23,84.26000213623047,81.77999877929688,27.200000762939453,109.6500015258789,126.19999694824219,5783.41015625
2022-09-26,83.52999877929688,81.18000030517578,26.850000381469727,112.19999694824219,125.5,5769.39013671875
2022-09-27,84.41000366210938,81.68000030517578,26.809999465942383,110.75,119.80000305175781,5753.81982421875
2022-09-28,84.2300033569336,82.13999938964844,26.889999389648438,110.5,116.9000015258789,5765.009765625
2022-09-29,82.61000061035156,80.9000015258789,26.530000686645508,113.55000305175781,117.0,5676.8701171875
2022-09-30,83.16999816894531,82.5199966430664,26.850000381469727,113.0,117.0,5762.33984375
2022-10-03,83.58000183105469,83.33999633789062,27.059999465942383,114.0999984741211,119.4000015258789,5794.14990234375
2022-10-04,85.26000213623047,85.23999786376953,27.670000076293945,114.4000015258789,123.80000305175781,6039.68994140625
2022-10-05,83.69999694824219,82.80000305175781,26.899999618530273,114.5,123.30000305175781,5985.4599609375
2022-10-06,81.55999755859375,81.08000183105469,26.31999969482422,113.3499984741211,122.5,5936.419921875
2022-10-07,81.18000030517578,81.12000274658203,26.15999984741211,112.3499984741211,125.0,5866.93994140625
2022-10-10,83.04000091552734,81.30000305175781,26.489999771118164,113.5999984741211,127.0,5840.5498046875
2022-10-11,84.0199966430664,82.81999969482422,26.56999969482422,112.8499984741211,127.9000015258789,5833.2001953125
2022-10-12,83.0,81.0,26.06999969482422,110.75,127.0,5818.47021484375
2022-10-13,83.91999816894531,82.66000366210938,26.350000381469727,113.25,130.6999969482422,5879.18994140625
2022-10-14,84.33999633789062,82.91999816894531,26.610000610351562,110.80000305175781,129.6999969482422,5931.919921875
2022-10-17,86.23999786376953,85.0,27.06999969482422,114.05000305175781,136.10000610351562,6040.66015625
2022-10-18,86.76000213623047,85.12000274658203,27.420000076293945,114.69999694824219,137.6999969482422,6067.0
2022-10-19,86.55000305175781,84.45999908447266,27.3700008392334,116.0,141.6999969482422,6040.72021484375
2022-10-20,86.20999908447266,84.95999908447266,27.149999618530273,118.05000305175781,142.6999969482422,6086.89990234375
2022-10-21,86.13999938964844,83.81999969482422,27.329999923706055,117.94999694824219,144.0,6035.39013671875
2022-10-24,88.62999725341797,86.26000213623047,27.81999969482422,119.19999694824219,146.8000030517578,6131.35986328125
2022-10-25,90.19000244140625,87.86000061035156,28.1299991607666,121.5999984741211,148.6999969482422,6250.5498046875
2022-10-26,92.02999877929688,89.4800033569336,28.440000534057617,126.25,152.39999389648438,6276.31005859375
2022-10-27,92.29000091552734,90.18000030517578,28.559999465942383,126.80000305175781,149.1999969482422,6244.02978515625
2022-10-28,93.27999877929688,91.26000213623047,28.719999313354492,129.0,151.8000030517578,6273.0498046875
2022-10-31,93.18000030517578,91.54000091552734,28.8799991607666,128.64999389648438,150.39999389648438,6266.77001953125
2022-11-01,94.2300033569336,91.9800033569336,29.1200008392334,127.9000015258789,150.5,6328.25
2022-11-02,94.2699966430664,91.4800033569336,28.8799991607666,129.10000610351562,151.0,6276.8798828125
2022-11-03,93.81999969482422,91.13999938964844,29.049999237060547,128.6999969482422,152.10000610351562,6243.27978515625
2022-11-04,96.0,92.19999694824219,29.530000686645508,125.3499984741211,149.0,6416.43994140625
2022-11-07,93.98999786376953,91.36000061035156,29.739999771118164,124.5,147.8000030517578,6416.60986328125
2022-11-08,94.29000091552734,91.19999694824219,29.850000381469727,124.55000305175781,146.1999969482422,6441.5
2022-11-09,94.43000030517578,91.44000244140625,30.0,125.19999694824219,144.60000610351562,6430.56982421875
2022-11-10,95.88999938964844,92.66000366210938,30.290000915527344,122.8499984741211,144.8000030517578,6556.830078125
2022-11-11,95.30999755859375,92.94000244140625,30.299999237060547,112.25,140.1999969482422,6594.6201171875
2022-11-14,95.13999938964844,92.23999786376953,30.540000915527344,112.75,141.6999969482422,6609.169921875
2022-11-15,95.23999786376953,93.4000015258789,30.760000228881836,116.19999694824219,144.10000610351562,6641.66015625
2022-11-16,95.22000122070312,93.08000183105469,30.469999313354492,119.25,146.10000610351562,6607.22021484375
2022-11-17,94.63999938964844,92.69999694824219,28.489999771118164,117.4000015258789,146.39999389648438,6576.1201171875
2022-11-18,95.44000244140625,93.19999694824219,28.889999389648438,117.0,146.3000030517578,6644.4599609375
2022-11-21,96.27999877929688,93.72000122070312,29.34000015258789,118.8499984741211,148.3000030517578,6634.4501953125
2022-11-22,96.25,94.19999694824219,29.3700008392334,120.69999694824219,151.3000030517578,6657.52978515625
2022-11-23,96.26000213623047,94.13999938964844,29.469999313354492,121.75,150.0,6679.08984375
2022-11-24,96.80000305175781,94.27999877929688,29.760000228881836,122.25,150.60000610351562,6707.31982421875
2022-11-25,97.08000183105469,94.9000015258789,29.790000915527344,122.80000305175781,152.89999389648438,6712.47998046875
2022-11-28,96.79000091552734,94.33999633789062,29.6200008392334,122.4000015258789,150.0,6665.2001953125
2022-11-29,96.58999633789062,94.44000244140625,29.719999313354492,121.8499984741211,151.1999969482422,6668.97021484375
2022-11-30,96.62000274658203,93.94000244140625,29.559999465942383,122.1500015258789,151.1999969482422,6738.5498046875
2022-12-01,98.26000213623047,95.0999984741211,29.809999465942383,121.94999694824219,151.39999389648438,6753.97021484375
2022-12-02,98.25,95.62000274658203,29.920000076293945,121.9000015258789,154.10000610351562,6742.25
2022-12-05,97.70999908447266,95.36000061035156,29.049999237060547,122.4000015258789,153.6999969482422,6696.9599609375
2022-12-06,97.9000015258789,95.91999816894531,29.559999465942383,123.30000305175781,155.39999389648438,6687.7900390625
2022-12-07,97.8499984741211,95.5,29.5,120.5,154.10000610351562,6660.58984375
2022-12-08,97.94000244140625,96.0199966430664,29.18000030517578,122.75,156.3000030517578,6647.31005859375
2022-12-09,98.62000274658203,96.0999984741211,29.440000534057617,120.0,156.10000610351562,6677.64013671875
2022-12-12,97.37999725341797,94.69999694824219,29.200000762939453,121.5,156.10000610351562,6650.5498046875
2022-12-13,97.44999694824219,94.77999877929688,29.299999237060547,118.1500015258789,154.10000610351562,6744.97998046875
2022-12-14,95.4800033569336,94.27999877929688,29.030000686645508,119.6500015258789,156.39999389648438,6730.7900390625
2022-12-15,93.93000030517578,92.94000244140625,28.639999389648438,119.69999694824219,158.0,6522.77001953125
2022-12-16,92.38999938964844,91.80000305175781,28.260000228881836,119.5,157.6999969482422,6452.6298828125
2022-12-19,92.86000061035156,92.30000305175781,27.93000030517578,119.5999984741211,160.1999969482422,6473.2900390625
2022-12-20,93.43000030517578,92.27999877929688,27.850000381469727,119.5,160.8000030517578,6450.43017578125
2022-12-21,94.18000030517578,93.80000305175781,28.219999313354492,121.30000305175781,162.1999969482422,6580.240234375
2022-12-22,93.76000213623047,93.55999755859375,28.239999771118164,120.5,162.3000030517578,6517.97021484375
2022-12-23,94.19000244140625,93.91999816894531,28.479999542236328,118.5999984741211,160.6999969482422,6504.89990234375
2022-12-27,93.94999694824219,93.5999984741211,28.489999771118164,119.1500015258789,161.8000030517578,6550.66015625
2022-12-28,93.48999786376953,92.73999786376953,28.200000762939453,118.4000015258789,160.60000610351562,6510.490234375
2022-12-29,94.25,93.4800033569336,28.420000076293945,119.4000015258789,160.10000610351562,6573.47021484375
2022-12-30,93.29000091552734,91.91999816894531,28.040000915527344,119.30000305175781,158.1999969482422,6473.759765625
2023-01-02,94.94999694824219,93.0,28.510000228881836,120.0,161.3000030517578,6594.56982421875
2023-01-03,94.83999633789062,93.4000015258789,28.600000381469727,116.05000305175781,157.89999389648438,6623.89013671875
2023-01-04,97.08000183105469,94.83999633789062,29.270000457763672,113.94999694824219,152.60000610351562,6776.43017578125
2023-01-05,97.41000366210938,94.66000366210938,29.5,113.5,150.8000030517578,6761.5
2023-01-06,98.4800033569336,95.05999755859375,29.860000610351562,115.94999694824219,153.10000610351562,6860.9501953125
2023-01-09,99.75,95.86000061035156,30.3799991607666,114.5999984741211,151.89999389648438,6907.35986328125
2023-01-10,99.4000015258789,95.26000213623047,30.459999084472656,115.5999984741211,151.3000030517578,6869.14013671875
2023-01-11,99.68000030517578,94.5,30.530000686645508,113.5,148.6999969482422,6924.18994140625
2023-01-12,101.04000091552734,95.62000274658203,30.899999618530273,113.8499984741211,150.0,6975.68017578125
2023-01-13,101.37999725341797,95.0199966430664,29.969999313354492,112.8499984741211,152.10000610351562,7023.5
2023-01-16,101.0999984741211,95.80000305175781,30.15999984741211,115.6500015258789,152.10000610351562,7043.31005859375
2023-01-17,102.87999725341797,96.16000366210938,30.09000015258789,116.94999694824219,154.60000610351562,7077.16015625
2023-01-18,103.87999725341797,97.86000061035156,30.15999984741211,116.1500015258789,157.1999969482422,7083.39013671875
2023-01-19,102.37999725341797,97.16000366210938,29.520000457763672,118.0,159.0,6951.8701171875
2023-01-20,103.68000030517578,97.5199966430664,29.799999237060547,120.25,164.5,6995.990234375
2023-01-23,102.9000015258789,97.45999908447266,29.809999465942383,121.5,165.6999969482422,7032.02001953125
2023-01-24,104.54000091552734,98.62000274658203,30.1299991607666,122.9000015258789,158.6999969482422,7050.47998046875
2023-01-25,103.68000030517578,97.87999725341797,30.049999237060547,121.19999694824219,156.3000030517578,7043.8798828125
2023-01-26,104.5999984741211,98.95999908447266,30.18000030517578,123.1500015258789,157.39999389648438,7095.990234375
2023-01-27,105.04000091552734,98.45999908447266,30.25,121.30000305175781,155.8000030517578,7097.2099609375
2023-01-30,103.91999816894531,98.19999694824219,30.280000686645508,123.19999694824219,156.3000030517578,7082.009765625
2023-01-31,103.63999938964844,97.95999908447266,30.239999771118164,121.4000015258789,156.6999969482422,7082.419921875
2023-02-01,104.72000122070312,99.66000366210938,30.639999389648438,122.25,157.0,7077.10986328125
2023-02-02,105.04000091552734,98.80000305175781,31.020000457763672,118.19999694824219,155.60000610351562,7166.27001953125
2023-02-03,105.33999633789062,99.23999786376953,30.790000915527344,118.94999694824219,156.60000610351562,7233.93994140625
2023-02-06,104.5,98.94000244140625,30.309999465942383,119.0,155.8000030517578,7137.10009765625
2023-02-07,103.69999694824219,98.31999969482422,30.31999969482422,116.94999694824219,151.39999389648438,7132.35009765625
2023-02-08,104.31999969482422,98.94000244140625,30.559999465942383,118.80000305175781,152.5,7119.830078125
2023-02-09,105.81999969482422,100.3499984741211,30.68000030517578,119.0,153.60000610351562,7188.35986328125
2023-02-10,105.08000183105469,99.91999816894531,30.510000228881836,122.0,155.3000030517578,7129.72998046875
2023-02-13,108.18000030517578,102.0,30.739999771118164,125.0,158.39999389648438,7208.58984375
2023-02-14,107.62000274658203,102.94999694824219,30.860000610351562,127.44999694824219,159.6999969482422,7213.81005859375
2023-02-15,109.22000122070312,103.4000015258789,31.68000030517578,128.5,161.3000030517578,7300.85986328125
2023-02-16,108.5999984741211,103.3499984741211,31.75,128.8000030517578,163.1999969482422,7366.16015625
2023-02-17,109.54000091552734,103.25,31.770000457763672,129.6999969482422,164.0,7347.72021484375
2023-02-20,109.08000183105469,103.4000015258789,31.420000076293945,129.10000610351562,163.39999389648438,7335.60986328125
2023-02-21,108.9000015258789,103.55000305175781,31.229999542236328,132.0,167.5,7308.64990234375
2023-02-22,109.13999938964844,104.30000305175781,31.389999389648438,132.1999969482422,165.5,7299.259765625
2023-02-23,107.73999786376953,104.4000015258789,32.02000045776367,131.35000610351562,165.1999969482422,7317.43017578125
2023-02-24,105.63999938964844,102.5,32.119998931884766,133.5500030517578,165.8000030517578,7187.27001953125
2023-02-27,107.58000183105469,103.55000305175781,32.20000076293945,133.75,164.89999389648438,7295.5498046875
2023-02-28,107.83999633789062,104.0,32.040000915527344,132.1999969482422,162.6999969482422,7267.93017578125
2023-03-01,107.5199966430664,104.4000015258789,32.4900016784668,133.6999969482422,162.3000030517578,7234.25
2023-03-02,107.9800033569336,103.94999694824219,32.619998931884766,133.3000030517578,164.89999389648438,7284.22021484375
2023-03-03,108.68000030517578,104.0,32.61000061035156,132.8000030517578,164.0,7348.1201171875
2023-03-06,109.19999694824219,105.0999984741211,32.68000030517578,131.5500030517578,163.10000610351562,7373.2099609375
2023-03-07,108.36000061035156,104.6500015258789,32.400001525878906,132.64999389648438,163.1999969482422,7339.27001953125
2023-03-08,108.81999969482422,105.80000305175781,32.709999084472656,127.8499984741211,159.6999969482422,7324.759765625
2023-03-09,108.54000091552734,105.5999984741211,32.5,131.5,179.1999969482422,7315.8798828125
2023-03-10,108.23999786376953,104.30000305175781,32.2400016784668,132.1999969482422,178.39999389648438,7220.669921875
2023-03-13,105.58000183105469,102.25,31.540000915527344,127.55000305175781,173.5,7011.5
2023-03-14,107.05999755859375,104.30000305175781,31.790000915527344,132.39999389648438,177.39999389648438,7141.56982421875
2023-03-15,102.4000015258789,99.95999908447266,31.260000228881836,127.75,175.1999969482422,6885.7099609375
2023-03-16,104.68000030517578,101.19999694824219,31.639999389648438,129.14999389648438,178.60000610351562,7025.72021484375
2023-03-17,103.45999908447266,99.80000305175781,31.170000076293945,127.5,175.1999969482422,6925.39990234375
2023-03-20,104.76000213623047,101.1500015258789,31.239999771118164,132.25,178.1999969482422,7013.14013671875
2023-03-21,107.04000091552734,103.69999694824219,31.75,133.89999389648438,178.3000030517578,7112.91015625
2023-03-22,106.72000122070312,102.6500015258789,31.510000228881836,135.1999969482422,183.6999969482422,7131.1201171875
2023-03-23,104.0999984741211,99.86000061035156,31.200000762939453,136.35000610351562,182.8000030517578,7139.25
2023-03-24,101.36000061035156,95.63999938964844,30.31999969482422,135.10000610351562,181.89999389648438,7015.10009765625
2023-03-27,102.18000030517578,96.33999633789062,30.459999084472656,136.5500030517578,182.0,7078.27001953125
2023-03-28,102.72000122070312,97.05999755859375,30.420000076293945,136.75,182.1999969482422,7088.33984375
2023-03-29,104.4000015258789,99.0199966430664,30.850000381469727,137.35000610351562,184.0,7186.990234375
2023-03-30,105.41999816894531,99.63999938964844,31.09000015258789,136.5,182.10000610351562,7263.3701171875
2023-03-31,105.72000122070312,99.73999786376953,31.09000015258789,136.35000610351562,182.60000610351562,7322.39013671875
2023-04-03,104.30000305175781,99.4000015258789,31.25,136.4499969482422,182.0,7345.9599609375
2023-04-04,104.55999755859375,99.69999694824219,31.209999084472656,136.60000610351562,183.1999969482422,7344.9599609375
2023-04-05,105.66000366210938,99.86000061035156,30.81999969482422,136.64999389648438,183.8000030517578,7316.2998046875
2023-04-06,107.16000366210938,101.0,31.520000457763672,140.3000030517578,186.6999969482422,7324.75
2023-04-11,108.37999725341797,102.4000015258789,31.780000686645508,140.3000030517578,186.39999389648438,7390.27978515625
2023-04-12,108.45999908447266,102.30000305175781,31.760000228881836,140.85000610351562,185.10000610351562,7396.93994140625
2023-04-13,109.19999694824219,102.69999694824219,31.68000030517578,141.0,184.6999969482422,7480.830078125
2023-04-14,108.31999969482422,101.94999694824219,32.25,140.89999389648438,183.0,7519.60986328125
2023-04-17,108.69999694824219,102.6500015258789,32.689998626708984,141.4499969482422,183.60000610351562,7498.18017578125
2023-04-18,109.45999908447266,103.55000305175781,32.79999923706055,141.39999389648438,181.89999389648438,7533.6298828125
2023-04-19,110.81999969482422,105.0,33.150001525878906,141.75,181.8000030517578,7549.43994140625
2023-04-20,110.30000305175781,105.05000305175781,32.58000183105469,142.60000610351562,182.39999389648438,7538.7099609375
2023-04-21,110.26000213623047,104.19999694824219,32.5,142.0500030517578,179.6999969482422,7577.0
2023-04-24,111.08000183105469,105.25,32.47999954223633,141.14999389648438,178.0,7573.85986328125
2023-04-25,108.69999694824219,105.55000305175781,32.02000045776367,140.5,176.0,7531.60986328125
2023-04-26,111.44000244140625,106.44999694824219,32.7400016784668,137.1999969482422,176.0,7466.66015625
2023-04-27,111.13999938964844,106.69999694824219,32.790000915527344,138.4499969482422,177.10000610351562,7483.83984375
2023-04-28,112.19999694824219,107.9000015258789,33.20000076293945,138.39999389648438,177.3000030517578,7491.5
2023-05-02,108.73999786376953,104.8499984741211,32.70000076293945,138.5,176.5,7383.2001953125
2023-05-03,109.58000183105469,105.69999694824219,31.350000381469727,139.8000030517578,178.0,7403.830078125
2023-05-04,108.58000183105469,104.3499984741211,31.219999313354492,136.75,172.5,7340.77001953125
2023-05-05,109.08000183105469,105.05000305175781,31.610000610351562,136.35000610351562,170.39999389648438,7432.93017578125
2023-05-08,109.83999633789062,105.4000015258789,32.099998474121094,136.64999389648438,169.60000610351562,7440.91015625
2023-05-09,109.80000305175781,106.0,32.130001068115234,138.1999969482422,170.5,7397.169921875
2023-05-10,109.37999725341797,105.25,31.979999542236328,137.64999389648438,169.0,7361.2001953125
2023-05-11,108.68000030517578,105.55000305175781,31.549999237060547,136.10000610351562,169.60000610351562,7381.77978515625
2023-05-12,109.23999786376953,106.25,31.610000610351562,138.5,170.3000030517578,7414.85009765625
2023-05-15,109.22000122070312,102.8499984741211,31.770000457763672,139.14999389648438,171.10000610351562,7418.2099609375
2023-05-16,109.69999694824219,102.6500015258789,30.59000015258789,139.4499969482422,172.6999969482422,7406.009765625
2023-05-17,110.62000274658203,102.80000305175781,30.549999237060547,140.10000610351562,175.6999969482422,7399.43994140625
2023-05-18,110.18000030517578,102.94999694824219,30.690000534057617,140.3000030517578,176.10000610351562,7446.89013671875
2023-05-19,110.9000015258789,102.9000015258789,30.979999542236328,139.14999389648438,171.6999969482422,7491.9599609375
2023-05-22,110.30000305175781,103.5999984741211,30.540000915527344,139.9499969482422,173.10000610351562,7478.16015625
2023-05-23,109.68000030517578,103.69999694824219,30.65999984741211,134.25,167.1999969482422,7378.7099609375
2023-05-24,108.45999908447266,102.4000015258789,30.450000762939453,133.6999969482422,162.6999969482422,7253.4599609375
2023-05-25,107.80000305175781,101.44999694824219,30.1200008392334,132.89999389648438,163.10000610351562,7229.27001953125
2023-05-26,108.36000061035156,101.4000015258789,30.239999771118164,134.0500030517578,164.5,7319.18017578125
2023-05-29,108.5199966430664,101.30000305175781,30.489999771118164,134.14999389648438,165.39999389648438,7303.81005859375
2023-05-30,107.5199966430664,100.5999984741211,30.170000076293945,132.3000030517578,162.5,7209.75
2023-05-31,106.31999969482422,99.62000274658203,29.959999084472656,130.3000030517578,158.1999969482422,7098.7001953125
2023-06-01,107.0199966430664,100.0999984741211,30.200000762939453,133.0,162.6999969482422,7137.43017578125
2023-06-02,107.58000183105469,100.25,30.43000030517578,133.0,164.5,7270.68994140625
2023-06-05,106.94000244140625,99.5199966430664,30.260000228881836,132.0500030517578,162.6999969482422,7200.91015625
2023-06-06,106.95999908447266,99.63999938964844,30.110000610351562,131.25,163.1999969482422,7209.0
2023-06-07,107.68000030517578,99.19999694824219,30.280000686645508,128.6999969482422,160.39999389648438,7202.7900390625
2023-06-08,107.22000122070312,99.18000030517578,30.309999465942383,129.5,162.6999969482422,7222.14990234375
2023-06-09,106.69999694824219,98.76000213623047,30.329999923706055,130.4499969482422,166.1999969482422,7213.14013671875
2023-06-12,107.16000366210938,100.3499984741211,30.09000015258789,131.39999389648438,168.89999389648438,7250.35009765625
2023-06-13,106.73999786376953,99.27999877929688,29.829999923706055,133.35000610351562,171.3000030517578,7290.7998046875
2023-06-14,108.76000213623047,100.25,30.1200008392334,131.85000610351562,169.60000610351562,7328.52978515625
2023-06-15,108.27999877929688,100.19999694824219,30.299999237060547,132.35000610351562,168.6999969482422,7290.91015625
2023-06-16,110.4800033569336,101.0,30.450000762939453,135.3000030517578,172.60000610351562,7388.64990234375
2023-06-19,106.05999755859375,95.54000091552734,30.0,134.14999389648438,172.39999389648438,7314.0498046875
2023-06-20,107.12000274658203,97.05999755859375,29.950000762939453,135.75,175.3000030517578,7294.169921875
2023-06-21,106.0999984741211,97.19999694824219,29.860000610351562,136.3000030517578,177.60000610351562,7260.97021484375
2023-06-22,105.4000015258789,96.13999938964844,29.729999542236328,135.0,175.0,7203.27978515625
2023-06-23,104.0,94.73999786376953,29.600000381469727,134.64999389648438,178.1999969482422,7163.419921875
2023-06-26,104.05999755859375,94.4000015258789,29.5,131.14999389648438,171.8000030517578,7184.35009765625
2023-06-27,104.5999984741211,95.22000122070312,29.899999618530273,131.8000030517578,175.8000030517578,7215.580078125
2023-06-28,105.27999877929688,95.4000015258789,30.31999969482422,133.89999389648438,180.3000030517578,7286.31982421875
2023-06-29,105.62000274658203,95.69999694824219,30.6299991607666,135.35000610351562,182.8000030517578,7312.72998046875
2023-06-30,106.37999725341797,95.58000183105469,30.760000228881836,137.1999969482422,183.39999389648438,7400.06005859375
2023-07-03,106.68000030517578,95.77999877929688,30.719999313354492,136.39999389648438,180.6999969482422,7386.7001953125
2023-07-04,106.44000244140625,96.08000183105469,30.770000457763672,134.5500030517578,179.8000030517578,7369.93017578125
2023-07-05,105.05999755859375,95.31999969482422,30.200000762939453,135.5500030517578,183.0,7310.81005859375
2023-07-06,102.0199966430664,92.54000091552734,29.170000076293945,131.64999389648438,179.10000610351562,7082.2900390625
2023-07-07,102.4000015258789,92.76000213623047,29.3700008392334,131.89999389648438,180.0,7111.8798828125
2023-07-10,102.76000213623047,92.30000305175781,29.260000228881836,131.5500030517578,180.1999969482422,7143.68994140625
2023-07-11,103.69999694824219,93.91999816894531,29.709999084472656,133.10000610351562,181.60000610351562,7220.009765625
2023-07-12,105.0999984741211,95.13999938964844,29.790000915527344,137.10000610351562,185.5,7333.009765625
2023-07-13,105.54000091552734,95.0999984741211,30.389999389648438,138.64999389648438,184.39999389648438,7369.7998046875
2023-07-14,106.41999816894531,95.16000366210938,30.510000228881836,137.4499969482422,181.10000610351562,7374.5400390625
2023-07-17,105.5199966430664,94.19999694824219,30.530000686645508,138.10000610351562,183.0,7291.66015625
2023-07-18,106.0,94.44000244140625,30.920000076293945,138.6999969482422,184.60000610351562,7319.18017578125
2023-07-19,106.86000061035156,94.5,31.34000015258789,138.5500030517578,183.1999969482422,7326.93994140625
2023-07-20,108.23999786376953,93.80000305175781,31.6299991607666,140.1999969482422,181.8000030517578,7384.91015625
2023-07-21,108.0199966430664,95.41999816894531,31.65999984741211,133.5,166.3000030517578,7432.77001953125
2023-07-24,107.68000030517578,95.76000213623047,31.90999984741211,132.3000030517578,170.60000610351562,7427.31005859375
2023-07-25,107.77999877929688,95.54000091552734,31.81999969482422,132.10000610351562,170.60000610351562,7415.4501953125
2023-07-26,106.94000244140625,95.37999725341797,31.829999923706055,131.25,171.0,7315.06982421875
2023-07-27,108.37999725341797,95.08000183105469,31.899999618530273,133.64999389648438,174.39999389648438,7465.240234375
2023-07-28,107.83999633789062,95.30000305175781,33.209999084472656,134.25,174.39999389648438,7476.47021484375
2023-07-31,106.77999877929688,94.62000274658203,32.56999969482422,135.9499969482422,176.6999969482422,7497.77978515625
2023-08-01,104.81999969482422,94.0199966430664,32.459999084472656,136.25,176.6999969482422,7406.080078125
2023-08-02,102.4000015258789,92.5199966430664,31.81999969482422,135.3000030517578,176.8000030517578,7312.83984375
2023-08-03,100.9800033569336,91.55999755859375,32.31999969482422,133.4499969482422,175.60000610351562,7260.52978515625
2023-08-04,101.9800033569336,92.23999786376953,32.34000015258789,134.60000610351562,178.5,7315.06982421875
2023-08-07,102.76000213623047,92.62000274658203,32.2599983215332,136.1999969482422,179.89999389648438,7319.759765625
2023-08-08,102.5999984741211,92.33999633789062,31.959999084472656,137.39999389648438,180.0,7269.47021484375
2023-08-09,103.0199966430664,92.72000122070312,32.060001373291016,137.8000030517578,180.3000030517578,7322.0400390625
2023-08-10,104.16000366210938,93.33999633789062,32.34000015258789,136.5500030517578,180.39999389648438,7433.6201171875
2023-08-11,103.5999984741211,93.44000244140625,31.799999237060547,135.64999389648438,171.39999389648438,7340.18994140625
2023-08-14,103.4800033569336,93.23999786376953,31.989999771118164,133.3000030517578,172.1999969482422,7348.83984375
2023-08-15,102.76000213623047,92.69999694824219,31.790000915527344,131.89999389648438,171.1999969482422,7267.7001953125
2023-08-16,102.4000015258789,92.36000061035156,31.34000015258789,131.0,170.60000610351562,7260.25
2023-08-17,101.58000183105469,91.4000015258789,31.190000534057617,128.89999389648438,168.5,7191.740234375
2023-08-18,101.0,90.18000030517578,31.200000762939453,129.4499969482422,170.39999389648438,7164.10986328125
2023-08-21,100.87999725341797,89.80000305175781,31.020000457763672,130.8000030517578,172.8000030517578,7198.06005859375
2023-08-22,101.4000015258789,90.44000244140625,31.3700008392334,131.10000610351562,174.3000030517578,7240.8798828125
2023-08-23,101.4800033569336,91.4800033569336,31.329999923706055,132.5,176.60000610351562,7246.6201171875
2023-08-24,101.54000091552734,92.0199966430664,31.350000381469727,132.35000610351562,175.39999389648438,7214.4599609375
2023-08-25,102.33999633789062,91.95999908447266,31.290000915527344,132.6999969482422,175.39999389648438,7229.60009765625
2023-08-28,103.83999633789062,93.27999877929688,31.6200008392334,134.3000030517578,179.1999969482422,7324.7099609375
2023-08-29,103.77999877929688,93.63999938964844,31.729999542236328,133.8000030517578,177.8000030517578,7373.43017578125
2023-08-30,103.4800033569336,94.0,31.829999923706055,134.0500030517578,179.3000030517578,7364.39990234375
2023-08-31,102.95999908447266,91.31999969482422,31.899999618530273,134.8000030517578,181.60000610351562,7316.7001953125
2023-09-01,102.72000122070312,91.69999694824219,31.829999923706055,135.25,181.0,7296.77001953125
2023-09-04,102.77999877929688,91.91999816894531,31.489999771118164,136.6999969482422,180.0,7279.509765625
2023-09-05,102.0999984741211,90.9000015258789,31.229999542236328,137.14999389648438,180.8000030517578,7254.72021484375
2023-09-06,102.36000061035156,90.9000015258789,31.510000228881836,136.6999969482422,180.0,7194.08984375
2023-09-07,102.5,90.91999816894531,31.540000915527344,137.3000030517578,180.1999969482422,7196.10009765625
2023-09-08,102.95999908447266,90.9000015258789,31.760000228881836,138.6999969482422,181.60000610351562,7240.77001953125
2023-09-11,103.58000183105469,91.31999969482422,32.0,139.35000610351562,181.8000030517578,7278.27001953125
2023-09-12,105.16000366210938,92.04000091552734,32.33000183105469,139.85000610351562,180.8000030517578,7252.8798828125
2023-09-13,104.0199966430664,91.33999633789062,32.11000061035156,139.85000610351562,181.0,7222.56982421875
2023-09-14,106.23999786376953,92.55999755859375,32.90999984741211,138.0500030517578,180.0,7308.669921875
2023-09-15,107.4800033569336,93.22000122070312,33.34000015258789,139.5,180.39999389648438,7378.81982421875
2023-09-18,106.23999786376953,92.04000091552734,33.29999923706055,138.9499969482422,183.5,7276.14013671875
2023-09-19,106.23999786376953,91.63999938964844,33.599998474121094,139.5500030517578,182.3000030517578,7282.1201171875
2023-09-20,107.68000030517578,92.36000061035156,33.90999984741211,137.3000030517578,181.0,7330.7900390625
2023-09-21,106.18000030517578,91.44000244140625,33.720001220703125,134.5,180.10000610351562,7213.89990234375
2023-09-22,105.33999633789062,91.23999786376953,33.34000015258789,132.6999969482422,178.1999969482422,7184.81982421875
2023-09-25,104.54000091552734,90.30000305175781,33.400001525878906,132.75,176.3000030517578,7123.8798828125
2023-09-26,104.05999755859375,89.69999694824219,33.20000076293945,132.64999389648438,179.0,7074.02001953125
2023-09-27,104.41999816894531,90.72000122070312,33.13999938964844,133.1999969482422,180.39999389648438,7071.7900390625
2023-09-28,105.22000122070312,91.0,33.04999923706055,133.60000610351562,179.89999389648438,7116.240234375
2023-09-29,105.0199966430664,90.04000091552734,33.13999938964844,133.10000610351562,178.39999389648438,7135.06005859375
2023-10-02,103.72000122070312,88.0199966430664,32.779998779296875,131.85000610351562,176.10000610351562,7068.16015625
2023-10-03,101.16000366210938,83.16000366210938,32.04999923706055,131.10000610351562,176.5,6997.0498046875
2023-10-04,101.9000015258789,85.0999984741211,32.060001373291016,128.60000610351562,172.10000610351562,6996.72998046875
2023-10-05,101.58000183105469,84.45999908447266,31.850000381469727,128.10000610351562,174.1999969482422,6998.25
2023-10-06,102.31999969482422,86.05999755859375,32.61000061035156,128.0,173.39999389648438,7060.14990234375
2023-10-09,102.22000122070312,85.62000274658203,32.4900016784668,134.0,181.0,7021.39990234375
2023-10-10,104.12000274658203,88.58000183105469,32.849998474121094,135.39999389648438,182.89999389648438,7162.43017578125
2023-10-11,105.5,88.5999984741211,32.38999938964844,139.0,184.89999389648438,7131.2099609375
2023-10-12,104.77999877929688,87.62000274658203,32.06999969482422,142.8000030517578,187.60000610351562,7104.52978515625
2023-10-13,102.91999816894531,85.83999633789062,32.20000076293945,144.39999389648438,187.39999389648438,7003.52978515625
2023-10-16,102.37999725341797,86.08000183105469,32.150001525878906,143.1999969482422,186.6999969482422,7022.18994140625
2023-10-17,102.76000213623047,86.54000091552734,32.2400016784668,142.25,188.5,7029.7001953125
2023-10-18,100.81999969482422,86.16000366210938,31.6299991607666,141.5500030517578,186.8000030517578,6965.990234375
2023-10-19,100.5999984741211,85.41999816894531,31.469999313354492,138.3000030517578,183.5,6921.3701171875
2023-10-20,99.62000274658203,84.73999786376953,31.170000076293945,137.85000610351562,182.10000610351562,6816.22021484375
2023-10-23,99.9000015258789,84.69999694824219,31.440000534057617,139.3000030517578,184.39999389648438,6850.47021484375
2023-10-24,101.08000183105469,84.30000305175781,31.530000686645508,141.60000610351562,188.3000030517578,6893.64990234375
2023-10-25,100.76000213623047,82.69999694824219,31.270000457763672,142.0500030517578,189.8000030517578,6915.06982421875
2023-10-26,100.4800033569336,82.58000183105469,31.389999389648438,142.0,190.39999389648438,6888.9599609375
2023-10-27,102.0,83.36000061035156,31.520000457763672,141.0500030517578,186.1999969482422,6795.3798828125
2023-10-30,103.08000183105469,84.19999694824219,31.799999237060547,141.10000610351562,187.1999969482422,6825.06982421875
2023-10-31,104.4800033569336,85.69999694824219,33.209999084472656,139.14999389648438,187.5,6885.64990234375
2023-11-01,105.36000061035156,86.26000213623047,33.04999923706055,138.35000610351562,187.3000030517578,6932.6298828125
2023-11-02,106.18000030517578,87.33999633789062,33.25,137.4499969482422,182.8000030517578,7060.68994140625
2023-11-03,106.37999725341797,88.5,33.540000915527344,135.10000610351562,180.6999969482422,7047.5
2023-11-06,105.5,87.66000366210938,33.43000030517578,136.75,182.0,7013.72998046875
2023-11-07,105.19999694824219,87.04000091552734,33.47999954223633,136.0,180.89999389648438,6986.22998046875
2023-11-08,105.66000366210938,87.0,33.689998626708984,137.39999389648438,182.89999389648438,7034.16015625
2023-11-09,106.55999755859375,86.66000366210938,33.91999816894531,137.10000610351562,182.6999969482422,7113.66015625
2023-11-10,106.55999755859375,86.16000366210938,33.970001220703125,138.60000610351562,182.89999389648438,7045.0400390625
2023-11-13,107.0999984741211,86.31999969482422,34.31999969482422,141.10000610351562,187.3000030517578,7087.06005859375
2023-11-14,107.62000274658203,87.41999816894531,34.650001525878906,138.0500030517578,186.5,7185.68017578125
2023-11-15,109.04000091552734,87.87999725341797,34.869998931884766,137.1999969482422,185.89999389648438,7209.60986328125
2023-11-16,108.36000061035156,87.31999969482422,34.63999938964844,136.85000610351562,184.10000610351562,7168.39990234375
2023-11-17,109.37999725341797,90.73999786376953,34.83000183105469,138.14999389648438,187.60000610351562,7233.91015625
2023-11-20,108.95999908447266,91.33999633789062,34.5099983215332,138.35000610351562,188.39999389648438,7246.93017578125
2023-11-21,109.0,90.55999755859375,34.54999923706055,140.10000610351562,189.60000610351562,7229.4501953125
2023-11-22,109.72000122070312,90.5999984741211,34.689998626708984,140.64999389648438,187.5,7260.72998046875
2023-11-23,109.9800033569336,90.66000366210938,34.619998931884766,140.5,187.3000030517578,7277.93017578125
2023-11-24,110.4800033569336,91.37999725341797,34.93000030517578,140.5500030517578,188.3000030517578,7292.7998046875
2023-11-27,110.54000091552734,91.04000091552734,34.880001068115234,137.4499969482422,183.39999389648438,7265.490234375
2023-11-28,111.12000274658203,91.37999725341797,34.939998626708984,138.35000610351562,185.3000030517578,7250.1298828125
2023-11-29,112.12000274658203,92.76000213623047,35.13999938964844,138.64999389648438,185.0,7267.64013671875
2023-11-30,112.30000305175781,93.0,34.90999984741211,136.9499969482422,182.39999389648438,7310.77001953125
2023-12-01,113.31999969482422,93.87999725341797,35.04999923706055,139.14999389648438,184.10000610351562,7346.14990234375
2023-12-04,113.37999725341797,93.54000091552734,34.810001373291016,136.60000610351562,179.8000030517578,7332.58984375
2023-12-05,115.30000305175781,95.18000030517578,35.08000183105469,135.39999389648438,182.3000030517578,7386.990234375
2023-12-06,115.68000030517578,95.62000274658203,35.52000045776367,136.1999969482422,181.60000610351562,7435.990234375
2023-12-07,115.68000030517578,95.76000213623047,35.779998779296875,135.5,179.0,7428.52001953125
2023-12-08,115.83999633789062,96.27999877929688,36.0099983215332,138.9499969482422,182.39999389648438,7526.5498046875
2023-12-11,116.0999984741211,96.55999755859375,36.189998626708984,137.39999389648438,180.6999969482422,7551.52978515625
2023-12-12,115.4000015258789,96.9000015258789,35.970001220703125,137.4499969482422,179.1999969482422,7543.5498046875
2023-12-13,114.77999877929688,95.63999938964844,35.81999969482422,138.6999969482422,180.0,7531.22021484375
2023-12-14,116.0199966430664,97.76000213623047,35.689998626708984,134.5500030517578,175.89999389648438,7575.85009765625
2023-12-15,115.58000183105469,96.72000122070312,35.5,134.89999389648438,176.60000610351562,7596.91015625
2023-12-18,112.95999908447266,94.77999877929688,34.45000076293945,135.3000030517578,178.60000610351562,7568.85986328125
2023-12-19,113.30000305175781,95.30000305175781,34.209999084472656,134.8000030517578,178.89999389648438,7574.669921875
2023-12-20,113.62000274658203,95.69999694824219,34.369998931884766,133.85000610351562,179.8000030517578,7583.43017578125
2023-12-21,113.63999938964844,96.12000274658203,34.38999938964844,134.9499969482422,180.39999389648438,7571.39990234375
2023-12-22,114.37999725341797,96.5199966430664,34.29999923706055,134.39999389648438,180.10000610351562,7568.81982421875
2023-12-27,114.44000244140625,96.76000213623047,34.31999969482422,134.3000030517578,180.0,7571.81982421875
2023-12-28,113.55999755859375,96.77999877929688,34.220001220703125,134.10000610351562,179.1999969482422,7535.16015625
2023-12-29,113.69999694824219,97.0199966430664,34.119998931884766,133.9499969482422,179.1999969482422,7543.18017578125
2024-01-02,113.94000244140625,97.31999969482422,34.65999984741211,133.4499969482422,180.0,7530.85986328125
2024-01-03,112.94000244140625,96.30000305175781,34.439998626708984,134.25,181.0,7411.85986328125
2024-01-04,114.5199966430664,97.76000213623047,34.91999816894531,137.10000610351562,185.6999969482422,7450.6298828125
2024-01-05,113.87999725341797,97.16000366210938,35.0099983215332,136.6999969482422,184.8000030517578,7420.68994140625
2024-01-08,114.0999984741211,97.76000213623047,35.5099983215332,137.10000610351562,183.0,7450.240234375
2024-01-09,115.22000122070312,97.9800033569336,35.619998931884766,137.1999969482422,184.10000610351562,7426.6201171875
2024-01-10,115.05999755859375,97.5,35.56999969482422,138.39999389648438,185.60000610351562,7426.080078125
2024-01-11,114.5,96.94000244140625,35.459999084472656,138.75,184.5,7387.6201171875
2024-01-12,116.68000030517578,98.33999633789062,35.77000045776367,141.85000610351562,189.6999969482422,7465.14013671875
2024-01-15,117.22000122070312,98.4800033569336,35.470001220703125,138.75,177.5,7411.68017578125
2024-01-16,116.68000030517578,98.08000183105469,35.41999816894531,138.8000030517578,176.1999969482422,7398.0
2024-01-17,115.76000213623047,96.4000015258789,34.790000915527344,138.3000030517578,177.39999389648438,7318.68994140625
2024-01-18,117.37999725341797,96.9800033569336,34.58000183105469,136.4499969482422,174.60000610351562,7401.35009765625
2024-01-19,116.73999786376953,96.5199966430664,34.68000030517578,133.0,171.0,7371.64013671875
2024-01-22,117.45999908447266,98.77999877929688,35.2400016784668,134.5500030517578,173.0,7413.25
2024-01-23,116.04000091552734,98.04000091552734,34.63999938964844,134.14999389648438,171.1999969482422,7388.0400390625
2024-01-24,117.41999816894531,98.95999908447266,35.04999923706055,134.5,173.39999389648438,7455.64013671875
2024-01-25,117.80000305175781,98.4000015258789,35.119998931884766,135.1999969482422,172.10000610351562,7464.2001953125
2024-01-26,118.26000213623047,98.36000061035156,35.209999084472656,135.0,172.5,7634.14013671875
2024-01-29,116.9000015258789,96.5999984741211,34.02000045776367,137.1999969482422,175.1999969482422,7640.81005859375
2024-01-30,116.83999633789062,96.41999816894531,33.88999938964844,136.89999389648438,174.60000610351562,7677.47021484375
2024-01-31,117.08000183105469,97.08000183105469,33.97999954223633,135.35000610351562,175.5,7656.75
2024-02-01,117.08000183105469,96.0199966430664,33.81999969482422,135.14999389648438,175.6999969482422,7588.75
2024-02-02,117.0,96.5199966430664,33.81999969482422,135.64999389648438,177.1999969482422,7592.259765625
2024-02-05,118.30000305175781,97.04000091552734,33.75,134.9499969482422,172.6999969482422,7589.9599609375
2024-02-06,118.73999786376953,97.9000015258789,33.790000915527344,136.85000610351562,175.1999969482422,7638.97021484375
2024-02-07,117.66000366210938,96.9800033569336,33.349998474121094,136.14999389648438,175.3000030517578,7611.259765625
2024-02-08,116.76000213623047,96.80000305175781,32.869998931884766,133.89999389648438,173.60000610351562,7665.6298828125
2024-02-09,116.13999938964844,95.72000122070312,32.95000076293945,133.6999969482422,172.1999969482422,7647.52001953125
2024-02-12,116.18000030517578,96.33999633789062,33.16999816894531,133.9499969482422,172.60000610351562,7689.7998046875
2024-02-13,114.86000061035156,95.91999816894531,33.0099983215332,132.4499969482422,171.8000030517578,7625.31005859375
2024-02-14,115.23999786376953,96.05999755859375,33.400001525878906,137.85000610351562,177.0,7677.35009765625
2024-02-15,115.54000091552734,96.83999633789062,34.290000915527344,139.60000610351562,182.6999969482422,7743.419921875
2024-02-16,113.23999786376953,96.66000366210938,34.29999923706055,140.64999389648438,184.3000030517578,7768.18017578125
2024-02-19,114.12000274658203,96.68000030517578,34.2599983215332,134.0,180.89999389648438,7768.5498046875
2024-02-20,114.44000244140625,96.41999816894531,34.56999969482422,135.14999389648438,182.60000610351562,7795.22021484375
2024-02-21,115.13999938964844,97.30000305175781,34.810001373291016,134.85000610351562,182.10000610351562,7812.08984375
2024-02-22,115.5199966430664,98.22000122070312,34.81999969482422,134.25,182.6999969482422,7911.60009765625
2024-02-23,116.76000213623047,98.5999984741211,34.2599983215332,135.60000610351562,182.3000030517578,7966.68017578125
2024-02-26,116.19999694824219,97.5,33.97999954223633,138.75,184.6999969482422,7929.81982421875
2024-02-27,117.63999938964844,97.94000244140625,36.70000076293945,136.85000610351562,182.6999969482422,7948.39990234375
2024-02-28,118.4800033569336,97.31999969482422,36.95000076293945,136.60000610351562,184.0,7954.39013671875
2024-02-29,118.4000015258789,100.6500015258789,36.56999969482422,137.0500030517578,182.89999389648438,7927.43017578125
2024-03-01,117.30000305175781,100.0,36.11000061035156,135.39999389648438,183.10000610351562,7934.169921875
2024-03-04,117.13999938964844,99.77999877929688,36.0099983215332,138.35000610351562,187.39999389648438,7956.41015625
2024-03-05,117.69999694824219,101.19999694824219,36.369998931884766,150.89999389648438,193.39999389648438,7932.81982421875
2024-03-06,117.19999694824219,101.5,36.150001525878906,147.0,182.89999389648438,7954.740234375
2024-03-07,118.87999725341797,103.9000015258789,36.38999938964844,145.89999389648438,183.10000610351562,8016.22021484375
2024-03-08,118.54000091552734,103.1500015258789,36.630001068115234,143.25,180.8000030517578,8028.009765625
2024-03-11,118.63999938964844,102.8499984741211,36.959999084472656,140.6999969482422,177.10000610351562,8019.72998046875
2024-03-12,119.08000183105469,103.3499984741211,37.130001068115234,142.35000610351562,176.3000030517578,8087.47998046875
2024-03-13,119.77999877929688,103.0,36.9900016784668,143.75,176.3000030517578,8137.580078125
2024-03-14,117.0,102.80000305175781,37.0,146.0500030517578,179.5,8161.419921875
2024-03-15,117.0,102.80000305175781,37.29999923706055,146.64999389648438,178.3000030517578,8164.35009765625
2024-03-18,117.0999984741211,103.25,37.63999938964844,148.60000610351562,180.3000030517578,8148.14013671875
2024-03-19,117.16000366210938,103.80000305175781,37.47999954223633,151.14999389648438,182.89999389648438,8201.0498046875
2024-03-20,116.68000030517578,104.05000305175781,37.900001525878906,152.89999389648438,187.60000610351562,8161.41015625
2024-03-21,116.76000213623047,104.6500015258789,38.08000183105469,155.0500030517578,187.6999969482422,8179.72021484375
2024-03-22,116.36000061035156,103.80000305175781,37.7599983215332,157.1999969482422,192.89999389648438,8151.919921875
2024-03-25,115.95999908447266,103.80000305175781,37.650001525878906,160.25,207.0,8151.60009765625
2024-03-26,118.45999908447266,104.75,37.650001525878906,160.9499969482422,204.1999969482422,8184.75
2024-03-27,120.05999755859375,105.44999694824219,37.970001220703125,158.60000610351562,206.0,8204.8095703125
2024-03-28,118.76000213623047,105.1500015258789,37.83000183105469,158.0500030517578,204.0,8205.8095703125
2024-04-02,117.25,103.30000305175781,37.7599983215332,157.3000030517578,204.1999969482422,8130.0498046875
2024-04-03,118.25,103.44999694824219,37.90999984741211,159.5,205.8000030517578,8153.22998046875
2024-04-04,116.25,102.5,37.66999816894531,157.89999389648438,205.8000030517578,8151.5498046875
2024-04-05,114.44999694824219,99.81999969482422,36.65999984741211,159.0,205.1999969482422,8061.31005859375
2024-04-08,115.94999694824219,100.75,36.93000030517578,162.5500030517578,210.0,8119.2998046875
2024-04-09,114.55000305175781,100.25,36.380001068115234,154.60000610351562,202.60000610351562,8049.169921875
2024-04-10,112.9000015258789,99.18000030517578,36.08000183105469,154.9499969482422,202.1999969482422,8045.3798828125
2024-04-11,112.75,97.80000305175781,35.650001525878906,156.3000030517578,200.8000030517578,8023.740234375
2024-04-12,113.05000305175781,98.5,35.810001373291016,158.8000030517578,204.8000030517578,8010.830078125
2024-04-15,113.05000305175781,98.63999938964844,36.150001525878906,160.0500030517578,207.8000030517578,8045.10986328125
2024-04-16,111.94999694824219,97.80000305175781,35.88999938964844,158.25,207.0,7932.60986328125
2024-04-17,112.30000305175781,98.33999633789062,36.189998626708984,157.10000610351562,206.8000030517578,7981.509765625
2024-04-18,113.55000305175781,99.30000305175781,36.09000015258789,155.25,205.39999389648438,8023.259765625
2024-04-19,113.3499984741211,98.81999969482422,36.119998931884766,155.25,205.1999969482422,8022.41015625
2024-04-22,113.55000305175781,99.83999633789062,36.150001525878906,157.60000610351562,202.0,8040.35986328125
2024-04-23,111.5,100.44999694824219,36.709999084472656,158.75,205.60000610351562,8105.77978515625
2024-04-24,111.55000305175781,100.25,36.4900016784668,160.0,205.39999389648438,8091.85986328125
2024-04-25,110.1500015258789,99.4800033569336,35.86000061035156,156.64999389648438,201.8000030517578,8016.64990234375
2024-04-26,111.0999984741211,100.6500015258789,36.2400016784668,158.6999969482422,203.8000030517578,8088.240234375
2024-04-29,110.5999984741211,100.5999984741211,36.560001373291016,158.39999389648438,202.8000030517578,8065.14990234375
2024-04-30,110.25,100.30000305175781,34.61000061035156,157.9499969482422,201.1999969482422,7984.93017578125
2024-05-02,110.0999984741211,100.69999694824219,34.79999923706055,158.6999969482422,200.1999969482422,7914.64990234375
2024-05-03,110.8499984741211,101.80000305175781,35.119998931884766,161.0500030517578,201.8000030517578,7957.56982421875
2024-05-06,111.30000305175781,102.25,35.349998474121094,163.14999389648438,204.8000030517578,7996.64013671875
2024-05-07,112.5,102.5,34.79999923706055,163.0500030517578,203.60000610351562,8075.68017578125
2024-05-08,113.9000015258789,103.8499984741211,35.220001220703125,165.60000610351562,202.60000610351562,8131.41015625
2024-05-09,115.0999984741211,104.80000305175781,35.81999969482422,167.9499969482422,207.1999969482422,8187.64990234375
2024-05-10,115.5999984741211,105.0,35.90999984741211,167.10000610351562,206.8000030517578,8219.1396484375
2024-05-13,115.80000305175781,105.1500015258789,36.290000915527344,165.8000030517578,207.8000030517578,8209.2802734375
2024-05-14,115.9000015258789,106.5,36.099998474121094,164.5,209.0,8225.7998046875
2024-05-15,116.5999984741211,107.0,36.400001525878906,165.75,208.60000610351562,8239.990234375
2024-05-16,116.0,106.30000305175781,35.95000076293945,167.3000030517578,211.39999389648438,8188.490234375
2024-05-17,115.05000305175781,104.3499984741211,35.61000061035156,167.0,209.39999389648438,8167.5
2024-05-20,115.5,101.0999984741211,35.88999938964844,169.0,206.60000610351562,8195.9697265625
2024-05-21,115.5999984741211,102.1500015258789,35.66999816894531,167.64999389648438,205.60000610351562,8141.4599609375
2024-05-22,115.19999694824219,101.4000015258789,35.40999984741211,166.3000030517578,203.60000610351562,8092.10986328125
2024-05-23,114.6500015258789,101.0999984741211,35.400001525878906,167.85000610351562,206.1999969482422,8102.330078125
2024-05-24,114.1500015258789,100.75,35.77000045776367,166.1999969482422,204.1999969482422,8094.97021484375
2024-05-27,115.44999694824219,101.6500015258789,36.13999938964844,167.0,202.39999389648438,8132.490234375
2024-05-28,114.5,101.8499984741211,35.970001220703125,164.0,198.3000030517578,8057.7998046875
2024-05-29,113.1500015258789,100.75,35.5099983215332,164.0500030517578,196.39999389648438,7935.02978515625
2024-05-30,114.5,101.75,35.689998626708984,164.3000030517578,195.10000610351562,7978.509765625
2024-05-31,114.44999694824219,101.3499984741211,36.0,166.64999389648438,199.0,7992.8701171875
2024-06-03,114.9000015258789,103.0999984741211,36.25,167.5,195.8000030517578,7998.02001953125
2024-06-04,113.5,102.4000015258789,35.779998779296875,166.89999389648438,193.89999389648438,7937.89990234375
2024-06-05,113.80000305175781,102.0999984741211,35.599998474121094,168.4499969482422,192.60000610351562,8006.56982421875
2024-06-06,113.69999694824219,101.8499984741211,35.45000076293945,171.5,193.1999969482422,8040.1201171875
2024-06-07,110.75,99.5999984741211,34.63999938964844,172.85000610351562,193.10000610351562,8001.7998046875
2024-06-10,104.80000305175781,94.13999938964844,33.380001068115234,169.60000610351562,192.89999389648438,7893.97998046875
2024-06-11,100.75,90.83999633789062,32.77000045776367,165.10000610351562,188.5,7789.2099609375
2024-06-12,103.0999984741211,91.0999984741211,31.969999313354492,163.39999389648438,184.8000030517578,7864.7001953125
2024-06-13,100.4000015258789,88.9000015258789,31.239999771118164,161.10000610351562,183.8000030517578,7708.02001953125
2024-06-14,98.13999938964844,84.95999908447266,30.799999237060547,150.3000030517578,174.1999969482422,7503.27001953125
2024-06-17,98.30000305175781,86.22000122070312,31.1200008392334,152.0500030517578,175.8000030517578,7571.56982421875
2024-06-18,100.5,88.19999694824219,31.399999618530273,153.0500030517578,176.10000610351562,7628.7998046875
2024-06-19,100.4000015258789,88.54000091552734,31.030000686645508,154.35000610351562,179.3000030517578,7570.2001953125
2024-06-20,102.4000015258789,90.08000183105469,31.540000915527344,157.64999389648438,181.8000030517578,7671.33984375
2024-06-21,101.80000305175781,89.54000091552734,31.459999084472656,156.60000610351562,178.60000610351562,7628.56982421875
2024-06-24,102.9000015258789,90.0199966430664,31.81999969482422,158.10000610351562,179.60000610351562,7706.89013671875
2024-06-25,101.5,88.54000091552734,31.31999969482422,155.0500030517578,175.6999969482422,7662.2998046875
2024-06-26,101.1500015258789,88.44000244140625,30.469999313354492,151.9499969482422,172.89999389648438,7609.14990234375
2024-06-27,98.9000015258789,86.72000122070312,29.84000015258789,150.5,170.5,7530.72021484375
2024-06-28,98.37999725341797,85.76000213623047,29.969999313354492,149.5,169.60000610351562,7479.39990234375
2024-07-01,100.9000015258789,88.5999984741211,30.639999389648438,152.0,171.1999969482422,7561.1298828125
2024-07-02,101.3499984741211,89.0999984741211,30.729999542236328,151.5,167.89999389648438,7538.2900390625
2024-07-03,102.80000305175781,90.4800033569336,30.940000534057617,155.10000610351562,169.39999389648438,7632.080078125
2024-07-04,103.30000305175781,91.55999755859375,31.399999618530273,156.4499969482422,173.10000610351562,7695.77978515625
2024-07-05,105.19999694824219,91.44000244140625,31.510000228881836,154.89999389648438,170.5,7675.6201171875
2024-07-08,105.6500015258789,92.36000061035156,31.719999313354492,153.85000610351562,170.3000030517578,7627.4501953125
2024-07-09,103.0999984741211,89.77999877929688,31.1200008392334,151.9499969482422,170.3000030517578,7508.66015625
2024-07-10,103.9000015258789,91.05999755859375,31.75,153.3000030517578,170.89999389648438,7573.5498046875
2024-07-11,104.3499984741211,91.45999908447266,31.90999984741211,154.1999969482422,170.10000610351562,7627.1298828125
2024-07-12,105.75,92.63999938964844,32.099998474121094,154.1999969482422,169.89999389648438,7724.31982421875
2024-07-15,105.4000015258789,91.83999633789062,32.150001525878906,153.25,169.10000610351562,7632.7099609375
2024-07-16,105.30000305175781,92.41999816894531,32.22999954223633,152.60000610351562,169.60000610351562,7580.02978515625
2024-07-17,105.44999694824219,91.44000244140625,32.29999923706055,150.89999389648438,167.39999389648438,7570.81005859375
2024-07-18,106.19999694824219,91.9000015258789,32.599998474121094,153.35000610351562,168.10000610351562,7586.5498046875
2024-07-19,105.55000305175781,91.55999755859375,32.58000183105469,152.5,164.5,7534.52001953125
2024-07-22,107.05000305175781,93.16000366210938,32.810001373291016,154.4499969482422,163.8000030517578,7622.02001953125
2024-07-23,106.4000015258789,92.80000305175781,32.369998931884766,144.10000610351562,162.1999969482422,7598.6298828125
2024-07-24,105.5,91.36000061035156,32.099998474121094,145.1999969482422,174.6999969482422,7513.72998046875
2024-07-25,104.44999694824219,91.4000015258789,32.060001373291016,142.9499969482422,175.1999969482422,7427.02001953125
2024-07-26,108.05000305175781,93.5999984741211,32.369998931884766,144.10000610351562,181.39999389648438,7517.68017578125
2024-07-29,105.55000305175781,91.81999969482422,31.719999313354492,144.89999389648438,185.10000610351562,7443.83984375
2024-07-30,106.6500015258789,92.5999984741211,32.130001068115234,147.0500030517578,185.60000610351562,7474.93994140625
2024-07-31,105.5999984741211,92.0999984741211,31.940000534057617,146.9499969482422,186.10000610351562,7531.490234375
2024-08-01,103.0999984741211,90.44000244140625,31.329999923706055,145.1999969482422,186.0,7370.4501953125
2024-08-02,102.25,90.23999786376953,31.270000457763672,144.5,185.8000030517578,7251.7998046875
2024-08-05,101.0,88.45999908447266,30.84000015258789,145.8000030517578,185.5,7148.990234375
2024-08-06,100.5999984741211,88.05999755859375,30.75,145.3000030517578,186.3000030517578,7130.0400390625
2024-08-07,103.69999694824219,90.4800033569336,31.3799991607666,146.4499969482422,192.1999969482422,7266.009765625
2024-08-08,102.8499984741211,90.0199966430664,31.139999389648438,146.10000610351562,187.39999389648438,7247.4501953125
2024-08-09,103.44999694824219,90.58000183105469,31.290000915527344,147.35000610351562,190.5,7269.7099609375
2024-08-12,102.6500015258789,90.04000091552734,31.1200008392334,147.0500030517578,189.5,7250.669921875
2024-08-13,103.25,90.23999786376953,31.100000381469727,148.0,191.5,7275.8701171875
2024-08-14,103.5,90.91999816894531,31.299999237060547,148.85000610351562,194.39999389648438,7333.35986328125
2024-08-15,104.55000305175781,91.27999877929688,31.459999084472656,150.39999389648438,194.60000610351562,7423.3701171875
2024-08-16,105.5,92.05999755859375,31.530000686645508,149.8000030517578,193.1999969482422,7449.7001953125
2024-08-19,106.0,92.0,31.8799991607666,148.64999389648438,191.10000610351562,7484.169921875
2024-08-20,105.3499984741211,91.33999633789062,31.649999618530273,147.6999969482422,190.1999969482422,7485.72998046875
2024-08-21,105.5999984741211,91.91999816894531,31.649999618530273,148.1999969482422,190.6999969482422,7524.72021484375
2024-08-22,105.9000015258789,92.5199966430664,31.6200008392334,148.3000030517578,189.0,7524.10986328125
2024-08-23,106.8499984741211,93.41999816894531,32.099998474121094,148.3000030517578,189.1999969482422,7577.0400390625
2024-08-26,106.75,93.27999877929688,31.93000030517578,148.64999389648438,187.8000030517578,7590.3701171875
2024-08-27,106.6500015258789,94.08000183105469,31.969999313354492,149.0,188.8000030517578,7565.77978515625
2024-08-28,107.3499984741211,95.36000061035156,32.20000076293945,149.89999389648438,189.8000030517578,7577.669921875
2024-08-29,107.5999984741211,93.5999984741211,32.2599983215332,151.25,194.10000610351562,7640.9501953125
2024-08-30,108.1500015258789,94.80000305175781,32.40999984741211,152.0,194.8000030517578,7630.9501953125
2024-09-02,108.30000305175781,95.08000183105469,32.279998779296875,148.39999389648438,193.8000030517578,7646.419921875
2024-09-03,107.94999694824219,94.55999755859375,32.220001220703125,147.0,191.10000610351562,7575.10009765625
2024-09-04,107.5999984741211,94.9800033569336,31.979999542236328,146.9499969482422,192.1999969482422,7500.97021484375
2024-09-05,109.8499984741211,96.68000030517578,32.650001525878906,145.85000610351562,191.3000030517578,7431.9599609375
2024-09-06,109.0999984741211,95.80000305175781,31.979999542236328,144.89999389648438,187.1999969482422,7352.2998046875
2024-09-09,109.80000305175781,96.08000183105469,32.150001525878906,145.10000610351562,188.5,7425.259765625
2024-09-10,109.8499984741211,95.58000183105469,31.639999389648438,146.14999389648438,189.89999389648438,7407.5498046875
2024-09-11,109.9000015258789,95.5199966430664,31.56999969482422,145.85000610351562,187.5,7396.830078125
2024-09-12,108.0999984741211,92.4000015258789,31.270000457763672,146.39999389648438,189.5,7435.06982421875
2024-09-13,109.5,92.04000091552734,31.649999618530273,148.0,191.3000030517578,7465.25
2024-09-16,109.5999984741211,92.26000213623047,32.040000915527344,147.64999389648438,190.8000030517578,7449.43994140625
2024-09-17,110.5999984741211,93.22000122070312,32.349998474121094,142.0,185.60000610351562,7487.419921875
2024-09-18,110.3499984741211,93.69999694824219,32.599998474121094,144.89999389648438,188.10000610351562,7444.89990234375
2024-09-19,110.5999984741211,93.54000091552734,32.279998779296875,148.25,193.10000610351562,7615.41015625
2024-09-20,109.8499984741211,92.5999984741211,32.0099983215332,147.8000030517578,189.89999389648438,7500.259765625
2024-09-23,109.30000305175781,91.62000274658203,31.309999465942383,145.60000610351562,190.10000610351562,7508.080078125
2024-09-24,109.94999694824219,92.23999786376953,31.40999984741211,148.25,193.1999969482422,7604.009765625
2024-09-25,108.9000015258789,91.12000274658203,30.959999084472656,148.35000610351562,195.1999969482422,7565.6201171875
2024-09-26,109.75,91.72000122070312,31.15999984741211,144.64999389648438,191.0,7742.08984375
2024-09-27,110.5999984741211,91.73999786376953,30.979999542236328,144.64999389648438,191.8000030517578,7791.7900390625
2024-09-30,104.94999694824219,86.63999938964844,30.059999465942383,142.5500030517578,185.0,7635.75
2024-10-01,104.3499984741211,86.30000305175781,30.280000686645508,146.14999389648438,187.39999389648438,7574.06982421875
2024-10-02,104.94999694824219,86.30000305175781,30.110000610351562,147.5,188.1999969482422,7577.58984375
2024-10-03,102.05000305175781,83.95999908447266,28.68000030517578,146.6999969482422,187.5,7477.77978515625
2024-10-04,104.9000015258789,86.77999877929688,29.239999771118164,147.0500030517578,187.89999389648438,7541.35986328125
2024-10-07,105.30000305175781,86.63999938964844,29.31999969482422,147.3000030517578,187.6999969482422,7576.02001953125
2024-10-08,105.5999984741211,86.5199966430664,29.200000762939453,150.10000610351562,187.39999389648438,7521.31982421875
2024-10-09,107.75,88.5,29.559999465942383,150.5,191.8000030517578,7560.08984375
2024-10-10,107.55000305175781,88.54000091552734,29.489999771118164,149.39999389648438,184.8000030517578,7541.58984375
2024-10-11,107.6500015258789,88.54000091552734,29.5,147.1999969482422,185.5,7577.89013671875
2024-10-14,107.30000305175781,88.45999908447266,29.56999969482422,150.0,187.6999969482422,7602.06005859375
2024-10-15,106.30000305175781,88.5999984741211,29.850000381469727,150.0500030517578,186.10000610351562,7521.97021484375
2024-10-16,107.25,89.55999755859375,30.149999618530273,152.14999389648438,188.39999389648438,7492.0
2024-10-17,107.25,89.62000274658203,30.260000228881836,153.9499969482422,191.6999969482422,7583.72998046875
2024-10-18,107.30000305175781,89.86000061035156,30.18000030517578,153.5,191.89999389648438,7613.0498046875
2024-10-21,105.4000015258789,88.05999755859375,29.799999237060547,153.14999389648438,189.0,7536.22998046875
2024-10-22,104.80000305175781,87.68000030517578,29.780000686645508,154.0,192.6999969482422,7535.10009765625
2024-10-23,104.55000305175781,87.41999816894531,29.549999237060547,152.0500030517578,191.5,7497.47998046875
2024-10-24,104.30000305175781,87.18000030517578,29.770000457763672,153.14999389648438,192.60000610351562,7503.27978515625
2024-10-25,100.75,85.37999725341797,29.3799991607666,152.0500030517578,192.8000030517578,7497.5400390625
2024-10-28,103.6500015258789,86.9000015258789,29.760000228881836,151.9499969482422,192.3000030517578,7556.93994140625
2024-10-29,103.25,86.5999984741211,29.530000686645508,150.8000030517578,188.0,7511.10986328125
2024-10-30,101.94999694824219,85.36000061035156,29.1299991607666,151.0500030517578,185.8000030517578,7428.35986328125
2024-10-31,102.69999694824219,85.45999908447266,29.43000030517578,148.14999389648438,185.3000030517578,7350.3701171875
2024-11-01,103.19999694824219,86.16000366210938,29.709999084472656,149.4499969482422,186.5,7409.10986328125
2024-11-04,102.3499984741211,85.22000122070312,29.459999084472656,146.5,184.1999969482422,7371.7099609375
2024-11-05,102.0999984741211,84.58000183105469,30.3700008392334,149.9499969482422,187.60000610351562,7407.14990234375
2024-11-06,101.0,83.80000305175781,29.799999237060547,154.25,195.60000610351562,7369.60986328125
2024-11-07,100.5999984741211,83.86000061035156,29.8700008392334,160.4499969482422,199.1999969482422,7425.60009765625
2024-11-08,100.25,83.72000122070312,29.90999984741211,161.10000610351562,198.6999969482422,7338.669921875
2024-11-11,101.4000015258789,84.66000366210938,30.079999923706055,162.4499969482422,200.60000610351562,7426.8798828125
2024-11-12,99.9000015258789,84.66000366210938,29.510000228881836,160.85000610351562,197.89999389648438,7226.97998046875
2024-11-13,98.5999984741211,83.33999633789062,29.110000610351562,156.5,196.8000030517578,7216.830078125
2024-11-14,100.30000305175781,85.05999755859375,29.399999618530273,153.60000610351562,192.8000030517578,7311.7998046875
2024-11-15,100.55000305175781,86.83999633789062,29.690000534057617,151.3000030517578,191.89999389648438,7269.6298828125
2024-11-18,100.94999694824219,85.63999938964844,29.579999923706055,151.39999389648438,191.8000030517578,7278.22998046875
2024-11-19,100.30000305175781,84.72000122070312,29.139999389648438,153.9499969482422,195.39999389648438,7229.64013671875
2024-11-20,100.25,84.81999969482422,28.989999771118164,151.89999389648438,195.60000610351562,7198.4501953125
2024-11-21,100.6500015258789,84.72000122070312,28.649999618530273,152.5,198.39999389648438,7213.31982421875
2024-11-22,100.69999694824219,84.68000030517578,28.799999237060547,148.14999389648438,194.6999969482422,7255.009765625
2024-11-25,100.4000015258789,85.04000091552734,28.790000915527344,141.85000610351562,186.8000030517578,7257.47021484375
2024-11-26,99.12000274658203,84.0199966430664,28.43000030517578,142.1999969482422,187.10000610351562,7194.509765625
2024-11-27,97.4000015258789,83.41999816894531,28.209999084472656,140.0,186.89999389648438,7143.02978515625
2024-11-28,99.12000274658203,84.94000244140625,28.1200008392334,143.0500030517578,189.10000610351562,7179.25
2024-11-29,99.86000061035156,85.4000015258789,28.15999984741211,141.5,188.39999389648438,7235.10986328125
2024-12-02,97.26000213623047,82.80000305175781,27.670000076293945,141.85000610351562,189.3000030517578,7236.89013671875
2024-12-03,97.16000366210938,83.9800033569336,27.790000915527344,143.0,191.60000610351562,7255.419921875
2024-12-04,98.62000274658203,85.18000030517578,27.950000762939453,141.9499969482422,194.6999969482422,7303.27978515625
2024-12-05,100.9000015258789,87.0,28.600000381469727,142.14999389648438,193.89999389648438,7330.5400390625
2024-12-06,101.0999984741211,87.4000015258789,28.850000381469727,141.8000030517578,193.1999969482422,7426.8798828125
2024-12-09,101.1500015258789,87.36000061035156,28.8799991607666,139.8000030517578,190.10000610351562,7480.14013671875
2024-12-10,100.94999694824219,87.45999908447266,28.959999084472656,137.5,189.89999389648438,7394.77978515625
2024-12-11,101.0999984741211,87.80000305175781,28.75,138.6999969482422,191.6999969482422,7423.39990234375
2024-12-12,100.75,86.95999908447266,28.860000610351562,139.3000030517578,191.60000610351562,7420.93994140625
2024-12-13,101.19999694824219,87.12000274658203,29.06999969482422,138.0,190.10000610351562,7409.56982421875
2024-12-16,99.80000305175781,85.13999938964844,28.68000030517578,137.75,190.10000610351562,7357.080078125
2024-12-17,99.5199966430664,83.9000015258789,28.530000686645508,136.5,189.39999389648438,7365.7001953125
2024-12-18,99.23999786376953,83.12000274658203,28.579999923706055,137.39999389648438,189.1999969482422,7384.6201171875
2024-12-19,98.4800033569336,82.44000244140625,28.200000762939453,139.4499969482422,192.60000610351562,7294.3701171875
2024-12-20,97.9800033569336,82.05999755859375,28.190000534057617,137.4499969482422,191.3000030517578,7274.47998046875
2024-12-23,98.23999786376953,82.31999969482422,28.079999923706055,137.0500030517578,191.8000030517578,7272.31982421875
2024-12-24,97.9800033569336,82.55999755859375,27.989999771118164,137.75,192.10000610351562,7282.68994140625
2024-12-27,99.05999755859375,83.37999725341797,28.530000686645508,138.0500030517578,192.6999969482422,7355.3701171875
2024-12-30,98.72000122070312,83.31999969482422,28.540000915527344,137.5,195.8000030517578,7313.56005859375
2024-12-31,99.73999786376953,84.72000122070312,28.540000915527344,138.64999389648438,197.1999969482422,7380.740234375
2025-01-02,99.69999694824219,84.13999938964844,28.850000381469727,137.60000610351562,195.89999389648438,7393.759765625
2025-01-03,98.91999816894531,83.37999725341797,28.729999542236328,136.6999969482422,194.1999969482422,7282.22021484375
2025-01-06,99.95999908447266,83.9000015258789,28.780000686645508,137.75,194.39999389648438,7445.68994140625
2025-01-07,101.1500015258789,84.22000122070312,28.8700008392334,139.5500030517578,196.5,7489.35009765625
2025-01-08,99.73999786376953,83.4000015258789,28.799999237060547,145.4499969482422,206.1999969482422,7452.419921875
2025-01-09,100.0999984741211,83.22000122070312,28.610000610351562,143.8000030517578,205.8000030517578,7490.27978515625
2025-01-10,99.05999755859375,82.91999816894531,28.43000030517578,144.14999389648438,206.1999969482422,7431.0400390625
2025-01-13,98.76000213623047,82.31999969482422,28.8700008392334,144.10000610351562,206.1999969482422,7408.64013671875
2025-01-14,99.13999938964844,83.31999969482422,28.809999465942383,145.25,206.0,7423.669921875
2025-01-15,99.94000244140625,84.0,29.40999984741211,145.35000610351562,203.60000610351562,7474.58984375
2025-01-16,101.05000305175781,84.77999877929688,29.75,147.14999389648438,204.39999389648438,7634.740234375
2025-01-17,102.5999984741211,86.04000091552734,30.030000686645508,148.5,203.8000030517578,7709.75
2025-01-20,103.0,86.27999877929688,30.200000762939453,149.60000610351562,205.60000610351562,7733.5
2025-01-21,102.9000015258789,86.13999938964844,30.219999313354492,151.14999389648438,208.60000610351562,7770.9501953125
2025-01-22,102.8499984741211,85.27999877929688,30.559999465942383,152.14999389648438,209.0,7837.39990234375
2025-01-23,103.94999694824219,86.0999984741211,30.700000762939453,152.85000610351562,209.60000610351562,7892.60986328125
2025-01-24,102.3499984741211,84.68000030517578,30.440000534057617,152.3000030517578,208.1999969482422,7927.6201171875
2025-01-27,103.44999694824219,85.41999816894531,30.6200008392334,152.39999389648438,209.1999969482422,7906.580078125
2025-01-28,104.5,86.36000061035156,30.6200008392334,154.1999969482422,212.0,7897.3701171875
2025-01-29,103.0999984741211,85.5999984741211,30.5,152.25,208.60000610351562,7872.47998046875
2025-01-30,104.5,86.77999877929688,30.639999389648438,154.5500030517578,215.60000610351562,7941.64013671875
2025-01-31,104.5,86.31999969482422,30.6299991607666,156.10000610351562,217.8000030517578,7950.169921875
2025-02-03,104.1500015258789,86.22000122070312,30.68000030517578,157.35000610351562,217.0,7854.919921875
2025-02-04,105.6500015258789,88.4000015258789,31.010000228881836,159.89999389648438,218.8000030517578,7906.39990234375
2025-02-05,105.4000015258789,87.55999755859375,30.940000534057617,159.25,219.0,7891.68017578125
2025-02-06,107.25,88.55999755859375,31.260000228881836,155.5,210.39999389648438,8007.6201171875
2025-02-07,109.8499984741211,90.16000366210938,31.469999313354492,157.60000610351562,212.39999389648438,7973.02978515625
2025-02-10,108.19999694824219,89.0,31.31999969482422,159.10000610351562,217.39999389648438,8006.22021484375
2025-02-11,106.80000305175781,88.63999938964844,31.31999969482422,161.25,218.0,8028.89990234375
2025-02-12,107.05000305175781,88.4000015258789,31.639999389648438,160.1999969482422,217.1999969482422,8042.18994140625
2025-02-13,108.0,89.68000030517578,32.16999816894531,162.9499969482422,218.1999969482422,8164.10986328125
2025-02-14,108.3499984741211,90.41999816894531,32.290000915527344,165.35000610351562,218.8000030517578,8178.5400390625
2025-02-17,109.19999694824219,90.76000213623047,32.380001068115234,178.3000030517578,233.0,8189.1298828125
2025-02-18,110.0999984741211,91.0999984741211,32.36000061035156,182.4499969482422,233.0,8206.5595703125
2025-02-19,108.5,90.0199966430664,32.060001373291016,184.35000610351562,235.1999969482422,8110.5400390625
2025-02-20,108.19999694824219,90.23999786376953,32.20000076293945,183.0500030517578,234.1999969482422,8122.580078125
2025-02-21,108.55000305175781,90.13999938964844,32.08000183105469,182.25,234.0,8154.509765625
2025-02-24,109.30000305175781,90.81999969482422,32.209999084472656,185.6999969482422,241.8000030517578,8090.990234375
2025-02-25,109.44999694824219,90.44000244140625,32.689998626708984,189.35000610351562,243.39999389648438,8051.06982421875
2025-02-26,110.80000305175781,91.33999633789062,32.83000183105469,190.1999969482422,244.60000610351562,8143.919921875
2025-02-27,110.55000305175781,96.69999694824219,33.04999923706055,193.25,247.8000030517578,8102.52001953125
2025-02-28,111.0999984741211,96.58000183105469,33.040000915527344,191.64999389648438,246.39999389648438,8111.6298828125
2025-03-03,111.6500015258789,96.80000305175781,33.220001220703125,222.39999389648438,282.79998779296875,8199.7099609375
2025-03-04,111.75,96.62000274658203,33.5099983215332,228.0,275.20001220703125,8047.919921875
2025-03-05,117.4000015258789,103.44999694824219,34.880001068115234,245.39999389648438,287.0,8173.75
2025-03-06,118.8499984741211,108.8499984741211,36.65999984741211,247.1999969482422,296.6000061035156,8197.669921875
2025-03-07,117.0,106.6500015258789,35.59000015258789,236.6999969482422,286.6000061035156,8120.7998046875
2025-03-10,116.0,102.0999984741211,35.11000061035156,236.1999969482422,285.20001220703125,8047.60009765625
2025-03-11,114.5999984741211,102.75,35.189998626708984,234.6999969482422,288.20001220703125,7941.91015625
2025-03-12,116.1500015258789,106.80000305175781,35.25,238.8000030517578,291.6000061035156,7988.9599609375
2025-03-13,116.05000305175781,106.0,35.31999969482422,236.89999389648438,291.20001220703125,7938.2099609375
2025-03-14,117.30000305175781,107.75,35.79999923706055,250.10000610351562,307.79998779296875,8028.27978515625
2025-03-17,118.25,108.6500015258789,36.04999923706055,248.39999389648438,313.20001220703125,8073.97998046875
2025-03-18,119.4000015258789,111.25,36.279998779296875,252.39999389648438,316.0,8114.56982421875
2025-03-19,119.75,110.9000015258789,36.31999969482422,247.10000610351562,316.3999938964844,8171.47021484375
2025-03-20,118.8499984741211,110.3499984741211,36.2400016784668,243.10000610351562,306.3999938964844,8094.2001953125
2025-03-21,118.25,109.44999694824219,35.880001068115234,240.0,307.0,8042.9501953125
2025-03-24,118.4000015258789,110.19999694824219,36.040000915527344,244.6999969482422,310.6000061035156,8022.330078125
2025-03-25,119.30000305175781,111.55000305175781,36.369998931884766,248.1999969482422,314.20001220703125,8108.58984375
2025-03-26,118.80000305175781,111.5,36.43000030517578,251.0,315.3999938964844,8030.68017578125
2025-03-27,119.19999694824219,111.8499984741211,36.9900016784668,250.0,315.0,7990.10986328125
2025-03-28,118.69999694824219,110.05000305175781,36.90999984741211,246.60000610351562,309.0,7916.080078125
2025-03-31,116.30000305175781,107.25,36.40999984741211,245.60000610351562,305.0,7790.7099609375
2025-04-01,117.5,108.44999694824219,36.959999084472656,250.10000610351562,306.6000061035156,7876.35986328125
2025-04-02,118.25,109.25,36.9900016784668,246.3000030517578,299.6000061035156,7858.830078125
2025-04-03,117.75,110.0999984741211,37.060001373291016,252.39999389648438,302.0,7598.97998046875
2025-04-04,112.30000305175781,104.19999694824219,35.58000183105469,237.89999389648438,279.79998779296875,7274.9501953125
2025-04-07,107.0,100.75,34.529998779296875,227.8000030517578,266.79998779296875,6927.1201171875
2025-04-08,109.5999984741211,103.44999694824219,34.91999816894531,240.1999969482422,284.20001220703125,7100.419921875
2025-04-09,107.80000305175781,101.05000305175781,34.34000015258789,235.6999969482422,282.20001220703125,6863.02001953125
2025-04-10,111.8499984741211,104.3499984741211,34.790000915527344,245.60000610351562,290.6000061035156,7126.02001953125
2025-04-11,113.25,104.3499984741211,35.040000915527344,245.10000610351562,291.3999938964844,7104.7998046875
2025-04-14,115.75,108.5,35.810001373291016,252.5,301.0,7273.1201171875
2025-04-15,118.1500015258789,112.1500015258789,36.7400016784668,259.70001220703125,309.79998779296875,7335.39990234375
2025-04-16,120.0,113.19999694824219,37.45000076293945,257.29998779296875,307.3999938964844,7329.97021484375
2025-04-17,119.69999694824219,113.55000305175781,37.34000015258789,253.0,303.6000061035156,7285.85986328125
2025-04-22,117.9000015258789,113.9000015258789,37.540000915527344,252.89999389648438,300.0,7326.47021484375
2025-04-23,119.5,114.0999984741211,37.619998931884766,250.8000030517578,301.20001220703125,7482.35986328125
2025-04-24,120.4000015258789,114.19999694824219,37.7599983215332,241.3000030517578,298.20001220703125,7502.77978515625
2025-04-25,120.8499984741211,115.5,37.77000045776367,233.8000030517578,297.3999938964844,7536.259765625
2025-04-28,121.0,117.19999694824219,38.11000061035156,234.0,297.6000061035156,7573.759765625
2025-04-29,122.0,118.44999694824219,38.290000915527344,239.6999969482422,307.79998779296875,7555.8701171875
2025-04-30,122.5999984741211,119.75,38.70000076293945,244.89999389648438,317.0,7593.8701171875
2025-05-02,125.55000305175781,122.4000015258789,39.040000915527344,252.89999389648438,324.6000061035156,7770.47998046875
2025-05-05,125.30000305175781,123.4000015258789,37.75,251.5,330.0,7727.93017578125
2025-05-06,125.8499984741211,122.0999984741211,37.95000076293945,249.60000610351562,324.6000061035156,7696.919921875
2025-05-07,125.5999984741211,122.44999694824219,37.77000045776367,248.6999969482422,320.20001220703125,7626.83984375
2025-05-08,125.5999984741211,123.4000015258789,37.689998626708984,253.5,325.79998779296875,7694.43994140625
2025-05-09,125.94999694824219,123.4000015258789,37.79999923706055,246.3000030517578,314.6000061035156,7743.75
2025-05-12,123.6500015258789,121.25,37.400001525878906,239.0,299.79998779296875,7850.10009765625
2025-05-13,123.0999984741211,121.05000305175781,37.22999954223633,239.3000030517578,301.0,7873.830078125
2025-05-14,124.0,123.9000015258789,38.22999954223633,240.3000030517578,300.20001220703125,7836.7900390625
2025-05-15,126.19999694824219,125.25,38.56999969482422,246.89999389648438,307.6000061035156,7853.47021484375
2025-05-16,127.25,125.80000305175781,38.75,250.8000030517578,309.3999938964844,7886.68994140625
2025-05-19,127.55000305175781,126.3499984741211,38.93000030517578,253.10000610351562,310.20001220703125,7883.6298828125
2025-05-20,128.8000030517578,127.5,39.400001525878906,254.5,307.3999938964844,7942.419921875
2025-05-21,129.35000610351562,123.9000015258789,39.43000030517578,255.3000030517578,311.3999938964844,7910.490234375
2025-05-22,129.39999389648438,124.5999984741211,39.61000061035156,259.5,311.20001220703125,7864.43994140625
2025-05-23,128.5,124.19999694824219,39.59000015258789,257.0,305.0,7734.39990234375
2025-05-26,129.35000610351562,124.30000305175781,39.56999969482422,262.0,308.6000061035156,7828.1298828125
2025-05-27,128.5500030517578,122.8499984741211,39.290000915527344,266.8999938964844,311.79998779296875,7826.7900390625
2025-05-28,128.1999969482422,122.44999694824219,38.83000183105469,272.3999938964844,320.79998779296875,7788.10009765625
2025-05-29,127.9000015258789,122.44999694824219,38.790000915527344,266.8999938964844,318.20001220703125,7779.72021484375
2025-05-30,125.8499984741211,121.0999984741211,38.38999938964844,267.3999938964844,318.79998779296875,7751.89013671875
2025-06-02,127.80000305175781,122.6500015258789,38.45000076293945,270.20001220703125,322.3999938964844,7737.2001953125
2025-06-03,127.5,122.4000015258789,38.31999969482422,272.1000061035156,323.6000061035156,7763.83984375
2025-06-04,127.25,121.05000305175781,37.93000030517578,267.79998779296875,316.3999938964844,7804.669921875
2025-06-05,126.9000015258789,122.0999984741211,38.349998474121094,272.6000061035156,319.6000061035156,7790.27001953125
2025-06-06,126.5999984741211,120.0,38.08000183105469,261.5,315.20001220703125,7804.8701171875
2025-06-09,125.8499984741211,119.9000015258789,38.060001373291016,259.1000061035156,308.20001220703125,7791.47021484375
2025-06-10,125.25,118.44999694824219,37.970001220703125,249.6999969482422,298.0,7804.330078125
2025-06-11,125.69999694824219,119.0,38.11000061035156,249.1999969482422,303.0,7775.89990234375
2025-06-12,126.1500015258789,119.9000015258789,38.220001220703125,249.60000610351562,304.79998779296875,7765.10986328125
2025-06-13,124.6500015258789,118.19999694824219,37.81999969482422,250.60000610351562,304.20001220703125,7684.68017578125
2025-06-16,125.25,118.5999984741211,38.04999923706055,250.6999969482422,305.6000061035156,7742.240234375
2025-06-17,124.30000305175781,117.5,37.529998779296875,248.1999969482422,305.0,7683.72998046875
2025-06-18,123.8499984741211,117.3499984741211,38.029998779296875,248.3000030517578,305.79998779296875,7656.1201171875
2025-06-19,121.05000305175781,112.94999694824219,36.90999984741211,245.89999389648438,303.6000061035156,7553.4501953125
2025-06-20,121.69999694824219,113.1500015258789,37.040000915527344,249.39999389648438,305.0,7589.66015625
2025-06-23,120.94999694824219,113.30000305175781,37.06999969482422,246.60000610351562,304.20001220703125,7537.56982421875
2025-06-24,122.94999694824219,114.94999694824219,37.43000030517578,237.8000030517578,292.0,7615.990234375
2025-06-25,123.05000305175781,116.8499984741211,37.599998474121094,242.39999389648438,296.6000061035156,7558.16015625
2025-06-26,123.9000015258789,117.69999694824219,37.97999954223633,249.60000610351562,302.20001220703125,7557.31005859375
2025-06-27,125.0,119.05000305175781,38.400001525878906,245.8000030517578,298.6000061035156,7691.5498046875
2025-06-30,125.0999984741211,119.25,38.400001525878906,249.60000610351562,300.20001220703125,7665.91015625
2025-07-01,125.44999694824219,118.9000015258789,38.619998931884766,236.3000030517578,291.0,7662.58984375
2025-07-02,124.94999694824219,117.9000015258789,39.08000183105469,238.3000030517578,292.79998779296875,7738.419921875
2025-07-03,125.25,117.69999694824219,39.13999938964844,243.39999389648438,293.79998779296875,7754.5498046875
2025-07-04,124.25,116.75,39.04999923706055,244.60000610351562,296.20001220703125,7696.27001953125
2025-07-07,125.30000305175781,117.5,39.040000915527344,248.39999389648438,297.0,7723.47021484375
2025-07-08,125.0,116.3499984741211,38.84000015258789,246.1999969482422,294.3999938964844,7766.7099609375
2025-07-09,127.05000305175781,118.94999694824219,39.349998474121094,247.89999389648438,294.79998779296875,7878.4599609375
2025-07-10,126.1500015258789,117.30000305175781,38.599998474121094,246.3000030517578,296.3999938964844,7902.25
2025-07-11,125.80000305175781,117.25,38.5099983215332,251.0,302.79998779296875,7829.2900390625
2025-07-14,125.25,117.5,39.060001373291016,254.60000610351562,308.0,7808.169921875
2025-07-15,123.80000305175781,116.1500015258789,38.63999938964844,248.0,300.3999938964844,7766.2099609375
2025-07-16,122.69999694824219,114.4000015258789,38.15999984741211,246.5,295.0,7722.08984375
2025-07-17,124.4000015258789,116.6500015258789,38.68000030517578,248.8000030517578,294.20001220703125,7822.0
2025-07-18,124.80000305175781,117.30000305175781,38.84000015258789,250.5,295.6000061035156,7822.669921875
2025-07-21,124.5999984741211,117.0,38.599998474121094,246.5,289.6000061035156,7798.22021484375
2025-07-22,122.75,115.94999694824219,38.439998626708984,243.8000030517578,286.20001220703125,7744.41015625
2025-07-23,125.05000305175781,117.25,38.630001068115234,238.0,262.0,7850.43017578125
2025-07-24,123.69999694824219,116.9000015258789,38.45000076293945,238.1999969482422,267.3999938964844,7818.27978515625
2025-07-25,124.19999694824219,116.9000015258789,38.779998779296875,240.10000610351562,265.20001220703125,7834.580078125
2025-07-28,123.3499984741211,116.25,38.20000076293945,229.6999969482422,269.3999938964844,7800.8798828125
2025-07-29,125.1500015258789,118.25,39.0099983215332,235.89999389648438,273.0,7857.35986328125
2025-07-30,124.9000015258789,118.30000305175781,38.97999954223633,235.10000610351562,271.3999938964844,7861.9599609375
2025-07-31,121.5999984741211,117.6500015258789,36.150001525878906,235.8000030517578,272.3999938964844,7771.97021484375
2025-08-01,118.75,115.69999694824219,36.20000076293945,235.5,270.0,7546.16015625
2025-08-04,119.94999694824219,116.80000305175781,36.56999969482422,236.5,271.3999938964844,7632.009765625
2025-08-05,120.5999984741211,117.55000305175781,36.65999984741211,236.89999389648438,270.3999938964844,7621.0400390625
2025-08-06,121.4000015258789,118.8499984741211,36.91999816894531,238.5,273.79998779296875,7635.02978515625
2025-08-07,122.80000305175781,120.19999694824219,37.36000061035156,231.1999969482422,270.0,7709.31982421875
2025-08-08,123.6500015258789,121.05000305175781,37.849998474121094,229.0,268.6000061035156,7743.0
2025-08-11,124.9000015258789,122.1500015258789,38.34000015258789,228.3000030517578,267.3999938964844,7698.52001953125
2025-08-12,125.0,122.80000305175781,38.34000015258789,230.8000030517578,272.0,7753.419921875
2025-08-13,126.5999984741211,124.1500015258789,38.54999923706055,231.60000610351562,272.0,7804.97021484375
2025-08-14,127.9000015258789,125.05000305175781,39.040000915527344,237.5,275.79998779296875,7870.33984375
2025-08-15,129.60000610351562,125.94999694824219,39.279998779296875,235.39999389648438,275.6000061035156,7923.4501953125
2025-08-18,128.0,125.30000305175781,38.91999816894531,238.60000610351562,277.79998779296875,7884.0498046875
2025-08-19,129.0,125.5999984741211,39.15999984741211,228.8000030517578,269.20001220703125,7979.080078125
2025-08-20,128.60000610351562,125.5,38.849998474121094,229.39999389648438,271.20001220703125,7973.02978515625
2025-08-21,128.64999389648438,125.8499984741211,38.63999938964844,231.3000030517578,275.20001220703125,7938.2900390625
2025-08-22,129.0,125.9000015258789,38.709999084472656,232.3000030517578,273.6000061035156,7969.68994140625
2025-08-25,121.5,119.0999984741211,36.970001220703125,232.39999389648438,278.6000061035156,7843.0400390625
2025-08-26,114.44999694824219,109.75,36.400001525878906,225.1999969482422,275.0,7709.81005859375
2025-08-27,115.69999694824219,109.75,36.68000030517578,227.1999969482422,272.3999938964844,7743.93017578125
2025-08-28,117.0999984741211,107.0,36.72999954223633,226.0,271.3999938964844,7762.60009765625
2025-08-29,115.9000015258789,107.5,36.63999938964844,225.1999969482422,270.0,7703.89990234375
2025-09-01,115.44999694824219,106.0,36.13999938964844,224.1999969482422,270.20001220703125,7707.89990234375
2025-09-02,113.05000305175781,104.4000015258789,35.630001068115234,220.1999969482422,264.3999938964844,7654.25
2025-09-03,114.30000305175781,105.0999984741211,35.63999938964844,223.8000030517578,269.79998779296875,7719.7099609375
2025-09-04,115.9000015258789,108.1500015258789,36.220001220703125,222.10000610351562,270.0,7698.919921875
2025-09-05,115.55000305175781,107.8499984741211,36.029998779296875,222.1999969482422,269.20001220703125,7674.77978515625
2025-09-08,117.30000305175781,109.6500015258789,36.439998626708984,224.60000610351562,271.20001220703125,7734.83984375
2025-09-09,117.6500015258789,109.0999984741211,36.849998474121094,228.1999969482422,272.3999938964844,7749.39013671875
2025-09-10,118.3499984741211,111.0,37.459999084472656,235.10000610351562,278.6000061035156,7761.31982421875
2025-09-11,118.5999984741211,112.05000305175781,37.7400016784668,243.6999969482422,283.0,7823.52001953125
2025-09-12,118.5,111.8499984741211,37.790000915527344,250.5,290.0,7825.240234375
2025-09-15,119.55000305175781,112.4000015258789,38.27000045776367,262.20001220703125,304.0,7896.93017578125
2025-09-16,117.8499984741211,110.8499984741211,37.380001068115234,257.70001220703125,299.6000061035156,7818.22021484375
2025-09-17,116.4000015258789,109.69999694824219,37.11000061035156,253.3000030517578,293.20001220703125,7786.97998046875
2025-09-18,117.25,110.6500015258789,37.18000030517578,252.8000030517578,293.79998779296875,7854.60986328125
2025-09-19,117.5999984741211,111.55000305175781,37.369998931884766,247.1999969482422,280.3999938964844,7853.58984375
2025-09-22,116.94999694824219,110.19999694824219,37.31999969482422,250.8000030517578,282.79998779296875,7830.10986328125
2025-09-23,117.1500015258789,109.3499984741211,37.11000061035156,250.39999389648438,282.79998779296875,7872.02001953125
2025-09-24,115.55000305175781,108.0,37.29999923706055,256.29998779296875,286.6000061035156,7827.4501953125
2025-09-25,115.25,106.94999694824219,37.209999084472656,256.3999938964844,286.20001220703125,7795.419921875
2025-09-26,116.75,108.6500015258789,38.16999816894531,259.29998779296875,281.79998779296875,7870.68017578125
2025-09-29,116.30000305175781,107.4000015258789,38.31999969482422,263.5,286.3999938964844,7880.8701171875
2025-09-30,117.94999694824219,108.69999694824219,38.31999969482422,266.6000061035156,284.6000061035156,7895.93994140625
2025-10-01,118.4000015258789,109.0999984741211,38.36000061035156,264.0,285.79998779296875,7966.9501953125
2025-10-02,118.44999694824219,109.5,39.06999969482422,273.0,288.0,8056.6298828125
2025-10-03,117.94999694824219,108.9000015258789,38.40999984741211,271.0,289.6000061035156,8081.5400390625
2025-10-06,115.5999984741211,105.75,37.349998474121094,262.29998779296875,280.79998779296875,7971.77978515625
2025-10-07,115.5999984741211,105.69999694824219,37.150001525878906,260.29998779296875,281.0,7974.85009765625
2025-10-08,116.94999694824219,107.75,37.7400016784668,264.79998779296875,285.6000061035156,8060.1298828125
2025-10-09,118.44999694824219,110.44999694824219,38.439998626708984,262.79998779296875,284.20001220703125,8041.35986328125
2025-10-10,117.44999694824219,108.9000015258789,38.06999969482422,257.5,279.0,7918.0
2025-10-13,118.3499984741211,109.0999984741211,38.18000030517578,255.0,276.20001220703125,7934.259765625
2025-10-14,119.44999694824219,111.5,38.720001220703125,257.6000061035156,276.3999938964844,7919.6201171875
2025-10-15,120.4000015258789,111.55000305175781,41.58000183105469,249.39999389648438,270.0,8077.0
2025-10-16,121.80000305175781,113.0,41.459999084472656,253.8000030517578,274.0,8188.58984375
2025-10-17,121.4000015258789,112.5999984741211,41.27000045776367,245.39999389648438,269.79998779296875,8174.2001953125
2025-10-20,121.44999694824219,112.75,41.15999984741211,254.5,274.0,8206.0703125
2025-10-21,120.8499984741211,110.8499984741211,40.77000045776367,255.6999969482422,274.0,8258.8603515625
2025-10-22,122.19999694824219,112.19999694824219,40.849998474121094,259.20001220703125,281.3999938964844,8206.8701171875
2025-10-23,122.8499984741211,112.4000015258789,41.470001220703125,260.70001220703125,283.79998779296875,8225.7802734375
2025-10-24,120.4000015258789,110.44999694824219,41.11000061035156,253.39999389648438,280.6000061035156,8225.6298828125
2025-10-27,120.0,109.05000305175781,40.72999954223633,251.60000610351562,279.0,8239.1796875
2025-10-28,117.4000015258789,107.6500015258789,40.369998931884766,252.6999969482422,280.0,8216.580078125
2025-10-29,116.1500015258789,106.6500015258789,39.95000076293945,246.60000610351562,275.0,8200.8798828125
2025-10-30,116.4000015258789,106.6500015258789,39.599998474121094,245.8000030517578,273.0,8157.2900390625
2025-10-31,115.9000015258789,106.69999694824219,39.130001068115234,246.89999389648438,278.79998779296875,8121.06982421875
2025-11-03,115.44999694824219,107.4000015258789,39.29999923706055,249.5,285.0,8109.7900390625
2025-11-04,116.19999694824219,107.9000015258789,39.189998626708984,247.0,278.6000061035156,8067.52978515625
2025-11-05,117.1500015258789,108.5,39.7599983215332,240.10000610351562,271.6000061035156,8074.22998046875
2025-11-06,116.44999694824219,108.3499984741211,39.810001373291016,238.5,270.3999938964844,7964.77001953125
2025-11-07,115.5999984741211,107.6500015258789,39.81999969482422,241.0,273.20001220703125,7950.18017578125
2025-11-10,116.94999694824219,108.55000305175781,40.5099983215332,241.3000030517578,275.20001220703125,8055.509765625
2025-11-11,118.4000015258789,109.25,40.7599983215332,240.60000610351562,276.3999938964844,8156.22998046875
2025-11-12,119.9000015258789,110.9000015258789,41.150001525878906,241.0,277.3999938964844,8241.240234375
2025-11-13,120.5999984741211,112.30000305175781,41.849998474121094,243.6999969482422,278.0,8232.490234375
2025-11-14,119.5,112.25,41.630001068115234,239.39999389648438,274.20001220703125,8170.08984375
2025-11-17,118.5,111.8499984741211,41.959999084472656,242.6999969482422,286.79998779296875,8119.02001953125
2025-11-18,116.69999694824219,110.94999694824219,41.31999969482422,238.8000030517578,281.3999938964844,7967.93017578125
2025-11-19,117.8499984741211,113.1500015258789,41.29999923706055,232.89999389648438,273.20001220703125,7953.77001953125
2025-11-20,116.80000305175781,112.0999984741211,41.43000030517578,235.8000030517578,274.20001220703125,7981.06982421875
2025-11-21,119.19999694824219,112.44999694824219,41.75,226.89999389648438,265.79998779296875,7982.64990234375
2025-11-24,119.4000015258789,114.0,42.029998779296875,223.5,264.20001220703125,7959.669921875
2025-11-25,121.0,116.1500015258789,42.369998931884766,226.3000030517578,263.6000061035156,8025.7998046875
2025-11-26,122.05000305175781,117.05000305175781,42.650001525878906,225.60000610351562,267.79998779296875,8096.43017578125
2025-11-27,122.30000305175781,119.4000015258789,42.54999923706055,226.5,269.3999938964844,8099.47021484375
2025-11-28,122.25,119.0,43.02000045776367,225.39999389648438,270.6000061035156,8122.7099609375
2025-12-01,122.55000305175781,119.9000015258789,43.060001373291016,219.5,265.6000061035156,8097.0
2025-12-02,121.8499984741211,121.44999694824219,43.47999954223633,221.39999389648438,269.79998779296875,8074.60986328125
2025-12-03,119.4000015258789,119.75,43.04999923706055,224.5,269.20001220703125,8087.419921875
2025-12-04,119.5,118.94999694824219,43.369998931884766,224.6999969482422,270.79998779296875,8122.02978515625
2025-12-05,120.5999984741211,119.6500015258789,43.16999816894531,224.1999969482422,269.6000061035156,8114.740234375
2025-12-08,120.94999694824219,120.6500015258789,43.709999084472656,227.0,270.0,8108.43017578125
2025-12-09,120.3499984741211,120.75,43.70000076293945,232.89999389648438,277.0,8052.509765625
2025-12-10,116.5999984741211,119.30000305175781,43.130001068115234,228.0,271.20001220703125,8022.68994140625
2025-12-11,119.80000305175781,121.4000015258789,43.36000061035156,228.39999389648438,270.20001220703125,8085.759765625
2025-12-12,119.30000305175781,120.80000305175781,43.150001525878906,231.10000610351562,272.20001220703125,8068.6201171875
2025-12-15,120.1500015258789,121.94999694824219,43.9900016784668,231.3000030517578,272.20001220703125,8124.8798828125
2025-12-16,120.44999694824219,122.0999984741211,44.0,227.5,268.6000061035156,8106.16015625
2025-12-17,119.75,122.0999984741211,43.970001220703125,227.5,269.20001220703125,8086.0498046875
2025-12-18,120.25,122.05000305175781,44.7599983215332,231.1999969482422,272.79998779296875,8150.64013671875
2025-12-19,119.80000305175781,121.5,44.560001373291016,229.8000030517578,274.79998779296875,8151.3798828125
2025-12-22,119.9000015258789,121.9000015258789,44.5099983215332,230.5,272.20001220703125,8121.06982421875
2025-12-23,119.80000305175781,121.4000015258789,44.36000061035156,229.0,271.0,8103.85009765625
2025-12-24,119.6500015258789,121.4000015258789,44.29999923706055,228.60000610351562,271.79998779296875,8103.580078125
2025-12-29,119.9000015258789,121.5,44.279998779296875,227.10000610351562,270.3999938964844,8112.02001953125
2025-12-30,120.44999694824219,121.9000015258789,44.599998474121094,229.6999969482422,272.3999938964844,8168.14990234375
2025-12-31,120.05000305175781,122.4000015258789,44.349998474121094,229.8000030517578,273.79998779296875,8149.5
2026-01-02,121.1500015258789,123.5,45.20000076293945,235.0,280.3999938964844,8195.2099609375
2026-01-05,121.30000305175781,124.75,45.400001525878906,246.10000610351562,292.0,8211.5
2026-01-06,120.4000015258789,123.25,45.22999954223633,247.89999389648438,291.6000061035156,8237.4296875
2026-01-07,124.25,128.4499969482422,46.20000076293945,268.5,305.6000061035156,8233.919921875
2026-01-08,123.75,128.10000610351562,46.29999923706055,265.79998779296875,306.20001220703125,8243.4697265625
2026-01-09,121.0,125.5999984741211,45.27000045776367,266.0,308.6000061035156,8362.08984375
2026-01-12,122.05000305175781,125.44999694824219,45.52000045776367,270.20001220703125,315.0,8358.759765625
2026-01-13,116.55000305175781,121.5,44.58000183105469,264.20001220703125,314.0,8347.2001953125
2026-01-14,116.75,120.5,45.27000045776367,263.1000061035156,311.20001220703125,8330.9697265625
2026-01-15,116.25,119.94999694824219,45.38999938964844,255.10000610351562,308.6000061035156,8313.1201171875
2026-01-16,117.44999694824219,119.69999694824219,45.31999969482422,261.6000061035156,316.3999938964844,8258.9404296875
2026-01-19,116.0999984741211,119.69999694824219,45.15999984741211,264.3999938964844,329.0,8112.02001953125
2026-01-20,114.75,117.75,44.689998626708984,264.29998779296875,331.0,8062.580078125
2026-01-21,114.80000305175781,117.69999694824219,44.209999084472656,261.70001220703125,328.3999938964844,8069.169921875
2026-01-22,117.55000305175781,121.5999984741211,45.279998779296875,251.39999389648438,321.3999938964844,8148.89013671875
2026-01-23,117.55000305175781,121.30000305175781,44.4900016784668,258.5,334.20001220703125,8143.0498046875
2026-01-26,117.1500015258789,120.80000305175781,44.61000061035156,256.5,326.6000061035156,8131.14990234375
2026-01-27,118.75,124.75,45.880001068115234,260.8999938964844,334.3999938964844,8152.81982421875
2026-01-28,119.69999694824219,124.94999694824219,45.650001525878906,260.5,325.79998779296875,8066.68017578125
2026-01-29,120.0999984741211,124.3499984741211,45.41999816894531,255.89999389648438,320.0,8071.35986328125
2026-01-30,121.1500015258789,124.94999694824219,45.61000061035156,256.0,319.79998779296875,8126.52978515625
2026-02-02,121.75,126.0,46.61000061035156,257.0,317.0,8181.169921875
2026-02-03,122.55000305175781,127.5999984741211,46.81999969482422,258.70001220703125,317.79998779296875,8179.5
2026-02-04,124.25,128.6999969482422,46.810001373291016,253.10000610351562,312.20001220703125,8262.16015625
2026-02-05,122.0999984741211,127.05000305175781,46.560001373291016,248.6999969482422,315.20001220703125,8238.169921875
2026-02-06,134.1999969482422,134.3000030517578,48.25,247.10000610351562,317.0,8273.83984375
2026-02-09,133.10000610351562,133.75,48.5099983215332,257.3999938964844,331.79998779296875,8323.2802734375
2026-02-10,132.9499969482422,133.8000030517578,48.58000183105469,252.5,326.0,8327.8798828125
2026-02-11,133.5500030517578,135.39999389648438,49.779998779296875,245.89999389648438,321.6000061035156,8313.240234375
2026-02-12,134.0,135.25,49.63999938964844,246.6999969482422,323.20001220703125,8340.5595703125
2026-02-13,135.3000030517578,135.39999389648438,49.06999969482422,245.1999969482422,329.79998779296875,8311.740234375
2026-02-16,136.64999389648438,138.6999969482422,50.220001220703125,251.39999389648438,343.20001220703125,8316.5
2026-02-17,137.35000610351562,140.0,49.959999084472656,248.89999389648438,340.3999938964844,8361.4599609375
2026-02-18,137.75,140.75,50.439998626708984,259.5,350.0,8429.0302734375
2026-02-19,139.4499969482422,141.39999389648438,50.939998626708984,263.29998779296875,349.79998779296875,8398.7802734375
2026-02-20,140.10000610351562,141.5500030517578,51.2400016784668,264.3999938964844,353.3999938964844,8515.490234375
2026-02-23,140.89999389648438,142.8000030517578,51.36000061035156,253.5,346.0,8497.169921875
2026-02-24,141.75,143.14999389648438,51.36000061035156,251.1999969482422,346.3999938964844,8519.2099609375
2026-02-25,141.85000610351562,143.5,51.52000045776367,253.39999389648438,344.0,8559.0703125
2026-02-26,142.35000610351562,146.35000610351562,52.720001220703125,254.1999969482422,337.0,8620.9296875
2026-02-27,140.75,146.1999969482422,52.68000030517578,254.89999389648438,338.6000061035156,8580.75
2026-03-02,138.39999389648438,145.60000610351562,52.040000915527344,255.89999389648438,338.6000061035156,8394.3203125
2026-03-03,133.25,139.85000610351562,51.0,249.60000610351562,331.0,8103.83984375
2026-03-04,134.14999389648438,140.35000610351562,50.220001220703125,250.6999969482422,347.0,8167.72998046875
2026-03-05,131.6999969482422,137.5,49.4900016784668,236.39999389648438,315.6000061035156,8045.7998046875
2026-03-06,129.0,135.14999389648438,48.900001525878906,241.3000030517578,333.79998779296875,7993.490234375
2026-03-09,127.3499984741211,132.9499969482422,48.130001068115234,247.5,339.20001220703125,7915.35986328125
2026-03-10,130.1999969482422,135.4499969482422,49.15999984741211,250.5,345.3999938964844,8057.35986328125
2026-03-11,130.64999389648438,135.75,49.5099983215332,247.5,344.3999938964844,8041.81005859375
2026-03-12,129.9499969482422,134.85000610351562,49.56999969482422,254.89999389648438,348.6000061035156,7984.43994140625
2026-03-13,129.35000610351562,134.10000610351562,49.810001373291016,253.8000030517578,348.79998779296875,7911.52978515625
2026-03-16,129.3000030517578,134.60000610351562,50.2400016784668,249.8000030517578,346.20001220703125,7935.97021484375
2026-03-17,130.5,135.75,50.41999816894531,248.89999389648438,346.20001220703125,7974.490234375
2026-03-18,129.0,135.35000610351562,50.779998779296875,253.39999389648438,348.0,7969.8798828125
2026-03-19,126.1500015258789,130.85000610351562,49.25,249.10000610351562,340.6000061035156,7807.8701171875
2026-03-20,123.94999694824219,128.3000030517578,48.779998779296875,242.3000030517578,326.0,7665.6201171875
2026-03-23,126.6500015258789,130.35000610351562,49.29999923706055,239.10000610351562,323.0,7726.2001953125
2026-03-24,127.3499984741211,132.10000610351562,49.560001373291016,240.3000030517578,321.20001220703125,7743.919921875
2026-03-25,128.8000030517578,133.35000610351562,50.08000183105469,246.0,326.6000061035156,7846.5498046875
2026-03-26,127.0999984741211,131.4499969482422,49.33000183105469,241.60000610351562,315.3999938964844,7769.31005859375
2026-03-27,126.0999984741211,129.35000610351562,48.91999816894531,237.89999389648438,310.0,7701.9501953125
2026-03-30,126.55000305175781,128.85000610351562,48.959999084472656,246.10000610351562,313.20001220703125,7772.4501953125
2026-03-31,128.35000610351562,131.14999389648438,49.40999984741211,252.10000610351562,319.20001220703125,7816.93994140625
2026-04-01,132.60000610351562,136.14999389648438,51.02000045776367,266.5,335.79998779296875,7981.27001953125
2026-04-02,131.60000610351562,135.6999969482422,50.34000015258789,267.5,336.6000061035156,7962.39013671875
2026-04-07,130.60000610351562,134.5500030517578,50.08000183105469,264.8999938964844,329.6000061035156,7908.740234375
2026-04-08,136.35000610351562,141.64999389648438,52.439998626708984,270.29998779296875,338.20001220703125,8263.8701171875
2026-04-09,136.89999389648438,142.75,52.939998626708984,268.20001220703125,336.6000061035156,8245.7998046875
2026-04-10,135.64999389648438,141.5,52.540000915527344,259.20001220703125,325.0,8259.599609375
2026-04-13,134.5,140.5,52.13999938964844,265.6000061035156,330.3999938964844,8235.98046875
2026-04-14,135.39999389648438,140.35000610351562,52.65999984741211,267.0,330.20001220703125,8327.8603515625
2026-04-15,133.89999389648438,139.14999389648438,52.18000030517578,269.20001220703125,331.20001220703125,8274.5703125
2026-04-16,134.60000610351562,140.3000030517578,52.52000045776367,267.3999938964844,326.20001220703125,8262.7001953125
2026-04-17,137.5,142.6999969482422,52.41999816894531,264.6000061035156,326.6000061035156,8425.1298828125
2026-04-20,136.8000030517578,141.25,52.47999954223633,263.29998779296875,322.20001220703125,8331.0498046875
2026-04-21,133.64999389648438,140.25,52.20000076293945,247.6999969482422,311.79998779296875,8235.7197265625
2026-04-22,130.75,138.3000030517578,51.459999084472656,242.0,304.79998779296875,8156.43017578125
2026-04-23,131.0500030517578,138.25,52.52000045776367,242.6999969482422,307.20001220703125,8227.3203125
2026-04-24,127.5999984741211,135.25,51.779998779296875,232.8000030517578,296.3999938964844,8157.81982421875
2026-04-27,127.75,136.0,51.619998931884766,231.1999969482422,291.79998779296875,8141.919921875
2026-04-28,128.5500030517578,136.85000610351562,49.779998779296875,231.10000610351562,292.20001220703125,8104.08984375
2026-04-29,126.1500015258789,135.0,49.61000061035156,230.10000610351562,290.6000061035156,8072.1298828125
2026-04-30,128.5,137.0,50.279998779296875,233.89999389648438,296.79998779296875,8114.83984375
2026-05-04,125.80000305175781,134.4499969482422,49.43000030517578,233.1999969482422,299.3999938964844,7976.1201171875
2026-05-05,129.0500030517578,137.60000610351562,50.86000061035156,236.3000030517578,302.6000061035156,8062.31005859375
2026-05-06,133.5,142.6999969482422,53.0,241.0,307.79998779296875,8299.419921875
2026-05-07,131.5500030517578,141.75,51.060001373291016,235.89999389648438,298.6000061035156,8202.080078125
2026-05-08,128.8000030517578,139.0,50.2400016784668,227.89999389648438,290.0,8112.56982421875
2026-05-11,129.14999389648438,138.6999969482422,50.91999816894531,225.0,287.0,8056.3798828125
2026-05-12,128.0,135.64999389648438,50.58000183105469,226.0,284.3999938964844,7979.919921875
2026-05-13,126.05000305175781,132.85000610351562,50.900001525878906,223.6999969482422,283.0,8007.97021484375
2026-05-14,127.44999694824219,132.75,51.720001220703125,223.0,284.20001220703125,8082.27001953125
2026-05-15,124.6500015258789,130.60000610351562,50.5,219.39999389648438,275.3999938964844,7952.5498046875
2026-05-18,124.5,131.0500030517578,50.13999938964844,219.8000030517578,275.20001220703125,7987.490234375
2026-05-19,122.94999694824219,129.1999969482422,49.709999084472656,226.3000030517578,279.6000061035156,7981.759765625
2026-05-20,124.5999984741211,127.05000305175781,50.36000061035156,229.5,284.3999938964844,8117.419921875
2026-05-21,123.0999984741211,122.5999984741211,49.689998626708984,226.8000030517578,286.0,8086.0
2026-05-22,121.69999694824219,121.0,49.33000183105469,229.6999969482422,291.3999938964844,8115.75
2026-05-25,125.6500015258789,124.0,50.279998779296875,232.10000610351562,295.79998779296875,8258.259765625
2026-05-26,124.0999984741211,121.44999694824219,50.02000045776367,230.3000030517578,293.6000061035156,8173.10986328125
2026-05-27,125.25,125.94999694824219,50.20000076293945,233.1999969482422,295.20001220703125,8207.8896484375
2026-05-28,124.3499984741211,123.69999694824219,50.13999938964844,239.60000610351562,303.20001220703125,8188.8701171875
2026-05-29,125.05000305175781,124.75,50.459999084472656,239.5,304.79998779296875,8183.33984375
2026-06-01,123.3499984741211,123.44999694824219,49.689998626708984,230.0,291.20001220703125,8146.58984375
2026-06-02,122.55000305175781,122.25,49.40999984741211,226.60000610351562,292.0,8209.08984375
2026-06-03,123.1500015258789,123.5999984741211,49.61000061035156,224.89999389648438,286.6000061035156,8150.419921875
2026-06-04,123.55000305175781,123.8499984741211,49.810001373291016,230.0,295.6000061035156,8244.2900390625
2026-06-05,124.25,124.94999694824219,50.15999984741211,232.39999389648438,297.79998779296875,8218.240234375
2026-06-08,123.80000305175781,124.25,49.20000076293945,232.3000030517578,298.3999938964844,8199.2900390625
2026-06-09,122.75,123.1500015258789,48.56999969482422,231.5,295.3999938964844,8203.4296875
2026-06-10,122.8499984741211,123.4000015258789,48.88999938964844,234.0,297.79998779296875,8161.830078125
2026-06-11,123.3499984741211,124.05000305175781,49.279998779296875,237.8000030517578,300.20001220703125,8200.7998046875
2026-06-12,125.9000015258789,126.5,50.29999923706055,234.6999969482422,297.0,8350.8701171875
2026-06-15,127.8499984741211,128.8000030517578,50.68000030517578,230.60000610351562,297.20001220703125,8384.009765625
2026-06-16,129.1999969482422,129.35000610351562,50.52000045776367,228.10000610351562,299.20001220703125,8447.26953125
2026-06-17,130.3000030517578,130.25,50.41999816894531,231.0,301.6000061035156,8430.7900390625
2026-06-18,130.64999389648438,130.85000610351562,50.36000061035156,232.60000610351562,301.20001220703125,8467.98046875
2026-06-19,129.64999389648438,130.85000610351562,50.31999969482422,232.39999389648438,302.0,8421.1396484375
2026-06-22,130.64999389648438,129.9499969482422,50.41999816894531,226.3000030517578,293.0,8400.1103515625
2026-06-23,129.10000610351562,129.60000610351562,50.02000045776367,228.0,296.6000061035156,8340.7099609375
2026-06-24,129.14999389648438,129.14999389648438,49.540000915527344,225.3000030517578,295.0,8385.490234375
2026-06-25,131.35000610351562,131.25,50.13999938964844,218.39999389648438,289.20001220703125,8431.6103515625
2026-06-26,130.10000610351562,130.1999969482422,49.75,216.5,287.79998779296875,8384.8701171875
2026-06-29,126.8499984741211,128.60000610351562,48.58000183105469,220.5,283.6000061035156,8367.330078125
2026-06-30,127.80000305175781,129.10000610351562,48.810001373291016,224.8000030517578,287.20001220703125,8403.990234375
2026-07-01,124.30000305175781,126.1500015258789,47.59000015258789,229.39999389648438,292.3999938964844,8337.2900390625
2026-07-02,126.9000015258789,127.9000015258789,47.68000030517578,240.39999389648438,307.20001220703125,8474.8603515625
2026-07-03,127.9000015258789,129.60000610351562,48.33000183105469,238.1999969482422,306.0,8508.0703125
2026-07-06,125.25,126.80000305175781,47.91999816894531,241.10000610351562,311.20001220703125,8479.8701171875
2026-07-07,123.5,124.1500015258789,46.95000076293945,237.60000610351562,303.79998779296875,8436.240234375
2026-07-08,118.25,119.05000305175781,46.15999984741211,233.6999969482422,297.20001220703125,8252.66015625
2026-07-09,119.3499984741211,121.0999984741211,46.70000076293945,226.8000030517578,289.6000061035156,8326.6201171875
2026-07-10,119.0,121.30000305175781,46.70000076293945,223.3000030517578,287.0,8338.9697265625
2026-07-13,119.3499984741211,120.55000305175781,46.84000015258789,221.10000610351562,283.6000061035156,8364.650390625
2026-07-14,119.4000015258789,121.0999984741211,47.290000915527344,220.0,284.6000061035156,8366.849609375
2026-07-15,119.6500015258789,122.05000305175781,48.2599983215332,220.5,280.20001220703125,8382.4296875
2026-07-16,120.19999694824219,122.30000305175781,47.70000076293945,220.10000610351562,278.79998779296875,8377.8603515625
2026-07-17,117.94999694824219,121.3499984741211,47.779998779296875,223.10000610351562,285.3999938964844,8338.8095703125
2026-07-20,118.25,122.0999984741211,48.040000915527344,223.89999389648438,282.0,8340.1103515625
2026-07-21,118.44999694824219,122.69999694824219,47.75,225.10000610351562,283.6000061035156,8363.1396484375
2026-07-22,119.25,122.75,48.29999923706055,226.8000030517578,288.0,8437.8896484375
2026-07-23,118.0,121.69999694824219,47.83000183105469,238.3000030517578,304.6000061035156,8299.08984375
2026-07-24,118.3499984741211,122.0,47.540000915527344,236.39999389648438,299.20001220703125,8372.2802734375
2026-07-27,117.9000015258789,121.25,46.95000076293945,243.39999389648438,304.79998779296875,8406.0595703125
2026-07-28,118.80000305175781,121.69999694824219,46.529998779296875,249.3000030517578,310.20001220703125,8458.7802734375
2026-07-29,118.30000305175781,119.0999984741211,46.15999984741211,245.39999389648438,303.0,8408.26953125
2026-07-30,123.8499984741211,123.5,49.45000076293945,243.3000030517578,300.0,8485.6396484375
2026-07-31,122.55000305175781,123.25,48.7599983215332,245.89999389648438,298.20001220703125,8509.6396484375
2026-08-03,125.0999984741211,124.94999694824219,49.279998779296875,253.8000030517578,304.79998779296875,8613.8203125
2026-08-04,126.80000305175781,125.5999984741211,49.349998474121094,262.3999938964844,310.20001220703125,8666.6298828125
2026-08-05,125.80000305175781,124.5999984741211,48.810001373291016,261.70001220703125,310.79998779296875,8669.2998046875
2026-08-06,126.5999984741211,125.25,49.189998626708984,264.6000061035156,313.6000061035156,8699.7099609375
2026-08-07,125.3499984741211,123.55000305175781,48.63999938964844,264.79998779296875,316.20001220703125,8714.9296875
2026-08-10,124.5,122.44999694824219,48.22999954223633,267.3999938964844,316.6000061035156,8726.0302734375
2026-08-11,123.30000305175781,121.5,47.400001525878906,267.79998779296875,316.6000061035156,8714.9404296875
2026-08-12,123.30000305175781,122.0999984741211,47.650001525878906,271.8999938964844,320.3999938964844,8674.9404296875
2026-08-13,121.94999694824219,121.25,47.58000183105469,268.6000061035156,314.20001220703125,8650.5595703125
2026-08-14,120.8499984741211,120.80000305175781,47.650001525878906,270.3999938964844,318.79998779296875,8636.7998046875
2026-08-17,119.94999694824219,119.9000015258789,47.45000076293945,266.8999938964844,312.79998779296875,8579.599609375
2026-08-18,119.4000015258789,118.69999694824219,46.650001525878906,266.0,310.20001220703125,8509.3603515625
2026-08-19,120.3499984741211,119.19999694824219,46.70000076293945,259.79998779296875,306.0,8501.91015625
2026-08-20,119.4000015258789,117.6500015258789,46.380001068115234,256.1000061035156,304.20001220703125,8453.08984375
2026-08-21,119.30000305175781,118.0,46.189998626708984,253.10000610351562,299.20001220703125,8484.4296875
2026-08-24,118.6500015258789,117.4000015258789,45.869998931884766,251.0,294.0,8453.009765625
2026-08-25,119.5999984741211,118.6500015258789,46.189998626708984,250.0,293.0,8439.2001953125
2026-08-26,119.5,117.5,45.66999816894531,249.8000030517578,291.79998779296875,8462.3896484375
2026-08-27,114.8499984741211,108.80000305175781,43.9900016784668,246.6999969482422,288.3999938964844,8319.8701171875
2026-08-28,114.3499984741211,109.69999694824219,44.08000183105469,244.6999969482422,288.6000061035156,8401.1796875
2026-08-31,113.1500015258789,109.0,44.220001220703125,243.6999969482422,283.79998779296875,8334.5
2026-09-01,114.0999984741211,109.0999984741211,44.380001068115234,238.60000610351562,280.6000061035156,8301.849609375
2026-09-02,111.5999984741211,107.19999694824219,43.849998474121094,237.10000610351562,278.3999938964844,8280.6298828125
2026-09-03,113.1500015258789,109.25,44.209999084472656,234.6999969482422,277.6000061035156,8286.400390625
2026-09-04,113.94999694824219,108.9000015258789,44.5099983215332,233.60000610351562,277.3999938964844,8278.76953125
2026-09-07,113.5999984741211,109.0,44.900001525878906,231.5,275.3999938964844,8306.150390625
2026-09-08,114.5,109.8499984741211,45.099998474121094,232.6999969482422,281.3999938964844,8317.98046875
2026-09-09,111.80000305175781,107.8499984741211,44.150001525878906,225.6999969482422,278.79998779296875,8156.669921875
2026-09-10,110.55000305175781,106.69999694824219,43.849998474121094,225.10000610351562,279.6000061035156,8116.759765625
2026-09-11,111.44999694824219,107.4000015258789,43.97999954223633,226.8000030517578,278.79998779296875,8179.77001953125
2026-09-14,110.69999694824219,106.5,43.75,230.39999389648438,283.20001220703125,8117.77978515625
2026-09-15,110.5999984741211,105.69999694824219,43.77000045776367,239.89999389648438,289.3999938964844,8090.27978515625
2026-09-16,112.0,107.69999694824219,44.54999923706055,240.89999389648438,292.3999938964844,8140.58984375
2026-09-17,112.9000015258789,108.0,44.849998474121094,238.3000030517578,291.79998779296875,8186.93017578125
2026-09-18,110.80000305175781,106.30000305175781,43.380001068115234,238.1999969482422,287.20001220703125,8065.02001953125
2026-09-21,111.94999694824219,107.0,43.4900016784668,236.6999969482422,290.79998779296875,8138.93994140625
2026-09-22,112.30000305175781,107.9000015258789,43.61000061035156,236.10000610351562,287.3999938964844,8154.91015625
2026-09-23,110.9000015258789,105.9000015258789,43.25,238.6999969482422,291.20001220703125,8123.41015625
2026-09-24,110.5,105.30000305175781,43.0,232.1999969482422,291.79998779296875,8081.43017578125
2026-09-25,111.30000305175781,106.05000305175781,43.13999938964844,229.39999389648438,292.6000061035156,8077.7998046875
