mois,FR_taux_long,FR_taux_3m,FR_actions,FR_chomage,FR_ipch,FR_production_ind,FR_confiance_menages,FR_confiance_entreprises,FR_indicateur_avance,DE_taux_long,DE_taux_3m,DE_actions,DE_chomage,DE_ipch,DE_production_ind,DE_confiance_menages,DE_confiance_entreprises,DE_indicateur_avance,IT_taux_long,IT_taux_3m,IT_actions,IT_chomage,IT_ipch,IT_production_ind,IT_confiance_menages,IT_confiance_entreprises,IT_indicateur_avance,ES_taux_long,ES_taux_3m,ES_actions,ES_chomage,ES_ipch,ES_production_ind,ES_confiance_menages,ES_confiance_entreprises,ES_indicateur_avance,PT_taux_long,PT_taux_3m,PT_actions,PT_chomage,PT_ipch,PT_production_ind,PT_confiance_menages,PT_confiance_entreprises,PT_indicateur_avance,BE_taux_long,BE_taux_3m,BE_actions,BE_chomage,BE_ipch,BE_production_ind,BE_confiance_menages,BE_confiance_entreprises,BE_indicateur_avance,us_taux_10a,us_fed_funds,us_pente_10a_2a,us_ecart_haut_rendement,us_conditions_financieres,us_production_ind,us_inflation,us_chomage,vix,bce_facilite_depot,petrole_brent,eur_usd,zone_euro_chomage,zone_euro_ipch
2000-01,5.66,3.3431429,98.18359,9.8,62.23,107.2544,101.9908,102.7275,101.9944,5.53952380952381,3.3431429,86.16582,8.2,59.48,79.15593,100.552,100.3211,101.1878,5.74797,3.3431429,144.1319,10.6,58.9,124.9693,102.9708,102.3124,100.9778,5.75747619047619,3.3431429,90.96918,12.8,55.21,122.5041,103.8446,101.8373,101.7176,5.81,3.3431429,110.4053,5.6,57.5,117.5328,102.35,102.2082,101.164672799146,5.793,3.3431429,63.36635,7.3,53.62,64.90218,102.3102,101.8932,102.213481622407,6.66,5.45,0.221,,-0.19625,91.538,169.3,4.0,23.202,2.0,25.427777777777777,1.01311,9.4,58.17
2000-02,5.62,3.5367619,105.3725,9.6,62.31,107.5486,101.9742,102.9677,102.1428,5.50857142857143,3.5367619,95.00121,8.1,59.59,80.89562,100.6716,100.4852,101.356,5.7264,3.5367619,163.1723,10.6,59.1,125.7063,102.8985,102.4574,101.0572,5.73147619047619,3.5367619,99.52238,12.4,55.32,122.9961,103.994,102.0331,101.7348,5.78,3.5367619,124.9385,5.4,57.34,117.0471,102.2103,102.4936,101.313897029664,5.795,3.5367619,59.25803,7.1,54.72,67.80207,102.2525,102.0737,102.321021390118,6.52,5.73,-0.091,,-0.20274999999999999,91.8239,170.0,4.1,23.5955,2.2241379310344827,27.767500000000002,0.98336,9.3,58.36
2000-03,5.43,3.7470435,109.6896,9.5,62.62,108.2645,102.0836,103.2612,102.2757,5.33304347826087,3.7470435,99.83437,8.1,59.56,80.79897,100.7426,100.6312,101.5145,5.57685,3.7470435,171.7711,10.5,59.3,126.7591,102.7069,102.5766,101.1208,5.550130434782609,3.7470435,103.1049,12.2,55.57,124.0491,104.0527,102.2512,101.7119,5.61,3.7470435,128.3406,5.3,57.45,111.899,101.9183,102.6252,101.432375508964,5.62,3.7470435,58.84153,6.9,54.98,68.7687,102.134,102.2628,102.342438587361,6.26,5.85,-0.2717391304347826,,-0.1298,92.1504,171.0,4.0,22.718260869565217,2.370967741935484,27.871052631578944,0.9643391304347826,9.2,58.57
2000-04,5.33,3.9252778,105.852,9.4,62.62,108.9019,102.2295,103.5052,102.3784,5.22555555555556,3.9252778,92.57018,8.0,59.56,81.95876,100.7929,100.7323,101.6664,5.46569,3.9252778,157.5129,10.3,59.3,127.7066,102.5408,102.6482,101.1651,5.45211111111111,3.9252778,97.02731,12.0,55.78,123.6891,103.934,102.3635,101.644,5.52,3.9252778,115.6546,5.2,58.09,112.8703,101.488,102.7749,101.530712401893,5.521,3.9252778,60.86184,6.9,55.08,71.3924,101.9815,102.3469,102.278920419986,5.99,6.02,-0.4131578947368421,,-0.05175,92.6989,170.9,3.8,27.164210526315788,2.525,22.656,0.94492,9.1,58.62
2000-05,5.5,4.3620455,107.8977,9.3,62.75,110.2356,102.3125,103.7007,102.447,5.37818181818182,4.3620455,90.46495,8.0,59.47,83.89175,100.8737,100.8095,101.7998,5.66472,4.3620455,160.9872,10.3,59.6,128.4436,102.3921,102.6912,101.1858,5.62659090909091,4.3620455,93.01632,11.9,55.88,124.7451,103.7361,102.4595,101.5371,5.68,4.3620455,112.0247,5.3,58.47,118.5041,101.257,102.8722,101.593287887837,5.687,4.3620455,60.88674,6.8,55.24,71.94476,101.9799,102.3409,102.162213905731,6.44,6.27,-0.3690909090909091,,0.00475,92.9499,171.2,4.0,26.37318181818182,2.75,27.615333333333336,0.9059454545454546,9.0,58.7
2000-06,5.32,4.5017273,110.947,9.2,62.92,108.8038,102.3406,103.8292,102.4848,5.19136363636364,4.5017273,90.39555,8.0,59.78,81.47552,100.7975,100.8535,101.897,5.50964,4.5017273,163.849,10.2,59.7,128.233,102.4011,102.6629,101.1964,5.454954545454551,4.5017273,91.24404,11.9,56.04,123.6961,103.6093,102.5191,101.4052,5.54,4.5017273,114.8515,5.2,58.79,115.493,101.1411,102.7873,101.639016301501,5.526,4.5017273,61.51429,6.7,55.44,71.11623,102.0784,102.1751,102.028553654412,6.1,6.53,-0.3845454545454546,,0.0218,92.9862,172.2,4.0,21.54,3.1166666666666667,29.79421052631579,0.9504772727272727,9.0,58.9
2000-07,5.4,4.5829048,110.7003,9.1,62.81,110.0983,102.2942,103.829,102.4871,5.26619047619048,4.5829048,89.34293,7.9,60.03,83.50516,100.7882,100.9133,101.9627,5.59131,4.5829048,167.0109,10.0,59.8,127.3908,102.4899,102.5993,101.2065,5.53414285714286,4.5829048,92.1908,11.9,56.39,124.6081,103.505,102.4534,101.2603,5.61,4.5829048,114.1473,5.3,59.05,114.6187,101.0999,102.7173,101.711242798066,5.6,4.5829048,63.36939,6.8,54.87,71.11623,102.2074,101.867,101.910142386995,6.05,6.54,-0.28500000000000003,,-0.07025,92.8048,172.7,4.0,19.893,3.25,29.16611111111111,0.9386150000000001,9.0,58.95
2000-08,5.36,4.777087,111.967,9.0,62.94,109.1078,102.0712,103.7763,102.4588,5.2104347826087,4.777087,88.97086,7.9,59.87,83.9884,100.7108,100.9686,101.9785,5.56267,4.777087,165.8924,10.0,59.8,128.4436,102.543,102.4752,101.2056,5.50059090909091,4.777087,93.64934,11.8,56.6,123.5731,103.3025,102.4359,101.114,5.57,4.777087,112.1325,5.4,59.11,119.1841,100.9984,102.7267,101.80466600623,5.56,4.777087,66.01561,7.0,55.7,73.04948,102.3549,101.687,101.828852210844,5.83,6.5,-0.4026086956521739,,-0.173,92.5521,172.7,4.1,18.088695652173914,3.25,29.99857142857143,0.9045043478260869,8.9,59.0
2000-09,5.42,4.8528095,111.9686,8.9,63.28,109.3628,101.903,103.679,102.4089,5.26333333333333,4.8528095,87.19337,7.9,60.03,84.08505,100.4853,100.977,101.9359,5.6323,4.8528095,166.7135,9.9,60.0,128.3383,102.5092,102.3903,101.1723,5.55914285714286,4.8528095,95.541,11.7,56.8,123.6251,102.9978,102.304,100.9778,5.63,4.8528095,113.2955,5.4,59.05,121.8067,100.8239,102.6668,101.869542526517,5.629,4.8528095,64.76791,6.9,56.12,74.29229,102.4179,101.6203,101.76130494555,5.8,6.52,-0.28250000000000003,,-0.20259999999999997,92.9792,173.6,3.9,19.6875,3.5,33.29388888888889,0.8694749999999999,8.8,59.26
2000-10,5.36,5.0412727,105.3168,8.8,63.22,110.6573,102.0233,103.4949,102.3322,5.20714285714286,5.0412727,82.56457,7.8,59.93,83.7951,100.3554,100.9709,101.8291,5.5784,5.0412727,161.3617,9.6,60.2,128.8647,102.6462,102.3112,101.1193,5.494666666666671,5.0412727,92.05476,11.7,56.91,122.3511,102.8495,102.1039,100.8599,5.58,5.0412727,106.686,5.2,59.22,118.2127,100.6905,102.71,101.867892316811,5.582,5.0412727,64.36908,6.8,56.02,74.56847,102.6204,101.4177,101.66550286329,5.74,6.51,-0.1738095238095238,,-0.17775,92.6179,173.9,3.9,25.2,3.7096774193548385,30.895263157894735,0.8525380952380953,8.7,59.29
2000-11,5.29,5.0919545,105.4762,8.8,63.37,110.4612,102.2553,103.1433,102.2218,5.15363636363636,5.0919545,81.7915,7.8,59.99,84.1817,100.423,100.9084,101.6541,5.54812,5.0919545,169.1019,9.6,60.4,130.5492,102.6593,102.2329,101.0346,5.44563636363636,5.0919545,87.1729,11.5,57.06,125.3401,102.8992,102.0664,100.7609,5.53,5.0919545,102.8243,5.0,59.59,118.8927,100.5812,102.6238,101.812474586632,5.524,5.0919545,65.38557,6.7,56.12,75.12083,102.8071,101.1966,101.512504770064,5.72,6.51,-0.15809523809523812,,-0.1325,92.6438,174.2,3.9,26.38285714285714,3.75,32.77117647058824,0.855152380952381,8.7,59.41
2000-12,5.04,4.9391579,100.8238,8.7,63.35,111.3732,102.525,102.6546,102.0749,4.89052631578947,4.9391579,76.86002,7.7,60.62,84.5683,100.5278,100.785,101.4011,5.29808,4.9391579,158.5365,9.6,60.4,132.1284,102.6771,102.0744,100.9235,5.20347368421053,4.9391579,82.50945,11.2,57.21,126.3841,102.98,102.0838,100.6722,5.28,4.9391579,101.607,5.0,59.81,121.1268,100.541,102.2722,101.722611227173,5.276,4.9391579,63.59655,6.4,55.96,75.39701,102.767,101.0908,101.276060208223,5.24,6.4,-0.1115,,-0.0754,92.3415,174.6,3.9,26.5305,3.75,25.877999999999997,0.89831,8.6,59.64
2001-01,4.94,4.7707273,99.78284,8.6,63.06,110.9515,102.6291,102.298,101.8917,4.80318181818182,4.7707273,77.22632,7.7,60.24,84.27835,100.6217,100.5901,101.0771,5.1831,4.7707273,156.3684,9.4,60.3,128.6541,102.6412,101.7269,100.7718,5.07690909090909,4.7707273,86.51581,10.8,56.8,123.4911,103.0586,101.9622,100.5871,5.16,4.7707273,103.5093,5.1,60.02,118.407,100.609,101.7616,101.605411685346,5.164,4.7707273,61.87188,6.1,55.09,76.91599,102.4953,100.8653,100.951766129418,5.16,5.98,0.40095238095238095,,-0.17075,91.902,175.6,4.2,24.918571428571425,3.75,25.483571428571427,0.9375809523809524,8.5,59.39
2001-02,4.93,4.7558,97.40707,8.6,63.24,111.6576,102.4675,102.0391,101.6686,4.7775,4.7558,76.47831,7.7,60.62,85.24484,100.6257,100.2898,100.7019,5.18368,4.7558,151.5658,9.4,60.0,127.9172,102.5872,101.3185,100.6049,5.11675,4.7558,86.14192,10.7,56.8,123.1701,103.0426,101.6387,100.4967,5.14,4.7558,102.7333,5.3,60.12,117.1442,100.7612,101.0976,101.447833453853,5.156,4.7558,62.64534,6.0,56.07,76.22555,102.0771,100.463,100.575740191452,5.1,5.49,0.4421052631578948,,-0.267,91.3034,176.0,4.2,23.411578947368422,3.75,27.31357142857143,0.9205210526315789,8.4,59.57
2001-03,4.84,4.7086364,90.1658,8.5,63.55,112.1479,102.1495,101.69,101.4073,4.66772727272727,4.7086364,70.57133,7.6,60.63,84.1817,100.586,99.93867,100.3048,5.13048,4.7086364,138.9981,9.3,60.6,128.0225,102.626,101.0127,100.4418,5.040909090909089,4.7086364,82.52055,10.5,57.27,122.5361,102.9258,101.2836,100.3934,5.09,4.7086364,97.49754,5.4,60.37,122.6809,100.8227,100.5144,101.251936149532,5.078,4.7086364,59.72075,6.1,56.18,74.56847,101.823,99.89941,100.193457255217,4.89,5.31,0.5431818181818181,,-0.2564,91.1162,176.1,4.3,28.49681818181818,3.75,24.205384615384617,0.9082863636363636,8.4,59.89
2001-04,5.0,4.682,91.85268,8.5,63.87,110.2944,101.7602,101.3227,101.1183,4.82789473684211,4.682,70.48458,7.6,60.87,83.11855,100.4195,99.59215,99.90783,5.28228,4.682,143.5498,9.2,61.0,126.4432,102.808,100.8971,100.2921,5.17952631578947,4.682,84.12717,10.4,57.78,121.4571,102.6649,100.9984,100.2726,5.27,4.682,95.15115,5.4,60.76,118.6013,100.7662,100.2615,100.99639023831,5.205,4.682,59.65748,6.5,56.68,73.18757,101.6739,99.35211,99.8528756309596,5.14,4.8,0.907,,-0.2945,90.7891,176.4,4.4,28.133999999999997,3.75,25.7745,0.8925190476190475,8.4,60.25
2001-05,5.21,4.6366818,95.85862,8.5,64.29,111.128,101.3348,101.0851,100.8021,5.04681818181818,4.6366818,72.59945,7.7,61.14,83.89175,100.1078,99.33964,99.5288,5.4487,4.6366818,144.2442,9.1,61.3,126.5485,103.1655,100.8924,100.1651,5.36318181818182,4.6366818,85.40247,10.6,57.98,123.0701,102.4914,100.8583,100.1376,5.42,4.6366818,92.61564,5.4,61.31,121.5153,100.6505,100.1296,100.693509944312,5.377,4.6366818,58.92052,6.6,56.98,75.94936,101.6108,99.0252,99.5791455654114,5.39,4.21,1.1313636363636363,,-0.39175,90.3555,177.3,4.3,22.944090909090907,3.5806451612903225,28.313636363636363,0.8753136363636365,8.4,60.53
2001-06,5.15,4.4535714,91.24416,8.5,64.33,111.1868,101.0634,100.8811,100.4595,5.0,4.4535714,70.97619,7.7,61.24,83.7951,99.74865,99.15683,99.17577,5.39902,4.4535714,136.5974,9.1,61.4,126.8644,103.5039,100.8374,100.0407,5.32657142857143,4.4535714,82.31973,10.5,58.14,123.4181,102.3608,100.7281,99.99232,5.38,4.4535714,84.60775,5.4,61.47,120.0583,100.5795,100.1561,100.375140169486,5.329,4.4535714,59.83569,6.4,57.08,76.91599,101.5899,98.85033,99.367924701307,5.28,3.97,1.2042857142857142,,-0.4444,89.8784,177.7,4.5,20.94047619047619,3.5,27.816666666666666,0.8529571428571427,8.4,60.63
2001-07,5.15,4.4671364,86.31496,8.4,64.19,109.657,100.8711,100.5217,100.1024,5.01590909090909,4.4671364,68.39285,7.8,61.35,81.66882,99.50173,99.02876,98.87408,5.4162,4.4671364,132.1443,9.1,61.3,124.3376,103.6414,100.6768,99.90601,5.34786363636364,4.4671364,76.27362,10.5,57.73,121.7081,102.2936,100.5587,99.84702,5.39,4.4671364,80.62036,5.5,61.6,116.95,100.6018,100.123,100.062056643756,5.346,4.4671364,60.78316,6.1,56.36,72.63522,101.5078,98.6112,99.1875617390047,5.24,3.77,1.1976190476190476,,-0.4815,89.3028,177.4,4.6,22.316190476190474,3.5,24.5935,0.8614857142857143,8.4,60.49
2001-08,4.95,4.3535217,84.85224,8.4,64.19,112.3538,100.6634,99.96339,99.76431,4.82391304347826,4.3535217,64.60268,7.8,61.19,83.89175,99.35291,98.79123,98.64307,5.21455,4.3535217,130.5322,9.0,61.0,126.4432,103.5049,100.3179,99.76227,5.15578260869565,4.3535217,75.81088,10.6,57.78,125.2671,102.338,100.3221,99.71256,5.19,4.3535217,78.51096,5.4,61.48,118.7955,100.605,99.86258,99.7902691035051,5.152,4.3535217,60.29904,6.2,57.11,75.94936,101.2033,98.35767,99.0209527488667,4.97,3.65,1.2139130434782608,,-0.47300000000000003,89.2003,177.4,4.9,21.86173913043478,3.4919354838709675,25.580000000000002,0.9013652173913044,8.4,60.44
2001-09,4.94,3.98285,71.22739,8.4,64.32,110.7357,100.5447,99.34119,99.48381,4.813,3.98285,53.48083,7.9,61.12,82.73196,99.30328,98.47081,98.49424,5.196,3.98285,107.0034,9.0,61.3,124.7587,103.1553,99.76073,99.62795,5.13845,3.98285,66.7533,10.5,58.09,122.9311,102.3568,100.1026,99.59035,5.17,3.98285,71.28706,5.4,61.47,118.6984,100.4512,99.53206,99.5889722700198,5.135,3.98285,54.79095,6.6,57.19,74.84465,100.734,98.09292,98.8829187941915,4.73,3.07,1.6129411764705883,,-0.35875,88.7485,178.1,5.0,35.065333333333335,3.033333333333333,24.214166666666667,0.9114444444444444,8.4,60.6
2001-10,4.72,3.5998696,73.33598,8.4,64.36,110.0199,100.6566,98.83892,99.30267,4.5995652173913,3.5998696,55.64197,8.0,60.92,81.18557,99.22974,98.23988,98.45448,4.96395,3.5998696,110.3981,8.9,61.6,123.7059,102.7883,99.4719,99.54775,4.90895652173913,3.5998696,69.46864,10.5,58.34,121.8781,102.3755,99.942,99.47884,4.92,3.5998696,76.6617,5.4,61.69,118.6984,100.3059,99.36057,99.4651320213446,4.887,3.5998696,55.07593,7.3,57.13,73.32566,100.2916,97.91655,98.8210579715053,4.57,2.49,1.8409090909090908,,-0.35675,88.5052,177.6,5.3,32.72130434782609,2.75,20.44,0.905,8.4,60.66
2001-11,4.57,3.3856818,78.01146,8.4,64.19,108.7646,100.9002,98.5721,99.23282,4.44772727272727,3.3856818,59.63264,8.0,60.79,80.41237,99.06922,98.20737,98.52251,4.80034,3.3856818,115.0026,8.9,61.7,122.0214,102.5414,99.58287,99.54523,4.76072727272727,3.3856818,75.58137,10.6,58.5,119.8411,102.2552,99.94254,99.36964,4.76,3.3856818,81.12666,5.4,62.04,120.1554,100.2633,99.46555,99.4191240120395,4.747,3.3856818,56.41118,7.4,57.13,73.18757,100.3197,98.03186,98.8909370712712,4.65,2.09,1.8690000000000002,,-0.3866,87.97,177.5,5.5,26.63095238095238,2.3833333333333333,18.75176470588235,0.88826,8.5,60.62
2001-12,4.87,3.3448889,78.71862,8.3,64.28,109.4217,101.1148,98.79793,99.26069,4.73588235294118,3.3448889,60.74888,8.1,61.46,81.28222,98.91137,98.32023,98.67961,5.04714,3.3448889,116.1578,8.8,61.8,123.8112,102.6703,99.91914,99.61325,4.96777777777778,3.3448889,76.95477,10.7,58.65,119.8301,102.094,100.0752,99.25784,5.01,3.3448889,80.24014,5.4,62.15,118.9898,100.3343,99.51035,99.4302716327415,4.974,3.3448889,56.92978,7.5,57.05,72.49712,100.8068,98.31504,99.0891954161415,5.09,1.82,1.9805,,-0.35775,87.9324,177.4,5.7,23.72,2.25,18.688333333333333,0.89117,8.5,60.89
2002-01,4.93,3.3387727,79.00004,8.2,64.59,109.4118,101.2304,99.2708,99.33879,4.86272727272727,3.3387727,62.08489,8.1,61.52,81.08892,98.77483,98.43122,98.88789,5.14238,3.3387727,117.0126,8.6,61.7,122.7584,102.8729,100.2558,99.71832,5.04531818181818,3.3387727,74.38196,11.1,58.55,121.0461,101.9271,100.0621,99.14249,5.08,3.3387727,80.4883,5.6,62.22,119.1841,100.4895,99.35505,99.4850848540455,5.08,3.3387727,58.30643,7.4,56.54,73.87802,101.375,98.6414,99.3890385957077,5.04,1.73,2.0076190476190474,,-0.4235,88.5176,177.7,5.7,22.252857142857142,2.25,19.64388888888889,0.8831619047619047,8.5,60.96
2002-02,4.99,3.3571,76.41946,8.2,64.66,109.8335,101.2643,99.72141,99.42332,4.9195,3.3571,59.86592,8.2,61.71,81.28222,98.68822,98.62151,99.11546,5.19949,3.3571,113.6489,8.5,61.6,124.127,102.9207,100.6531,99.82663,5.10645,3.3571,73.05761,11.5,58.6,121.7171,101.8323,100.0843,99.02809,5.15,3.3571,77.10177,5.6,62.13,117.3385,100.7052,99.25342,99.5652363914865,5.151,3.3571,58.52044,7.3,57.46,73.60184,101.7092,99.02536,99.7302266699827,4.91,1.74,1.8963157894736842,,-0.48324999999999996,88.5278,178.0,5.7,22.87578947368421,2.25,20.041818181818183,0.8706947368421052,8.5,61.06
2002-03,5.24,3.3908,81.21696,8.2,64.94,110.3141,101.2584,100.0889,99.48695,5.161,3.3908,63.73899,8.2,61.81,81.76546,98.65378,98.83073,99.30654,5.41067,3.3908,121.5584,8.5,62.1,125.1799,102.7549,100.906,99.91456,5.3363,3.3908,76.87425,11.2,59.11,121.4321,101.7041,100.1885,98.91827,5.39,3.3908,80.15276,5.7,62.4,121.6124,100.8091,99.28278,99.6606884218928,5.372,3.3908,58.83235,7.3,57.6,75.81128,101.8261,99.57002,100.038095934357,5.28,1.73,1.7265000000000001,,-0.4904,89.1686,178.5,5.7,18.985,2.25,23.769,0.8766380952380953,8.5,61.4
2002-04,5.24,3.4069048,80.50818,8.2,65.2,111.0103,101.2715,100.3798,99.49975,5.1552380952381,3.4069048,62.64397,8.3,61.76,81.95876,98.59946,98.98454,99.41932,5.40396,3.4069048,122.218,8.9,62.6,121.0739,102.4382,100.9718,99.96539,5.33566666666667,3.4069048,76.64288,11.2,59.93,122.4421,101.6008,100.4613,98.8184,5.39,3.4069048,79.55628,5.8,62.93,123.5551,100.6361,99.17354,99.7089913636649,5.373,3.4069048,60.50978,7.3,57.63,75.25892,101.7994,100.0097,100.256282321627,5.21,1.75,1.7881818181818183,,-0.5435,89.604,179.3,5.9,19.900454545454547,2.25,25.846666666666664,0.8859954545454546,8.6,61.68
2002-05,5.26,3.4671364,78.11144,8.2,65.29,110.0199,101.4114,100.627,99.44543,5.16772727272727,3.4671364,59.85628,8.4,61.83,81.28222,98.56711,99.07952,99.44383,5.40598,3.4671364,117.0485,8.8,62.8,125.601,102.1584,100.9459,99.98794,5.361409090909089,3.4671364,75.57119,11.2,60.14,121.4341,101.4805,100.7871,98.73041,5.4,3.4671364,76.94936,6.2,63.42,120.1554,100.0625,99.03554,99.6748586439716,5.377,3.4671364,60.30441,7.3,57.71,75.94936,101.6619,100.3241,100.346053680198,5.16,1.75,1.9004545454545456,,-0.6172,89.964,179.5,5.8,20.087727272727275,2.25,25.45823529411765,0.916959090909091,8.6,61.79
2002-06,5.11,3.464,70.79169,8.2,65.26,109.9022,101.3736,100.5649,99.32203,5.0175,3.464,54.31367,8.5,61.78,82.92525,98.57458,99.08831,99.38393,5.25533,3.464,106.5378,8.8,62.8,124.4429,101.9469,100.8129,99.98774,5.2311,3.464,69.63985,11.4,60.14,121.4141,101.2487,100.8888,98.65321,5.26,3.464,74.65125,6.4,63.63,121.321,99.60997,98.92322,99.5617928127942,5.242,3.464,55.65951,7.3,57.56,74.70656,101.4125,100.2805,100.30174056801,4.93,1.75,1.9335,,-0.57275,90.7061,179.6,5.8,25.271,2.25,23.978333333333335,0.9561350000000001,8.6,61.77
2002-07,4.96,3.41,62.83196,8.3,65.2,108.7548,101.1721,100.3101,99.1618,4.86739130434783,3.41,49.32436,8.6,61.99,81.66882,98.62899,99.04113,99.26202,5.10932,3.41,98.24298,8.6,62.8,123.7059,101.7964,100.6708,99.96283,5.068956521739129,3.41,63.6937,11.7,59.73,121.9871,101.0459,100.9009,98.59233,5.12,3.41,69.64806,6.6,63.78,121.6124,99.45045,98.5806,99.3623486206706,5.088,3.41,50.46426,7.5,57.01,74.1542,101.2129,99.96576,100.160096543381,4.65,1.73,2.096363636363636,,-0.46975,90.6769,180.0,5.8,34.04954545454546,2.25,25.688823529411764,0.9935272727272728,8.7,61.7
2002-08,4.67,3.3519091,61.03434,8.3,65.35,110.7259,100.9398,100.1318,98.98672,4.58954545454545,3.3519091,45.62287,8.7,61.86,83.40851,98.56541,98.9699,99.10548,4.82842,3.3519091,96.79765,8.6,62.6,122.0214,101.6002,100.5896,99.90972,4.777727272727271,3.3519091,61.08294,11.8,59.93,122.8761,101.0041,100.7981,98.55224,4.85,3.3519091,65.74405,6.6,63.87,119.2812,99.31019,98.27912,99.1268798641798,4.803,3.3519091,48.67375,7.4,57.81,75.5351,101.0125,99.71896,99.9558622348835,4.26,1.74,2.1236363636363635,,-0.4032,90.5762,180.5,5.7,33.74272727272727,2.25,26.502352941176472,0.9780590909090908,8.7,61.75
2002-09,4.46,3.3101429,55.69793,8.3,65.48,109.3922,100.8133,100.0186,98.81241,4.38523809523809,3.3101429,40.29811,8.9,61.78,82.63531,98.3576,98.93194,98.94007,4.61844,3.3101429,90.55453,8.6,63.0,124.7587,101.3848,100.7227,99.83087,4.57595238095238,3.3101429,57.92153,11.7,60.14,123.1621,101.1403,100.5992,98.53251,4.63,3.3101429,62.49876,6.8,63.84,119.1841,99.07987,97.89059,98.9198762263753,4.596,3.3101429,45.66006,7.6,57.87,75.39701,100.885,99.58199,99.7166072410619,3.87,1.75,1.8655000000000002,,-0.36175,90.6531,180.8,5.7,37.6475,2.25,28.324117647058824,0.98063,8.8,61.9
2002-10,4.55,3.2612609,53.45279,8.3,65.59,108.4998,100.8743,99.94281,98.6613,4.46391304347826,3.2612609,37.23088,9.0,61.71,81.95876,97.85496,98.93987,98.78864,4.75706,3.2612609,86.27762,8.5,63.3,123.0742,101.2344,100.7462,99.73291,4.625,3.2612609,56.48798,11.6,60.7,123.8891,101.0627,100.4494,98.51987,4.7,3.2612609,58.53012,7.3,64.22,120.4468,98.759,97.52124,98.7647280732621,4.659,3.2612609,43.1452,7.8,57.82,76.50172,100.8583,99.43568,99.4487566338706,3.94,1.75,2.0290909090909093,,-0.364,90.4643,181.2,5.7,35.24304347826087,2.25,27.765,0.98115,8.8,62.05
2002-11,4.53,3.1241429,57.48641,8.4,65.55,109.5491,100.9335,99.99056,98.52446,4.47761904761905,3.1241429,40.22485,9.1,61.48,83.0219,97.22082,98.94083,98.6787,4.7354,3.1241429,92.76529,8.5,63.5,125.3904,101.0442,100.7346,99.63064,4.602285714285711,3.1241429,61.28654,11.6,60.8,123.4281,100.7592,100.3117,98.5079,4.65,3.1241429,63.06691,7.5,64.58,116.7557,98.60767,97.23517,98.680569856866,4.637,3.1241429,45.29103,8.0,57.74,77.33026,100.8278,99.37607,99.1656099025344,4.05,1.34,2.125263157894737,,-0.42940000000000006,90.9711,181.5,5.9,28.175,2.25,24.648,1.0012894736842106,8.9,62.0
2002-12,4.38,2.94105,56.35672,8.5,65.66,106.9798,100.8387,100.1456,98.37572,4.33555555555556,2.94105,38.59581,9.2,62.16,81.66882,96.878,98.89082,98.62881,4.54822,2.94105,92.50199,8.4,63.6,124.127,100.7531,100.7241,99.52249,4.425526315789471,2.94105,60.88396,11.6,61.01,122.6441,100.2264,100.3116,98.49575,4.45,2.94105,64.9832,7.5,64.65,115.5901,98.50687,97.24232,98.6835230039553,4.456,2.94105,44.32628,8.1,57.8,73.60184,100.6219,99.25356,98.8673345482987,4.03,1.24,2.1961904761904765,,-0.45975,90.4652,181.8,6.0,28.21047619047619,1.8306451612903225,28.09111111111111,1.019404761904762,8.9,62.3
2003-01,4.22,2.8318182,54.84589,8.1,65.79,109.2157,100.4686,100.104,98.20181,4.18,2.8318182,36.67373,9.4,62.14,82.44201,96.85558,98.84803,98.6413,4.37548,2.8318182,90.022,8.8,63.5,125.3904,100.5878,100.7706,99.41737,4.239409090909089,2.8318182,60.64427,11.7,60.75,123.5771,99.96935,100.5431,98.49687,4.27,2.8318182,65.2573,7.6,64.69,120.6411,98.32542,97.3986,98.7499106022483,4.284,2.8318182,43.3736,8.1,57.21,76.22555,100.286,99.10046,98.5764121019456,4.05,1.24,2.305238095238095,,-0.502,91.2361,182.6,5.8,27.424285714285713,1.75,31.183636363636364,1.062247619047619,9.1,62.27
2003-02,4.01,2.68745,50.73352,8.3,66.31,110.1768,99.98627,99.84087,98.02094,3.955,2.68745,33.06863,9.5,62.49,82.73196,96.92044,98.83441,98.69389,4.15681,2.68745,86.63869,8.7,63.2,122.8637,100.5118,100.7614,99.31125,4.01075,2.68745,57.52173,11.7,60.85,124.0131,99.96495,100.7754,98.52053,4.04,2.68745,61.77342,7.6,64.68,122.4866,98.1384,97.25914,98.8051689026883,4.112,2.68745,39.59827,8.1,58.43,76.08746,99.99574,98.90395,98.309259737714,3.9,1.26,2.274736842105263,,-0.52925,91.3445,183.6,5.9,32.21842105263158,1.75,32.64,1.0784578947368422,9.1,62.52
2003-03,4.1,2.5299524,48.53165,8.4,66.59,109.3432,99.62807,99.54932,97.87469,4.00047619047619,2.5299524,31.58996,9.6,62.55,82.73196,97.09912,98.77262,98.76521,4.18462,2.5299524,83.93863,8.7,64.0,123.0742,100.3917,100.6437,99.21569,4.0352380952381,2.5299524,57.39771,11.6,61.32,123.6641,100.1156,100.749,98.57253,4.08,2.5299524,59.91059,7.7,64.73,114.7159,98.05572,96.98011,98.828258341043,4.15,2.5299524,37.23127,8.1,58.59,75.12083,99.94522,98.52003,98.0739172794418,3.81,1.25,2.2333333333333334,,-0.56075,91.1044,183.9,5.9,30.634285714285717,1.5483870967741935,30.740499999999997,1.0797428571428571,9.2,62.88
2003-04,4.22,2.53335,51.73661,8.5,66.48,109.353,99.55245,99.42181,97.80147,4.147,2.53335,35.17,9.7,62.38,82.44201,97.36331,98.69971,98.85798,4.31189,2.53335,89.03839,8.4,64.5,124.7587,100.3711,100.4335,99.15031,4.1884,2.53335,61.92512,11.4,61.83,123.9431,100.4493,100.6665,98.65451,4.18,2.53335,61.61941,7.8,65.27,120.2525,98.17384,97.03494,98.8722800702562,4.286,2.53335,41.55531,8.1,58.48,77.05408,100.2665,98.16434,97.925587530947,3.96,1.26,2.336190476190476,,-0.64475,90.5617,183.2,6.0,23.99190476190476,1.5,25.285882352941176,1.0862363636363637,9.2,62.98
2003-05,3.89,2.4005238,53.55896,8.5,66.44,106.8033,99.59089,99.35722,97.80384,3.8152380952381,2.4005238,36.39034,9.7,62.22,81.95876,97.66243,98.64056,98.98766,4.03517,2.4005238,91.99181,8.5,64.6,120.5475,100.4476,100.2119,99.11204,3.8766666666666705,2.4005238,61.86219,11.3,61.78,122.9241,100.8012,100.5352,98.75713,3.91,2.4005238,63.54967,8.0,65.73,119.4755,98.44286,97.61669,98.9596000574391,3.947,2.4005238,43.08878,8.1,58.26,74.29229,100.5933,97.93146,97.9064023176019,3.57,1.26,2.1538095238095236,,-0.7058,90.537,182.9,6.1,20.23952380952381,1.5,26.048947368421054,1.155557142857143,9.2,62.94
2003-06,3.69,2.1518571,56.33199,8.5,66.56,106.4895,99.64032,99.31182,97.87203,3.61666666666667,2.1518571,39.18766,9.8,62.37,81.47552,97.9861,98.63381,99.17265,3.82209,2.1518571,96.39812,8.5,64.6,122.1267,100.5755,100.0595,99.10276,3.68814285714286,2.1518571,65.99349,11.5,61.83,123.3291,101.0404,100.4839,98.87103,3.77,2.1518571,66.01575,8.0,65.75,115.1044,98.70515,98.40184,99.0764920279301,3.737,2.1518571,44.52224,8.1,58.44,75.67319,100.6745,97.83783,98.0237238753661,3.33,1.22,2.107142857142857,,-0.7075,90.6527,183.1,6.3,20.362380952380953,1.0833333333333333,27.564666666666664,1.1674285714285713,9.2,63.02
2003-07,4.01,2.1300435,56.91606,8.5,66.49,108.4116,99.65112,99.39832,97.99287,3.97260869565217,2.1300435,40.98829,9.8,62.53,83.0219,98.21873,98.7085,99.39389,4.13202,2.1300435,95.32357,8.4,64.6,123.8112,100.5617,100.0035,99.12312,4.0312173913043505,2.1300435,67.31136,11.6,61.47,123.7071,101.1099,100.6991,98.98875,4.1,2.1300435,65.67622,7.8,65.65,118.6984,98.8969,98.90567,99.205844500339,4.059,2.1300435,44.64574,8.1,57.8,77.88262,100.6329,98.03619,98.2913913543335,3.98,1.01,2.5013636363636365,,-0.7112499999999999,91.1185,183.7,6.2,19.161363636363635,1.0,28.238,1.1365045454545455,9.2,62.92
2003-08,4.16,2.1404286,58.97385,8.3,66.66,107.9311,99.60408,99.44974,98.1442,4.13,2.1404286,42.4631,9.8,62.56,81.37887,98.21931,98.91445,99.62808,4.29336,2.1404286,96.58044,8.4,64.3,120.6527,100.5081,100.1552,99.18235,4.191380952380951,2.1404286,68.88836,11.5,61.78,123.8821,101.1521,101.0068,99.10941,4.26,2.1404286,65.92838,7.8,65.72,114.1331,99.07999,99.05742,99.3378405226768,4.224,2.1404286,46.63079,8.1,58.78,75.81128,100.669,98.54131,98.6713064952281,4.45,1.03,2.580952380952381,,-0.6799999999999999,90.9197,184.5,6.1,19.274285714285714,1.0,29.875999999999998,1.1155190476190475,9.2,63.02
2003-09,4.23,2.1473182,60.80991,8.5,66.94,107.5486,99.57878,99.552,98.31763,4.17136363636364,2.1473182,43.39233,9.8,62.49,80.89562,98.18441,99.15336,99.84749,4.31445,2.1473182,98.29542,8.4,64.8,121.3897,100.5267,100.3378,99.28245,4.209,2.1473182,69.20857,11.5,61.93,123.2371,101.1309,101.068,99.23048,4.29,2.1473182,67.69585,7.9,65.85,115.9786,99.36773,99.02899,99.4595856667749,4.25,2.1473182,47.4041,8.2,58.86,75.94936,100.8492,99.08678,99.1139471481706,4.27,1.01,2.568095238095238,,-0.6697500000000001,91.5059,185.1,6.1,19.532380952380954,1.0,27.284705882352938,1.1267,9.2,63.24
2003-10,4.28,2.1435652,60.81502,8.7,67.09,110.1572,99.66866,99.83771,98.50843,4.22130434782609,2.1435652,43.40968,9.8,62.43,83.11855,98.20568,99.3613,100.0379,4.38222,2.1435652,98.22433,8.2,65.1,122.9689,100.549,100.4695,99.39877,4.26865217391304,2.1435652,68.40527,11.4,62.34,125.2241,101.0134,101.1655,99.34634,4.36,2.1435652,69.86909,8.0,66.03,119.6697,99.66347,98.8414,99.5588087805542,4.307,2.1435652,47.92348,8.3,58.68,76.50172,101.0118,99.50302,99.5650119333043,4.29,1.01,2.5427272727272725,,-0.7003999999999999,91.6186,184.9,6.0,18.023478260869567,1.0,29.615499999999997,1.1713681818181818,9.2,63.34
2003-11,4.41,2.15905,62.63467,8.8,67.15,107.9997,99.84783,100.1603,98.70752,4.353,2.15905,46.01037,9.8,62.3,83.69846,98.24712,99.5169,100.1794,4.51138,2.15905,101.7257,8.2,65.2,124.5482,100.4699,100.4879,99.5014,4.39835,2.15905,70.77725,11.3,62.55,124.3471,101.0157,101.2043,99.45521,4.48,2.15905,72.22386,7.9,66.1,119.1841,99.74532,98.78614,99.619885628742,4.429,2.15905,49.11064,8.3,58.78,75.94936,101.2684,99.88927,99.9869066751282,4.3,1.0,2.373333333333333,,-0.7132499999999999,92.2329,185.0,5.8,17.40105263157895,1.0,28.7775,1.171011111111111,9.2,63.36
2003-12,4.34,2.1463333,63.89473,9.0,67.23,108.6764,100.1189,100.2557,98.8906,4.29105263157895,2.1463333,47.69532,9.8,62.87,84.08505,98.18146,99.59824,100.2631,4.4588,2.1463333,104.0496,8.2,65.2,124.5482,100.3159,100.3708,99.57487,4.33931578947368,2.1463333,73.24178,11.4,62.65,123.6251,101.0199,101.142,99.54926,4.4,2.1463333,74.30493,7.7,66.12,118.407,99.77425,99.12911,99.6393117379627,4.375,2.1463333,49.45126,8.5,58.75,78.71116,101.4516,100.1606,100.341983927705,4.27,0.98,2.3604545454545454,,-0.71375,92.2602,185.5,5.7,16.826363636363638,1.0,29.78842105263158,1.229818181818182,9.3,63.56
2004-01,4.2,2.0894762,66.3772,8.9,67.25,109.3432,100.3867,100.2616,99.04788,4.17095238095238,2.0894762,50.06466,9.8,62.87,84.1817,98.13295,99.68614,100.3088,4.31655,2.0894762,105.7908,8.3,64.8,124.6535,100.1611,100.301,99.60798,4.1915714285714305,2.0894762,77.07323,11.3,62.14,123.7131,101.0196,101.1259,99.62601,4.25,2.0894762,77.66911,7.5,66.12,114.6187,99.74168,99.31947,99.6499870460368,4.257,2.0894762,52.8262,8.7,58.0,77.05408,101.5992,100.287,100.598402734993,4.15,1.0,2.3895,,-0.7567999999999999,92.4006,186.3,5.7,16.101,1.0,31.406,1.26382,9.4,63.42
2004-02,4.14,2.07055,67.63,8.9,67.56,110.471,100.4244,100.2618,99.17866,4.11,2.07055,50.18226,10.1,62.99,84.375,98.21647,99.75335,100.3416,4.34284,2.07055,106.323,8.1,64.7,124.2323,100.0096,100.3408,99.61385,4.14815,2.07055,78.86771,11.2,62.19,124.6131,101.0882,101.2035,99.68829,4.19,2.07055,81.90147,7.6,66.05,111.9961,99.69547,99.27905,99.6909939493464,4.262,2.07055,55.50713,8.6,59.08,78.02071,101.6535,100.4457,100.785819863864,4.08,1.01,2.3442105263157895,,-0.8035000000000001,92.958,186.7,5.6,15.99842105263158,1.0,31.069999999999997,1.2640421052631579,9.4,63.57
2004-03,3.98,2.0288261,67.38299,8.9,67.86,110.1179,100.2928,100.3827,99.28964,3.91347826086957,2.0288261,48.62262,10.3,63.24,83.69846,98.22088,99.81205,100.3695,4.16873,2.0288261,105.3738,8.2,65.5,121.8108,99.97756,100.4708,99.60532,4.01169565217391,2.0288261,78.01906,11.1,62.65,125.9981,101.183,101.2602,99.73772,4.0,2.0288261,84.73343,7.6,66.2,117.2414,99.65479,99.36314,99.7561622551687,4.071,2.0288261,55.04503,8.3,59.13,78.71116,101.5875,100.6548,100.905930091383,3.83,1.0,2.248695652173913,,-0.8067500000000001,92.5861,187.1,5.8,17.687391304347827,1.0,33.56619047619048,1.226091304347826,9.5,63.97
2004-04,4.18,2.04875,68.79276,8.8,68.05,110.1375,100.0907,100.5532,99.38377,4.097,2.04875,49.86609,10.3,63.42,84.9549,98.17886,99.89373,100.3884,4.35086,2.04875,108.4726,8.1,65.9,124.2323,99.98335,100.627,99.6031,4.19905,2.04875,80.46045,11.2,63.52,125.6461,101.2724,101.4111,99.77884,4.25,2.04875,85.17509,7.8,66.83,116.4643,99.67599,99.64517,99.8297405902321,4.26,2.04875,56.52643,7.7,59.46,80.64442,101.5447,100.9098,100.958155833531,4.35,1.0,2.276666666666667,,-0.7658,92.93,187.4,5.6,15.69857142857143,1.0,33.43352941176471,1.1989454545454545,9.4,64.3
2004-05,4.34,2.0858571,66.46671,8.7,68.32,109.5197,100.0609,100.7785,99.47097,4.25333333333333,2.0858571,47.48711,10.3,63.57,85.63145,98.15106,99.94339,100.3881,4.49304,2.0858571,106.0786,8.2,66.1,123.9165,100.0507,100.708,99.61998,4.3343809523809504,2.0858571,77.11302,11.2,63.88,126.3341,101.2137,101.5143,99.81405,4.42,2.0858571,84.13576,8.1,67.38,115.1044,99.77563,100.1652,99.9109812683891,4.398,2.0858571,55.29437,7.6,59.65,79.26352,101.5347,101.0839,100.945385289286,4.72,1.0,2.182,,-0.70675,93.6013,188.2,5.6,17.705000000000002,1.0,37.52210526315789,1.199995,9.4,64.5
2004-06,4.39,2.1126818,67.85228,8.8,68.35,110.6083,100.105,100.8669,99.55123,4.31272727272727,2.1126818,48.68238,10.3,63.57,84.9549,98.17213,99.98504,100.3685,4.54392,2.1126818,107.89,8.0,66.2,123.1795,100.2217,100.7397,99.66532,4.39018181818182,2.1126818,78.45496,11.2,63.98,126.5441,101.027,101.5084,99.8484,4.47,2.1126818,84.7849,8.3,68.14,114.7159,99.96807,100.7686,99.9653354413084,4.457,2.1126818,56.1767,8.0,59.6,80.78251,101.516,101.2261,100.896680211827,4.73,1.03,1.9704761904761903,,-0.685,92.871,188.9,5.6,15.342727272727274,1.0,35.20857142857143,1.2146045454545453,9.4,64.54
2004-07,4.27,2.1160455,66.76049,8.8,68.21,111.0495,100.21,100.8232,99.62809,4.23681818181818,2.1160455,47.50061,10.3,63.78,86.11469,98.18243,100.072,100.3398,4.43989,2.1160455,106.9152,7.9,66.0,123.4954,100.2993,100.7327,99.72726,4.2815,2.1160455,77.98019,11.0,63.52,126.7271,100.899,101.3876,99.88976,4.35,2.1160455,84.18204,8.2,67.59,114.4245,100.1071,101.0702,99.9709669037246,4.343,2.1160455,56.23126,8.6,58.98,82.71577,101.3852,101.4228,100.82070729186,4.5,1.26,1.8595238095238094,,-0.689,93.5649,189.1,5.5,15.502380952380953,1.0,38.221363636363634,1.2266142857142857,9.4,64.4
2004-08,4.11,2.1142727,65.60526,8.9,68.38,107.1171,100.3247,100.7608,99.69991,4.08045454545455,2.1142727,45.9294,10.4,63.9,85.24484,98.23745,100.1512,100.3035,4.27713,2.1142727,104.1712,7.8,65.9,120.5475,100.3823,100.7274,99.80743,4.15109090909091,2.1142727,75.93398,11.0,63.83,125.1261,100.7803,101.2857,99.94276,4.18,2.1142727,82.06306,8.5,67.32,109.6649,100.1051,101.029,99.9404292816617,4.179,2.1142727,57.23149,9.0,59.98,80.64442,101.3087,101.4171,100.71411081259,4.28,1.43,1.7731818181818182,,-0.6962499999999999,93.6277,189.2,5.4,16.68409090909091,1.0,42.804500000000004,1.2191363636363637,9.4,64.53
2004-09,4.09,2.1185909,67.48566,8.9,68.44,110.8534,100.4128,100.7213,99.76768,4.01636363636364,2.1185909,47.64905,10.4,63.64,85.05154,98.3055,100.1996,100.2599,4.25079,2.1185909,107.8987,8.0,66.2,122.4425,100.5161,100.6938,99.89552,4.08245454545455,2.1185909,78.74741,10.9,63.93,127.0091,100.7941,101.3233,100.0104,4.12,2.1185909,84.71946,8.6,67.26,108.8878,99.97052,100.6779,99.8809291043322,4.107,2.1185909,60.27592,9.0,59.92,82.43958,101.1511,101.387,100.574449539284,4.13,1.61,1.6004761904761904,,-0.69775,93.7467,189.8,5.4,14.08095238095238,1.0,43.72388888888889,1.222395238095238,9.4,64.6
2004-10,3.98,2.1473333,68.06032,9.0,68.63,111.7066,100.4443,100.72,99.82455,3.8947619047619,2.1473333,48.32766,10.5,63.81,86.11469,98.28944,100.2159,100.2047,4.12889,2.1473333,110.7677,7.9,66.4,123.7059,100.6913,100.6748,99.9726,3.9654285714285695,2.1473333,81.236,10.7,64.6,126.0001,100.9347,101.4169,100.0853,3.99,2.1473333,86.70797,8.5,67.57,111.0248,99.75118,100.3452,99.7810761995111,3.976,2.1473333,62.80355,8.6,60.21,84.51093,101.0003,101.2521,100.408016391734,4.1,1.76,1.5125,,-0.699,94.5465,190.8,5.5,14.973809523809523,1.0,49.776666666666664,1.25074,9.4,64.85
2004-11,3.86,2.1703182,69.65716,9.0,68.66,109.8531,100.3863,100.6995,99.86348,3.78045454545455,2.1703182,49.97405,10.6,63.53,84.66495,98.32377,100.2074,100.1432,3.99979,2.1703182,114.8174,8.1,66.6,121.6003,100.7371,100.5897,100.0121,3.85086363636364,2.1703182,83.88932,10.6,64.75,126.8271,101.0252,101.3384,100.1545,3.86,2.1703182,88.05772,8.5,67.79,112.8703,99.60986,100.0692,99.636606325491,3.855,2.1703182,65.10752,8.3,60.11,83.82048,100.9545,101.0529,100.199359063091,4.19,1.93,1.342,,-0.711,94.7813,191.7,5.4,13.577619047619047,1.0,43.110454545454544,1.29972,9.4,64.81
2004-12,3.64,2.1731739,70.15225,8.9,68.74,110.0885,100.3563,100.6682,99.87386,3.57952380952381,2.1731739,51.29464,10.7,64.25,84.7616,98.48319,100.1851,100.0753,3.79167,2.1731739,119.1043,7.9,66.8,120.5475,100.7161,100.453,100.0031,3.64334782608696,2.1731739,87.21176,10.3,64.7,124.2701,101.0536,101.1887,100.2109,3.64,2.1731739,88.15706,8.7,67.82,111.6076,99.57314,99.7797,99.4397844323422,3.659,2.1731739,67.45141,8.2,59.93,83.95857,101.0202,100.81,99.9604275676187,4.23,2.16,1.219090909090909,,-0.7036,95.5365,191.7,5.4,12.459545454545456,1.0,39.63272727272727,1.3406478260869563,9.4,65.05
2005-01,3.58,2.1454286,71.6784,8.7,68.36,111.8439,100.2845,100.4461,99.85359,3.5647619047619,2.1454286,51.82673,10.7,63.88,86.59794,98.6907,100.1022,99.98443,3.71143,2.1454286,122.7159,7.8,66.1,120.758,100.7427,100.3211,99.94141,3.59095238095238,2.1454286,89.1099,10.1,64.08,124.6991,100.9702,101.0462,100.2519,3.56,2.1454286,91.2256,8.7,67.47,131.423,99.67278,99.60415,99.2373755851867,3.59,2.1454286,68.90534,8.3,59.15,85.47756,101.1576,100.6131,99.6918703183714,4.22,2.28,0.999,,-0.6962499999999999,95.8801,191.6,5.3,13.437999999999999,1.0,44.39111111111111,1.312265,9.3,64.65
2005-02,3.6,2.13835,74.36838,8.6,68.82,110.6181,100.2073,100.1086,99.81282,3.544,2.13835,53.03743,10.9,64.13,85.63145,98.75025,99.93462,99.86947,3.67836,2.13835,126.1795,7.9,66.1,121.2844,100.8142,100.1698,99.83965,3.58065,2.13835,93.32728,9.9,64.24,125.2861,100.8552,100.823,100.2831,3.55,2.13835,93.94025,8.8,67.44,133.8514,99.88438,99.43157,99.0581586576761,3.566,2.13835,71.73615,8.5,60.42,83.13004,101.2539,100.3114,99.4225173790358,4.17,2.5,0.7805263157894737,,-0.70875,96.5761,192.4,5.4,11.708947368421052,1.0,45.6321052631579,1.3013052631578947,9.3,64.89
2005-03,3.75,2.1371905,75.58381,8.6,69.29,108.1958,100.023,99.72683,99.76369,3.69619047619048,2.1371905,53.24178,10.9,64.37,86.59794,98.7157,99.74081,99.75175,3.83727,2.1371905,125.664,7.9,66.8,121.2844,100.7839,99.96501,99.71467,3.7334285714285698,2.1371905,92.6378,9.7,64.8,126.2391,100.7502,100.701,100.313,3.7,2.1371905,92.18714,9.0,67.67,130.646,100.1453,99.54166,98.8914124227924,3.76,2.1371905,72.6595,8.6,60.81,83.40621,101.1612,99.95018,99.1879932031236,4.5,2.63,0.770909090909091,,-0.68325,96.4456,193.1,5.2,13.126363636363635,1.0,53.45583333333334,1.3185,9.3,65.37
2005-04,3.54,2.1372381,74.97421,8.7,69.42,111.0201,99.67373,99.4995,99.72179,3.48238095238095,2.1372381,52.37231,11.2,64.38,87.17783,98.67751,99.61726,99.66335,3.65325,2.1372381,125.4793,7.9,67.4,124.127,100.616,99.76821,99.57337,3.52928571428571,2.1372381,91.48559,9.7,65.72,127.4091,100.7447,100.6121,100.3512,3.5,2.1372381,92.06386,9.1,68.17,131.9087,100.1825,99.77967,98.7484399686039,3.6,2.1372381,72.82729,8.4,60.92,83.95857,100.8539,99.50214,99.0077437787767,4.34,2.79,0.6871428571428572,,-0.6266,96.6532,193.7,5.2,14.459047619047618,1.0,52.339999999999996,1.2943095238095237,9.4,65.64
2005-05,3.38,2.1256364,75.27122,8.8,69.46,109.8237,99.43609,99.48071,99.71066,3.30409090909091,2.1256364,52.04265,11.2,64.6,86.21134,98.66279,99.57466,99.62487,3.55261,2.1256364,123.7911,7.7,67.6,121.0739,100.2525,99.69701,99.45119,3.35968181818182,2.1256364,92.72017,9.4,65.83,126.4541,100.7736,100.5559,100.3999,3.35,2.1256364,91.9693,9.1,68.56,126.5663,99.78051,99.56738,98.6311470234565,3.435,2.1256364,71.97398,8.6,61.0,81.47295,100.5212,99.21001,98.9144148520767,4.14,3.0,0.5004761904761905,,-0.59975,96.7402,193.6,5.1,13.967619047619047,1.0,48.474999999999994,1.2696857142857143,9.3,65.78
2005-06,3.2,2.1110455,78.19746,8.9,69.55,109.706,99.53075,99.65277,99.74112,3.12636363636364,2.1110455,54.81299,11.2,64.69,87.95103,98.63512,99.61428,99.64769,3.40502,2.1110455,126.9499,7.9,67.6,121.0739,99.94399,99.78595,99.38479,3.18540909090909,2.1110455,96.28323,9.1,66.03,127.0291,100.8179,100.6298,100.4595,3.19,2.1110455,90.39732,9.2,68.6,130.646,99.11726,99.29736,98.5512295357285,3.265,2.1110455,73.16098,8.5,61.2,83.13004,100.3091,99.11479,98.9309202989001,4.0,3.04,0.3577272727272727,,-0.59975,97.1753,193.7,5.0,11.868636363636364,1.0,54.36900000000001,1.2155272727272726,9.3,65.86
2005-07,3.27,2.1194286,81.40564,8.9,69.43,109.3922,99.621,99.82452,99.80403,3.20571428571429,2.1194286,56.88544,11.2,65.0,89.11082,98.64375,99.74709,99.73216,3.43842,2.1194286,130.5705,7.7,67.4,122.7584,99.88052,100.0577,99.39082,3.2194761904761906,2.1194286,99.4761,8.8,65.62,127.1991,100.8486,100.8899,100.5276,3.35,2.1194286,90.76558,9.5,68.88,129.7717,98.65604,99.30591,98.5283164378391,3.297,2.1194286,75.11312,8.5,60.59,82.3015,100.1858,99.20074,99.0499538984945,4.18,3.26,0.3065,,-0.6083999999999999,96.8676,194.9,5.0,11.049,1.0,57.4485,1.2040549999999999,9.2,65.78
2005-08,3.3,2.1324783,83.10596,9.0,69.72,108.7548,99.77409,99.87202,99.89658,3.23260869565217,2.1324783,58.80945,11.2,65.09,86.79124,98.75512,99.90701,99.86318,3.44898,2.1324783,132.5326,7.7,67.3,121.9161,99.9567,100.3883,99.45566,3.23126086956522,2.1324783,100.7829,8.6,65.93,128.0771,100.8382,101.1008,100.6006,3.39,2.1324783,92.96873,9.5,69.0,115.3958,98.47562,99.71983,98.5897506935883,3.313,2.1324783,77.48923,8.5,61.69,81.88723,100.1727,99.56416,99.2685140757984,4.26,3.5,0.21826086956521742,,-0.60525,97.1833,196.1,4.9,12.951304347826087,1.0,63.98347826086956,1.2295173913043478,9.2,65.94
2005-09,3.13,2.1391364,84.38403,9.1,70.02,111.5105,99.73737,99.91068,100.0097,3.06772727272727,2.1391364,59.70398,11.1,65.32,88.82088,98.89063,100.0771,100.0379,3.28701,2.1391364,135.9606,7.8,67.7,122.4425,100.1068,100.6477,99.56337,3.08836363636364,2.1391364,104.9845,8.5,66.34,127.6071,100.7577,101.2187,100.6737,3.23,2.1391364,95.12083,9.5,69.1,127.052,98.51581,100.2665,98.7272317005997,3.145,2.1391364,78.68144,8.5,61.67,83.95857,100.2343,100.1251,99.5625012521522,4.2,3.62,0.2528571428571429,,-0.5757999999999999,95.3005,198.8,5.0,12.628095238095238,1.0,63.0665,1.2233904761904761,9.2,66.28
2005-10,3.29,2.196619,83.93516,9.1,70.01,108.2449,99.36607,100.0757,100.144,3.23857142857143,2.196619,59.60951,11.0,65.35,90.46392,99.04185,100.2238,100.2406,3.44443,2.196619,131.6987,7.7,68.2,122.6531,100.3643,100.8122,99.69619,3.2725238095238094,2.196619,105.7573,8.6,66.85,126.9911,100.6154,101.2195,100.7414,3.39,2.196619,96.7347,9.5,69.33,126.8577,98.69907,100.6763,98.9152896673693,3.299,2.196619,79.13818,8.4,61.58,82.85385,100.5445,100.6685,99.9131807293809,4.46,3.78,0.1925,,-0.5734999999999999,96.4572,199.1,5.0,14.937619047619048,1.0,58.523,1.20224,9.2,66.45
2005-11,3.5,2.3608636,84.99443,9.1,69.86,112.599,99.188,100.2086,100.3149,3.44818181818182,2.3608636,61.13445,10.9,64.99,89.59407,99.21187,100.3267,100.4559,3.65516,2.3608636,132.4669,7.5,68.2,123.9165,100.4949,100.9339,99.84911,3.47659090909091,2.3608636,104.7985,8.7,66.95,128.6191,100.4253,101.1175,100.8016,3.58,2.3608636,97.71857,9.5,69.48,131.3259,98.90993,100.6192,99.1179468051613,3.493,2.3608636,80.49631,8.4,61.55,87.96317,100.8793,101.038,100.298968946747,4.54,4.0,0.11850000000000001,,-0.584,97.5414,198.1,5.0,12.147619047619047,1.0,55.18149999999999,1.1788750000000001,9.1,66.31
2005-12,3.38,2.4728571,88.35233,9.1,69.95,111.2457,99.40199,100.4482,100.5031,3.33761904761905,2.4728571,63.95299,10.7,65.64,89.59407,99.49458,100.4675,100.6825,3.55319,2.4728571,137.097,7.6,68.2,122.0214,100.5255,101.0677,100.018,3.36857142857143,2.4728571,105.9229,8.8,67.11,129.6371,100.3768,101.0231,100.8573,3.46,2.4728571,101.8783,9.3,69.54,125.9835,99.0666,100.3536,99.3080194122666,3.39,2.4728571,83.71085,8.5,61.58,90.58688,101.164,101.2361,100.690426802004,4.47,4.16,0.06285714285714286,,-0.5644,98.0452,198.1,4.9,11.26,1.2096774193548387,56.855714285714285,1.186095238095238,9.1,66.53
2006-01,3.34,2.5116818,91.27856,9.2,69.89,110.5396,99.65994,100.6514,100.6789,3.32136363636364,2.5116818,66.11412,10.6,65.26,90.56057,99.82793,100.6563,100.9026,3.54353,2.5116818,141.2701,7.4,67.6,122.4425,100.5062,101.2419,100.1919,3.33059090909091,2.5116818,108.7632,8.8,66.8,130.4991,100.2413,100.8347,100.9072,3.45,2.5116818,106.313,9.2,69.3,122.1952,99.1846,100.0876,99.4717924513884,3.372,2.5116818,88.22953,8.5,60.76,86.3061,101.3337,101.3672,101.064180996286,4.42,4.29,0.020499999999999997,,-0.5842499999999999,98.1999,199.3,4.7,12.036,1.25,63.145555555555546,1.21255,9.0,66.24
2006-02,3.51,2.60035,94.03708,9.2,70.16,109.8041,99.75042,100.8405,100.8238,3.4725,2.60035,69.63632,10.5,65.52,90.75387,99.98006,100.8441,101.0878,3.69735,2.60035,146.2272,7.4,67.5,124.864,100.6418,101.4149,100.3547,3.4829,2.60035,114.639,8.7,66.85,130.3001,100.1483,100.9194,100.9566,3.6,2.60035,111.3377,9.1,69.44,120.9325,99.35731,99.82167,99.6316947500397,3.538,2.60035,91.72727,8.6,62.16,88.23936,101.3208,101.6056,101.38269558536,4.57,4.49,-0.09947368421052633,,-0.6234999999999999,98.2413,199.4,4.8,12.471052631578948,1.25,60.08736842105264,1.1939736842105262,8.9,66.42
2006-03,3.69,2.7226087,96.84693,9.1,70.47,111.7752,99.73683,101.0009,100.9264,3.63739130434783,2.7226087,71.12463,10.5,65.55,89.88402,100.0422,101.0278,101.2243,3.92284,2.7226087,150.6196,7.2,68.3,125.4957,100.8494,101.577,100.5076,3.64891304347826,2.7226087,118.4834,8.7,67.32,130.9771,100.1327,101.1092,101.0112,3.77,2.7226087,119.115,9.1,70.27,126.1778,99.48113,99.5845,99.8042347700116,3.702,2.7226087,94.03139,8.6,62.12,87.687,101.2562,101.862,101.610502850421,4.72,4.59,-0.009999999999999998,,-0.6304000000000001,98.4628,199.7,4.7,11.69391304347826,1.4435483870967742,61.32333333333333,1.2028434782608695,8.8,66.81
2006-04,3.95,2.7937778,98.47603,9.0,70.79,111.2261,99.7085,101.1836,100.9966,3.895,2.7937778,72.76139,10.3,65.8,91.72036,100.1229,101.2158,101.3082,4.22184,2.7937778,152.2811,7.1,68.9,124.4429,100.9764,101.7142,100.657,3.9188888888888895,2.7937778,118.8083,8.6,68.3,130.1721,100.1441,101.3,101.0744,4.03,2.7937778,123.8632,9.1,70.67,121.2239,99.45529,99.69872,100.007830224367,3.956,2.7937778,93.33427,8.7,62.46,88.51553,101.1896,102.0227,101.757002596787,4.99,4.79,0.10157894736842105,,-0.62175,98.7618,200.7,4.7,11.84736842105263,1.5,71.39846153846153,1.227325,8.7,67.25
2006-05,4.0,2.889,96.27094,8.9,71.09,113.0011,99.47739,101.3107,101.04,3.96272727272727,2.889,70.18191,10.2,65.93,92.59021,100.2088,101.3382,101.3411,4.28469,2.889,148.149,7.1,69.1,127.3908,101.0544,101.7989,100.7919,3.98631818181818,2.889,116.6963,8.5,68.54,131.7881,100.0618,101.536,101.1507,4.07,2.889,119.7454,9.1,71.05,126.5663,99.3913,100.1112,100.245659883146,4.027,2.889,91.51762,8.8,62.68,89.75835,101.1344,102.1174,101.814931158293,5.11,4.94,0.14181818181818182,,-0.5985,98.7869,201.3,4.6,14.454545454545455,1.5,69.5385,1.2767454545454546,8.6,67.44
2006-06,4.01,2.9856818,90.70633,8.9,71.09,112.7853,99.45139,101.3366,101.0846,3.96045454545455,2.9856818,65.23695,10.1,66.05,92.30025,100.1418,101.4352,101.339,4.29471,2.9856818,140.6076,6.8,69.2,127.7066,101.0357,101.836,100.9094,3.98818181818182,2.9856818,112.2272,8.4,68.64,132.2271,99.99244,101.6033,101.247,4.1,2.9856818,116.8264,9.1,71.02,127.4405,99.44275,100.6418,100.502183942455,4.016,2.9856818,86.00393,8.5,62.73,89.75835,101.1737,102.1944,101.806520034848,5.11,4.99,-0.015454545454545453,,-0.5442,99.0997,201.8,4.6,16.918636363636363,1.6333333333333333,68.5559090909091,1.266059090909091,8.5,67.49
2006-07,4.03,3.1021905,92.85659,9.0,70.95,111.3143,99.70364,101.3617,101.151,4.01,3.1021905,66.27413,10.0,66.36,93.84665,99.99416,101.5237,101.3192,4.30648,3.1021905,142.7159,6.7,69.0,125.8115,101.1505,101.7631,101.0248,4.02390476190476,3.1021905,115.769,8.3,68.26,131.8891,100.0432,101.5371,101.3698,4.14,3.1021905,117.841,9.2,70.92,131.9087,99.5948,101.0845,100.754947290716,4.042,3.1021905,89.07304,8.0,62.06,88.23936,101.2231,102.3369,101.750006273739,5.09,5.24,-0.031,,-0.541,99.0489,202.9,4.7,15.325999999999999,1.75,73.67428571428572,1.268065,8.4,67.41
2006-08,3.9,3.2264783,95.74197,9.0,71.19,110.5494,99.94578,101.3828,101.2498,3.88391304347826,3.2264783,68.15572,9.9,66.25,94.3299,99.84746,101.6407,101.3069,4.1707,3.2264783,146.3904,6.8,68.9,127.6013,101.2465,101.7186,101.146,3.8925652173913,3.2264783,120.3159,8.3,68.42,131.5701,100.1957,101.5149,101.5196,4.06,3.2264783,122.5422,9.2,70.86,124.4293,99.88727,101.1605,100.980088662667,3.915,3.2264783,92.80058,7.8,63.13,87.687,101.2247,102.4201,101.670079155797,4.88,5.25,-0.026956521739130435,,-0.5885,99.4836,203.8,4.7,13.351739130434783,1.935483870967742,73.2304347826087,1.2810478260869567,8.4,67.47
2006-09,3.77,3.335381,97.52185,8.8,71.04,112.2754,100.147,101.4054,101.3755,3.75380952380952,3.335381,69.94864,9.8,65.94,94.03995,99.72872,101.8258,101.3205,4.03582,3.335381,149.9097,6.6,69.3,127.3908,101.353,101.7329,101.2634,3.7632857142857103,3.335381,124.5897,8.2,68.29,132.5201,100.3667,101.6298,101.6882,3.93,3.335381,125.3486,9.6,71.15,127.829,100.1645,101.2246,101.190943506938,3.789,3.335381,95.31226,7.9,62.83,89.75835,101.3518,102.4838,101.602522102008,4.72,5.25,-0.05,,-0.6048,99.3183,202.8,4.5,12.1845,2.0,61.95857142857143,1.2722099999999998,8.3,67.47
2006-10,3.81,3.502,101.0671,8.5,70.88,111.3241,100.3445,101.4747,101.5292,3.78772727272727,3.502,73.06985,9.7,66.04,93.65335,99.66113,102.016,101.3682,4.06997,3.502,154.5951,6.6,69.5,127.6013,101.2861,101.7421,101.3757,3.8129090909090895,3.502,134.9485,8.2,68.57,132.3421,100.6205,101.678,101.8622,3.98,3.502,129.662,9.7,71.16,126.2749,100.2729,101.2818,101.390572742136,3.835,3.502,98.7619,7.9,62.65,91.6916,101.5587,102.447,101.5538855999,4.73,5.25,-0.06666666666666668,,-0.618,99.2044,201.9,4.4,11.306363636363637,2.1693548387096775,57.808181818181815,1.2617190476190476,8.2,67.53
2006-11,3.74,3.5971818,103.0948,8.3,70.96,110.6279,100.4163,101.584,101.6932,3.71409090909091,3.5971818,75.3987,9.6,65.94,95.29639,99.74432,102.143,101.4491,3.97009,3.5971818,160.0113,6.5,69.5,127.6013,101.3297,101.7117,101.4878,3.747,3.5971818,141.958,8.3,68.74,134.0641,100.7175,101.7673,102.0217,3.89,3.5971818,131.2727,9.7,71.17,130.0631,100.2547,101.4377,101.577158941564,3.76,3.5971818,100.4723,8.0,62.78,91.00115,101.629,102.32,101.512982265956,4.6,5.25,-0.14523809523809525,,-0.62925,99.1627,202.0,4.5,10.817619047619049,2.25,58.76136363636363,1.2887666666666666,8.2,67.55
2006-12,3.81,3.6842105,104.0213,8.3,71.14,112.5107,100.4642,101.6395,101.8545,3.77052631578947,3.6842105,77.1145,9.4,66.54,96.16624,99.93372,102.155,101.5429,4.0376,3.6842105,162.2193,6.2,69.6,129.9175,101.4607,101.6877,101.5979,3.81626315789474,3.6842105,143.7932,8.3,68.93,135.6871,100.5885,101.9951,102.1529,3.96,3.6842105,136.2639,9.7,71.3,135.9883,100.1999,101.5082,101.754586705117,3.82,3.6842105,102.8677,7.9,62.86,95.00575,101.5729,102.1496,101.472124877211,4.56,5.24,-0.10900000000000001,,-0.6232,100.1735,203.1,4.4,10.9645,2.403225806451613,62.47210526315789,1.3204799999999999,8.0,67.81
2007-01,4.07,3.7518636,106.8663,8.5,70.86,111.3143,100.5309,101.6955,102.0046,4.01681818181818,3.7518636,79.7364,9.2,66.44,95.87629,100.1688,102.0778,101.6366,4.2628,3.7518636,166.2996,6.2,68.9,128.3383,101.3325,101.6904,101.6846,4.07245454545455,3.7518636,147.1008,8.3,68.43,134.8081,100.3786,102.1048,102.256,4.18,3.7518636,142.5793,9.7,71.09,129.3832,100.0489,101.7709,101.921161888709,4.064,3.7518636,106.206,7.8,61.8,94.17722,101.5372,101.8511,101.446055494104,4.76,5.25,-0.11666666666666667,,-0.6617500000000001,99.8346,203.437,4.6,11.0425,2.5,53.68142857142857,1.2993,8.0,67.47
2007-02,4.1,3.8182,109.1066,8.5,71.01,112.3146,100.6315,101.7435,102.1317,4.049,3.8182,82.63397,9.1,66.73,96.74613,100.4719,101.9677,101.7198,4.28009,3.8182,169.6539,6.1,68.9,129.2858,101.2027,101.7991,101.7636,4.1108,3.8182,151.7523,8.2,68.48,134.1041,100.2953,102.1577,102.339,4.19,3.8182,148.6043,9.8,71.06,125.3035,99.98038,102.078,102.061570332779,4.108,3.8182,107.8818,7.8,63.26,94.03912,101.5304,101.6736,101.44003125463,4.72,5.26,-0.12631578947368421,,-0.674,100.7753,204.226,4.5,11.155263157894737,2.5,57.480588235294114,1.308021052631579,7.9,67.67
2007-03,4.0,3.8909091,105.7482,8.4,71.34,113.1776,100.7918,101.7252,102.2365,3.94090909090909,3.8909091,80.48441,8.9,66.87,97.22938,100.7897,101.906,101.7903,4.17622,3.8909091,163.3287,6.1,69.7,130.2334,101.0569,101.9354,101.8267,4.00868181818182,3.8909091,145.721,8.1,69.01,135.6351,100.2865,102.1879,102.4078,4.1,3.8909091,145.1068,9.7,71.95,126.9548,99.99445,102.2289,102.178036794895,4.009,3.8909091,105.2445,7.9,63.26,94.31531,101.5167,101.6702,101.460798674409,4.56,5.26,-0.009090909090909092,,-0.6222,100.9547,205.288,4.4,15.162727272727272,2.6451612903225805,62.15857142857143,1.324590909090909,7.8,68.12
2007-04,4.21,3.9752632,112.0622,8.3,71.72,111.3045,101.1069,101.7084,102.3287,4.1521052631579,3.9752632,86.42415,8.7,67.13,96.45618,101.1325,101.8974,101.8418,4.37021,3.9752632,172.5288,5.9,70.1,127.8119,100.7661,101.9838,101.8553,4.20873684210526,3.9752632,152.252,8.0,69.99,133.2411,100.2637,102.0524,102.4657,4.3,3.9752632,151.5284,9.9,72.62,122.5838,100.0392,102.3578,102.283373661733,4.222,3.9752632,110.512,8.2,63.58,93.90104,101.5592,101.9311,101.519770377511,4.69,5.25,0.027619047619047623,,-0.5945,101.6334,205.904,4.5,12.933000000000002,2.75,67.4857894736842,1.351290476190476,7.7,68.55
2007-05,4.34,4.0713636,115.78,8.1,71.91,114.0013,101.554,101.7156,102.4016,4.27904761904762,4.0713636,89.08846,8.6,67.27,98.19588,101.3904,101.9201,101.8682,4.48971,4.0713636,174.6178,6.2,70.4,130.3387,100.4486,101.854,101.8469,4.336285714285711,4.0713636,151.9809,7.9,70.19,136.2601,100.3069,101.8696,102.5147,4.44,4.0713636,161.1334,9.8,72.75,125.2064,100.0168,102.4812,102.362985346574,4.345,4.0713636,112.8443,8.1,63.5,96.24856,101.5609,102.2553,101.595853720534,4.75,5.25,-0.02,,-0.56425,101.7306,206.755,4.4,13.297727272727274,2.75,67.21227272727273,1.3517818181818182,7.7,68.71
2007-06,4.62,4.1477619,115.0771,8.0,72.02,113.5502,101.7565,101.7928,102.4365,4.56047619047619,4.1477619,91.62746,8.5,67.34,98.38918,101.4138,101.9343,101.8523,4.77197,4.1477619,170.4525,6.1,70.6,129.707,100.1647,101.6461,101.8071,4.6202857142857106,4.1477619,152.699,8.0,70.33,136.1091,100.4073,101.7638,102.5471,4.74,4.1477619,169.166,9.6,72.72,125.4007,99.87561,102.4591,102.419429682516,4.638,4.1477619,111.2002,7.7,63.55,96.52474,101.4559,102.3688,101.643986096809,5.1,5.25,0.12238095238095237,,-0.5364000000000001,101.7893,207.234,4.6,14.947619047619046,2.9,71.04571428571428,1.3420619047619047,7.6,68.78
2007-07,4.58,4.2161818,114.2116,8.1,71.79,113.6679,101.6194,101.813,102.4178,4.505,4.2161818,92.03423,8.5,67.66,99.06572,101.2351,101.8948,101.7887,4.76033,4.2161818,168.495,6.4,70.1,128.7594,100.0704,101.46,101.747,4.596227272727271,4.2161818,151.9383,8.1,69.83,133.7211,100.4237,101.6773,102.5527,4.73,4.2161818,173.8819,9.7,72.54,120.544,99.75024,102.3554,102.452651201804,4.617,4.2161818,109.8196,7.3,62.87,95.14384,101.2271,102.1885,101.623838874699,5.0,5.26,0.18523809523809526,,-0.40475,101.6672,207.603,4.7,17.273333333333333,3.0,76.92999999999999,1.3726476190476191,7.6,68.62
2007-08,4.39,4.5436087,105.8525,8.0,72.09,114.3642,101.2328,101.7602,102.3402,4.29652173913043,4.5436087,86.60923,8.4,67.56,99.25902,100.8923,101.8307,101.6979,4.58355,4.5436087,158.4853,6.3,70.0,133.8129,100.0231,101.328,101.6852,4.39813043478261,4.5436087,147.1175,8.3,69.95,133.7711,100.1511,101.5535,102.5229,4.55,4.5436087,164.5403,9.6,72.24,114.9101,99.61285,102.4302,102.46593762469,4.437,4.5436087,101.8411,7.0,63.85,96.52474,100.9531,101.9112,101.533048947392,4.67,5.02,0.3617391304347826,,0.0372,101.863,207.667,4.6,25.02608695652174,3.0,70.76086956521739,1.3625869565217392,7.6,68.67
2007-09,4.36,4.7417,106.8182,7.9,72.19,111.736,100.7447,101.7604,102.2193,4.226,4.7417,88.50817,8.4,67.68,100.1289,100.5688,101.7561,101.6035,4.57357,4.7417,158.5654,6.2,70.5,130.3387,100.0012,101.2331,101.6306,4.354,4.7417,145.0556,8.3,70.16,134.3451,99.72341,101.3848,102.4538,4.5,4.7417,156.2331,9.4,72.55,121.1268,99.51597,102.5778,102.476236481157,4.392,4.7417,103.903,6.9,63.73,97.0771,100.7251,101.7343,101.403338172864,4.52,4.94,0.51,,0.1605,102.0894,208.547,4.7,22.198947368421056,3.0,77.17315789473685,1.3909850000000001,7.5,68.93
2007-10,4.4,4.6873913,110.7067,7.7,72.39,114.2661,100.2457,101.9456,102.0662,4.28260869565217,4.6873913,92.34847,8.3,67.8,100.3222,100.3215,101.6979,101.521,4.59088,4.6873913,161.8597,6.2,71.1,129.0753,99.9347,101.1952,101.5761,4.37834782608696,4.6873913,153.7217,8.4,71.07,134.6291,99.24277,101.1801,102.3389,4.52,4.6873913,161.4969,9.4,72.93,126.6634,99.33782,102.615,102.484178679269,4.423,4.6873913,106.9858,7.0,64.03,100.6674,100.4723,101.507,101.261634625207,4.53,4.76,0.56,,-0.008,101.8015,209.19,4.7,19.115652173913045,3.0,82.34,1.4233043478260867,7.5,69.27
2007-11,4.23,4.6385455,105.8713,7.5,72.83,112.2656,99.70327,102.1269,101.8786,4.08909090909091,4.6385455,89.10388,8.2,68.17,100.0322,100.097,101.6655,101.4418,4.44929,4.6385455,153.1247,6.3,71.3,127.3908,99.75389,101.183,101.5068,4.24786363636364,4.6385455,157.0663,8.6,71.58,133.6291,98.70207,101.2117,102.1695,4.36,4.6385455,164.3188,9.3,73.16,124.0408,99.05567,102.7081,102.477999209543,4.28,4.6385455,100.0435,7.1,64.58,97.76755,100.1316,101.3126,101.136636353295,4.15,4.49,0.8119999999999999,,0.27599999999999997,102.3446,210.834,4.7,25.58238095238095,3.0,92.41428571428571,1.468252380952381,7.4,69.65
2007-12,4.35,4.8483684,106.4562,7.3,73.13,112.4715,99.3018,102.1423,101.6578,4.20588235294118,4.8483684,91.16476,8.1,68.61,100.9021,99.99822,101.6141,101.3588,4.53849,4.8483684,152.0819,6.6,71.6,128.233,99.53752,101.1666,101.4331,4.34770588235294,4.8483684,155.2385,8.8,71.88,133.4191,98.18564,101.0859,101.9423,4.47,4.8483684,165.3067,9.2,73.25,121.321,98.66911,102.64,102.439673030053,4.412,4.8483684,100.6228,7.1,64.81,100.2532,99.9789,101.18,101.042662888267,4.1,4.24,0.9804999999999999,,0.552,102.3803,211.445,5.0,21.651,3.0,90.92684210526315,1.45588,7.4,69.92
2008-01,4.15,4.4815455,97.47723,7.2,73.12,113.4816,98.87637,102.0535,101.393,4.02772727272727,4.4815455,83.74442,8.0,68.37,101.7719,99.95128,101.5362,101.2637,4.39891,4.4815455,140.6647,6.6,71.0,131.0756,99.34056,101.0998,101.3823,4.18272727272727,4.4815455,138.6652,9.1,71.43,133.8281,97.87754,100.6894,101.661,4.31,4.4815455,148.0525,9.0,73.14,126.0806,98.30569,102.4123,102.361822169573,4.252,4.4815455,94.61349,7.1,63.98,102.7388,99.87758,101.1685,100.95906945207,3.74,3.94,1.2685714285714287,,0.4335,102.2448,212.174,5.0,25.816190476190474,3.0,92.17809523809524,1.4728142857142856,7.4,69.68
2008-02,4.08,4.3620952,92.01046,7.0,73.28,114.4818,98.63094,101.8385,101.1061,3.95285714285714,4.3620952,79.16575,7.9,68.72,101.3853,99.9007,101.4779,101.1351,4.35443,4.3620952,133.2779,6.6,71.1,130.3387,99.27484,100.982,101.3339,4.14409523809524,4.3620952,132.2942,9.3,71.53,133.6861,97.68129,100.2168,101.328,4.27,4.3620952,141.0173,8.9,73.15,125.7892,98.17626,102.1024,102.252520602545,4.231,4.3620952,91.29684,6.9,65.55,101.6341,99.86056,101.242,100.858045856499,3.74,2.98,1.7645,,0.6048,101.8438,212.687,4.9,25.456,3.0,94.9865,1.4759449999999998,7.4,69.92
2008-03,4.02,4.5963684,88.03221,7.1,73.86,113.2168,98.37574,101.5491,100.7963,3.79947368421053,4.5963684,74.68154,7.8,69.09,101.2887,99.87547,101.4044,100.9472,4.37747,4.5963684,124.9791,6.5,72.2,130.9704,99.29877,100.8026,101.2649,4.117631578947369,4.5963684,130.6099,9.5,72.18,131.2841,97.35983,99.8248,100.9435,4.36,4.5963684,131.7478,9.0,74.22,118.5041,98.13445,101.6071,102.110621591889,4.225,4.5963684,90.44268,6.7,66.03,101.496,99.76366,101.2441,100.714717085226,3.51,2.61,1.893,,0.9369999999999999,101.5336,213.448,5.1,27.103500000000004,3.0,103.63550000000001,1.5520190476190474,7.4,70.61
2008-04,4.27,4.7835,93.04339,7.3,74.14,115.5998,98.0103,101.1473,100.4564,4.04,4.7835,77.65237,7.7,68.9,101.8686,99.80901,101.2708,100.6802,4.53189,4.7835,130.7159,6.9,72.6,132.0232,99.44596,100.5983,101.1537,4.3102727272727295,4.7835,136.3413,10.0,72.96,132.0081,96.61971,99.44003,100.5112,4.52,4.7835,140.9431,9.0,74.45,123.2637,98.08064,101.0431,101.927109528596,4.375,4.7835,94.65957,6.5,66.17,102.7388,99.496,101.1744,100.511080487863,3.68,2.28,1.627727272727273,,0.7795,100.8785,213.942,5.0,21.562727272727273,3.0,109.07136363636364,1.5753636363636365,7.5,70.84
2008-05,4.41,4.857381,95.62424,7.3,74.57,110.2258,97.56743,100.6918,100.0685,4.20190476190476,4.857381,79.98895,7.5,69.35,99.54897,99.54525,101.0951,100.3184,4.70282,4.857381,132.8156,6.8,73.0,127.3908,99.52973,100.4487,100.9648,4.42215,4.857381,138.1719,10.4,73.46,128.6381,95.57262,98.97523,100.0439,4.6,4.857381,143.1447,9.1,74.81,116.8528,97.72929,100.6078,101.670761325084,4.514,4.857381,93.71575,6.5,66.74,100.2532,99.13696,101.241,100.252474209058,3.88,1.98,1.4342857142857142,,0.5186,100.2674,215.208,5.4,18.303333333333335,3.0,122.79714285714284,1.5554142857142856,7.5,71.28
2008-06,4.73,4.9405238,88.99633,7.4,74.89,109.8531,97.20904,100.2757,99.62912,4.52047619047619,4.9405238,75.89803,7.4,69.57,100.6121,99.15482,100.8213,99.8373,5.10565,4.9405238,123.1704,6.9,73.4,128.7594,99.24036,100.2534,100.69,4.79161904761905,4.9405238,126.6192,10.8,73.89,124.6511,94.55087,98.59675,99.56707,4.96,4.9405238,131.3975,9.3,75.19,116.95,97.21169,100.5689,101.303116373786,4.836,4.9405238,87.42548,6.9,67.2,100.2532,98.83344,101.1583,99.9147047255912,4.1,2.0,1.3257142857142856,,0.6365000000000001,100.0335,217.463,5.6,22.11047619047619,3.0,132.32238095238094,1.5561714285714285,7.6,71.56
2008-07,4.69,4.961,81.34651,7.5,74.68,110.6867,97.16733,99.82814,99.14207,4.4904347826087,4.961,70.8663,7.3,70.01,99.06572,98.75691,100.4834,99.23529,5.09463,4.961,112.2948,6.7,73.0,124.6535,98.93009,100.0186,100.3338,4.79786363636364,4.961,116.5205,11.1,73.55,126.3651,94.06155,98.32941,99.11282,4.95,4.961,113.6713,9.2,74.81,116.95,97.23125,100.7016,100.794940140756,4.852,4.961,76.67023,7.5,66.58,103.2911,98.7693,100.8338,99.4915884011868,4.01,2.01,1.4345454545454546,,0.74225,99.676,219.016,5.8,24.321818181818184,3.185483870967742,132.71818181818182,1.5758636363636362,7.6,71.45
2008-08,4.4,4.9651905,83.69379,7.5,74.64,109.2549,97.33755,99.32453,98.61227,4.20238095238095,4.9651905,71.6066,7.1,69.76,100.6121,98.5255,100.0552,98.5265,4.81387,4.9651905,113.0218,6.8,73.0,121.9161,99.11511,99.76283,99.89832,4.55911764705882,4.9651905,115.5571,11.5,73.41,123.1221,94.01506,97.86819,98.699,4.69,4.9651905,112.4006,9.4,74.47,112.1904,97.64016,100.2981,100.119046905186,4.578,4.9651905,75.55669,7.6,67.28,100.6674,98.96201,100.3042,98.9761189212993,3.89,2.0,1.4652380952380952,,0.7243999999999999,98.1111,218.69,6.1,20.695714285714285,3.25,113.24333333333334,1.4955380952380952,7.7,71.35
2008-09,4.36,5.0191818,80.19182,7.5,74.61,108.745,97.47813,98.56323,98.04388,4.09409090909091,5.0191818,68.08054,7.0,69.71,98.67912,98.4147,99.4707,97.734,4.8041,5.0191818,108.9274,6.8,73.3,120.9686,99.5098,99.35425,99.38957,4.56833333333333,5.0191818,111.8663,12.0,73.37,122.5341,93.87804,97.13873,98.32749,4.66,5.0191818,109.358,9.4,74.86,111.9961,97.98841,98.78986,99.2800494132481,4.558,5.0191818,72.62837,7.4,67.22,100.9436,99.13204,99.45268,98.3442961148645,3.69,1.81,1.61,,1.391,93.7895,218.877,6.1,30.23857142857143,3.25,97.23476190476191,1.4341666666666666,7.8,71.49
2008-10,4.18,5.113087,65.51549,7.6,74.57,106.7445,97.48927,97.53175,97.46957,3.88347826086957,5.113087,53.88569,7.0,69.52,96.64948,98.21732,98.61656,96.91682,4.78,5.113087,86.82642,6.9,73.6,118.4418,99.71052,98.65973,98.81996,4.466,5.113087,95.6789,12.9,73.62,115.2001,93.58859,96.23081,98.00333,4.56,5.113087,87.68626,9.3,74.72,108.5964,97.84026,96.63542,98.3621010419959,4.459,5.113087,55.31982,6.9,67.1,98.87227,99.07522,98.33624,97.6335399291163,3.81,0.97,2.2018181818181817,,2.4832,94.7219,216.995,6.5,61.17739130434782,3.2338709677419355,71.58217391304348,1.3266272727272728,7.9,71.51
2008-11,3.98,4.2383,61.7864,7.8,74.19,101.4391,97.56278,96.37698,96.95962,3.5565,4.2383,50.31721,7.0,69.13,92.3969,98.00227,97.62268,96.17068,4.74252,4.2383,82.70533,7.1,73.3,114.3358,99.61538,97.77013,98.25336,4.1468,4.2383,87.41907,13.8,73.3,112.5261,93.41307,95.40479,97.73804,4.35,4.2383,84.69313,9.3,74.2,110.442,97.40627,94.71211,97.5072289922792,4.261,4.2383,52.07383,6.7,66.66,94.03912,98.97995,97.1538,96.9211023156453,3.53,0.39,2.3138888888888887,,3.002,93.4715,213.153,6.8,62.66894736842105,2.933333333333333,52.45263157894737,1.2744222222222221,8.1,71.17
2008-12,3.54,3.292619,59.87777,8.0,74.0,100.076,97.51089,95.43948,96.57092,3.04789473684211,3.292619,48.95422,7.1,69.39,89.01418,97.73553,96.79815,95.59207,4.46882,3.292619,77.1216,6.9,73.3,109.2823,99.49508,97.00764,97.7858,3.85817647058824,3.292619,88.99792,14.8,72.93,106.5641,93.25478,94.80719,97.53904,4.01,3.292619,81.31618,9.8,73.86,104.3225,96.92686,93.17564,96.8368400296024,3.866,3.292619,47.89227,6.9,66.57,93.34868,98.91888,96.27748,96.3246703343625,2.42,0.16,1.5954545454545455,,2.92225,90.8357,211.398,7.3,52.405,2.217741935483871,39.94681818181818,1.3511454545454546,8.4,71.08
2009-01,3.6,2.4565238,58.65347,8.3,73.68,96.35931,97.43201,95.08424,96.35175,3.07095238095238,2.4565238,48.43948,7.1,69.03,82.82861,97.57207,96.307,95.24885,4.62129,2.4565238,76.62593,7.2,72.0,105.3869,99.46358,96.53265,97.46928,4.14584210526316,2.4565238,86.72404,15.9,72.0,105.6351,93.13776,94.61277,97.41831,4.32,2.4565238,84.21355,10.0,73.23,98.49442,96.59653,92.32533,96.4233034122753,4.133,2.4565238,49.71165,7.8,65.32,88.23936,99.04163,95.90789,95.9423217194829,2.52,0.15,1.7105000000000001,,2.3286000000000002,88.57,211.933,7.8,44.683,1.6451612903225807,43.439499999999995,1.324445,8.8,70.5
2009-02,3.68,1.94305,55.14827,8.6,73.99,95.02562,97.36661,94.97025,96.31477,3.1275,1.94305,45.3067,7.2,69.45,80.12242,97.46934,96.02764,95.15369,4.53581,1.94305,70.6682,7.3,72.1,101.2809,99.4898,96.29688,97.30998,4.23355,1.94305,78.88808,16.8,72.02,105.2741,93.19689,94.46896,97.39063,4.52,1.94305,82.55341,10.2,73.2,98.00874,96.57272,92.14545,96.2975789173971,4.238,1.94305,46.65041,7.9,66.82,87.82509,99.07064,95.73627,95.7989041585417,2.87,0.22,1.894736842105263,,2.127,88.031,212.705,8.3,45.57052631578947,1.0,43.32473684210526,1.2796842105263158,9.1,70.79
2009-03,3.65,1.6354545,51.5998,8.9,74.13,93.29967,97.48164,95.09361,96.464,3.01954545454545,1.6354545,42.06982,7.3,69.31,80.21907,97.42757,95.97345,95.30791,4.45835,1.6354545,61.30338,7.6,73.0,97.38551,99.53767,96.31982,97.31422,4.05876190476191,1.6354545,73.22604,17.5,72.13,102.5861,93.93509,94.56979,97.47298,4.68,1.6354545,80.681,10.6,73.78,99.46576,96.87488,92.46024,96.4515748011536,4.035,1.6354545,43.64146,7.9,66.45,85.75374,99.17236,95.8108,95.9116637572643,2.82,0.18,1.8881818181818182,,2.05925,86.6528,212.495,8.7,44.79545454545455,0.6612903225806451,46.540454545454544,1.3050318181818181,9.3,71.05
2009-04,3.66,1.4223,57.11496,9.1,74.25,93.26044,97.87199,95.57473,96.77341,3.133,1.4223,47.93052,7.4,69.36,77.80283,97.55405,96.1248,95.69268,4.35597,1.4223,72.51613,7.5,73.5,98.0172,99.73002,96.66493,97.47699,4.00575,1.4223,83.78382,17.8,72.85,103.4101,94.95922,94.97882,97.65685,4.53,1.4223,88.47145,10.8,74.04,100.1457,97.36897,92.72079,96.8447783556896,3.929,1.4223,46.87733,7.9,66.65,85.89183,99.38257,96.30346,96.2598936133434,2.93,0.15,2.0,,1.5985,85.9344,212.709,9.0,38.063809523809525,0.30833333333333335,50.18190476190476,1.3198909090909092,9.5,71.3
2009-05,3.8,1.2817,61.6219,9.2,74.36,94.37839,98.20781,96.1568,97.17866,3.371,1.2817,50.52928,7.5,69.3,81.18557,97.79756,96.40097,96.26027,4.41509,1.2817,81.06705,7.5,73.7,99.59642,99.94776,97.09599,97.76955,4.05425,1.2817,88.6666,17.9,72.82,102.7781,96.00726,95.37199,97.92258,4.29,1.2817,98.36652,11.0,73.87,98.78582,97.89671,93.53425,97.4272091981177,4.029,1.2817,51.47422,7.9,66.58,95.83429,99.64104,96.97559,96.791646526263,3.29,0.18,2.3635,,1.0462,85.0665,213.022,9.4,31.977999999999998,0.25,57.302499999999995,1.364585,9.6,71.34
2009-06,3.9,1.2279091,61.73479,9.2,74.46,95.61401,98.453,96.65305,97.62185,3.47363636363636,1.2279091,50.80304,7.5,69.56,82.53866,98.16766,96.77942,96.94085,4.60624,1.2279091,80.30696,7.8,73.8,98.85945,100.1805,97.44973,98.14689,4.23504545454546,1.2279091,91.69289,17.9,73.18,103.7151,96.76475,95.78168,98.2421,4.5,1.2279091,98.66854,11.3,74.0,97.71734,98.54604,94.43839,98.1154701946844,4.122,1.2279091,51.77072,8.0,66.5,86.99655,99.93222,97.64188,97.4299502665133,3.72,0.21,2.5377272727272726,,0.78425,84.7459,214.79,9.5,29.140454545454546,0.25,68.60954545454545,1.4014454545454547,9.7,71.48
2009-07,3.73,0.9749565,61.24561,9.1,74.09,95.25117,98.58228,97.03539,98.08488,3.33782608695652,0.9749565,51.02667,7.6,69.54,81.57217,98.66412,97.23147,97.65761,4.37291,0.9749565,79.06593,8.0,72.9,101.1756,100.4446,97.78503,98.5513,4.01195652173913,0.9749565,96.39521,18.0,72.58,104.7361,97.27396,96.32082,98.59288,4.25,0.9749565,99.11938,11.6,73.72,101.6027,99.29991,95.44602,98.8462705096981,3.915,0.9749565,52.10892,8.0,65.43,86.58228,100.163,98.14214,98.0911580327001,3.56,0.16,2.5431818181818184,,0.5594,85.7027,214.726,9.5,26.162727272727274,0.25,64.43545454545455,1.4091652173913045,9.8,71.01
2009-08,3.59,0.8604762,67.56683,9.2,74.5,96.7908,98.70562,97.45387,98.55957,3.3052380952381,0.8604762,55.71909,7.5,69.71,82.73196,99.17582,97.70875,98.33845,4.11556,0.8604762,86.79935,8.1,73.0,98.96473,100.7133,98.12084,98.94708,3.7783809523809504,0.8604762,106.2987,18.2,72.87,105.1921,97.48453,96.83179,98.95397,3.95,0.8604762,104.1577,11.8,73.57,98.68868,99.91621,96.53387,99.5530608139528,3.773,0.8604762,56.92721,8.0,66.8,90.86306,100.4565,98.50296,98.7197714783711,3.59,0.16,2.4719047619047623,,0.2975,86.6426,215.445,9.6,25.337142857142858,0.25,72.50857142857143,1.4266238095238095,9.9,71.25
2009-09,3.59,0.7720909,71.49778,9.3,74.33,97.31055,99.1237,97.92328,99.02312,3.26318181818182,0.7720909,58.02095,7.5,69.41,86.01804,99.56067,98.09125,98.92831,4.08809,0.7720909,91.76489,8.3,73.6,101.9126,100.9783,98.40633,99.32778,3.8032272727272702,0.7720909,111.7377,18.4,72.69,106.2471,97.50093,97.10957,99.30635,3.93,0.7720909,111.4231,11.9,73.51,103.5454,100.2719,97.36044,100.15698180232,3.722,0.7720909,61.53919,8.0,66.53,89.20599,100.6479,98.78693,99.301497507242,3.4,0.15,2.4457142857142857,,0.156,87.4063,215.861,9.8,24.92666666666667,0.25,67.64619047619047,1.4575142857142858,10.0,71.26
2009-10,3.56,0.7375,72.6264,9.5,74.41,96.68293,99.57101,98.28278,99.42312,3.20909090909091,0.7375,59.17189,7.4,69.45,84.375,99.72952,98.40447,99.40716,4.10144,0.7375,94.57217,8.3,73.9,103.7024,101.2528,98.6431,99.66084,3.7710909090909106,0.7375,113.1425,18.6,73.2,106.0241,97.53993,97.30932,99.62973,3.85,0.7375,117.1357,11.9,73.52,103.4483,100.1388,97.53848,100.612900694987,3.678,0.7375,62.77312,8.0,66.51,89.89643,100.6931,99.11819,99.8370272238994,3.39,0.12,2.4385714285714286,,0.0538,87.6419,216.509,10.0,24.252272727272725,0.25,72.76954545454545,1.4821142857142857,10.1,71.42
2009-11,3.56,0.7161905,71.7636,9.6,74.53,97.62436,99.90662,98.53477,99.71751,3.21714285714286,0.7161905,58.65136,7.2,69.34,84.85825,99.68405,98.62522,99.78546,4.05652,0.7161905,91.44614,8.3,73.9,103.913,101.415,98.84413,99.92601,3.7895238095238097,0.7161905,113.5868,18.7,73.6,105.5801,97.66207,97.39498,99.90556,3.8,0.7161905,114.9086,11.8,73.63,103.0597,99.76887,97.53154,100.942168466985,3.643,0.7161905,61.78705,8.1,66.64,91.6916,100.6527,99.43528,100.291953956116,3.4,0.12,2.599473684210526,,-0.0007500000000000007,88.0221,217.234,9.9,23.788999999999998,0.25,76.662,1.4907526315789474,10.1,71.51
2009-12,3.48,0.7120455,73.43678,9.5,74.75,97.30074,100.0101,98.69167,99.88425,3.1385,0.7120455,60.76237,7.2,70.0,85.24484,99.61685,98.83916,100.0891,4.00728,0.7120455,91.65276,8.5,74.1,102.3337,101.232,99.08709,100.1168,3.8042,0.7120455,114.1957,18.9,73.59,104.9671,97.87273,97.48676,100.1227,3.91,0.7120455,113.8377,11.9,73.76,103.4483,99.40009,97.44812,101.180414229626,3.608,0.7120455,62.78783,8.4,66.78,90.58688,100.4514,99.58304,100.643217783942,3.59,0.12,2.7154545454545453,,-0.09525,88.3793,217.347,9.9,21.239545454545453,0.25,74.45636363636363,1.4578545454545455,10.2,71.73
2010-01,3.52,0.67975,75.07339,9.5,74.57,98.35004,99.92117,98.74744,99.9503,3.2575,0.67975,61.14987,7.1,69.5,86.40464,99.515,99.10242,100.3557,4.07788,0.67975,93.6249,8.5,73.0,105.808,100.7683,99.35914,100.2418,3.98865,0.67975,113.1546,19.1,72.51,104.0331,97.8599,97.67775,100.2736,4.17,0.67975,115.685,11.8,73.29,102.8655,99.17541,97.50203,101.346505901606,3.745,0.67975,63.70876,8.7,65.83,93.76295,100.3085,99.67615,100.915197933259,3.73,0.11,2.8042105263157895,,-0.18780000000000002,89.3426,217.488,9.8,20.643157894736845,0.25,76.16736842105263,1.4265736842105263,10.2,71.15
2010-02,3.5,0.6617,70.93764,9.4,75.03,97.69301,99.57775,98.81304,99.95544,3.17,0.6617,58.19446,7.0,69.77,85.53479,99.5539,99.42784,100.6105,4.04712,0.6617,87.34719,8.6,72.9,104.8605,100.2425,99.58886,100.3202,3.9781,0.6617,100.5237,19.2,72.34,104.0721,97.56811,97.94214,100.3587,4.56,0.6617,104.8731,12.1,73.33,100.0486,98.88406,97.73306,101.464760669886,3.731,0.6617,62.06386,8.6,67.37,95.28194,100.2376,99.76749,101.125511524484,3.69,0.13,2.8342105263157897,,-0.2075,89.6779,217.281,9.8,22.54,0.25,73.75210526315789,1.3679947368421053,10.3,71.37
2010-03,3.44,0.6449565,75.48194,9.3,75.43,99.61509,99.16901,99.11219,99.94319,3.10217391304348,0.6449565,62.05019,6.9,70.16,87.56443,99.75724,99.82755,100.8661,3.94527,0.6449565,91.45318,8.5,74.0,105.2816,99.92088,99.77122,100.3743,3.8304782608695698,0.6449565,104.9318,19.4,74.07,106.2901,97.21124,98.37422,100.3873,4.31,0.6449565,109.1704,12.2,74.23,102.2827,98.55885,97.98332,101.551714799986,3.626,0.6449565,65.03896,8.6,67.71,94.86766,100.3062,100.0125,101.300701473168,3.73,0.16,2.7686956521739132,,-0.34450000000000003,90.2928,217.353,9.9,17.767391304347825,0.25,78.82739130434783,1.357004347826087,10.3,72.16
2010-04,3.4,0.6447,76.90999,9.3,75.65,99.25225,98.81863,99.36557,99.93842,3.0645,0.6447,64.68172,6.8,70.07,89.30412,99.95805,100.2701,101.1112,3.99558,0.6447,93.06615,8.8,74.7,106.2292,99.69346,99.96692,100.4294,3.90142105263158,0.6447,105.7369,19.8,74.58,106.6971,96.83582,98.709,100.3686,4.78,0.6447,109.1956,12.5,74.55,101.5056,98.23811,98.18008,101.599490419951,3.542,0.6447,65.92767,8.5,68.01,94.45339,100.3563,100.2468,101.416164706742,3.85,0.2,2.786363636363636,,-0.414,90.5991,217.403,9.9,17.424285714285716,0.25,84.81761904761905,1.3416818181818182,10.3,72.45
2010-05,3.08,0.6865238,69.40558,9.3,75.76,100.0172,98.492,99.40299,99.96823,2.73428571428571,0.6865238,60.69875,6.7,70.15,92.20361,99.97967,100.6693,101.3287,3.98492,0.6865238,82.32905,8.7,74.8,106.6503,99.31361,100.1812,100.4924,4.08414285714286,0.6865238,91.37453,20.0,74.61,106.2051,96.31354,98.84776,100.3146,5.02,0.6865238,99.05515,12.7,74.68,102.3798,97.8792,98.35761,101.618322952109,3.306,0.6865238,61.7718,8.4,68.26,96.66283,100.2472,100.3482,101.456068662887,3.42,0.2,2.5895,,-0.161,91.823,217.29,9.6,31.9295,0.25,75.94550000000001,1.256315,10.3,72.54
2010-06,3.07,0.7275909,69.33381,9.2,75.76,99.6347,98.34652,99.44304,100.0613,2.54318181818182,0.7275909,61.53352,6.6,70.17,91.23711,100.2034,101.0179,101.532,4.1022,0.7275909,81.59603,8.6,74.8,109.2823,98.97868,100.3359,100.5823,4.5555,0.7275909,90.36115,20.1,74.69,106.2861,95.94091,98.97286,100.2467,5.55,0.7275909,101.4482,12.9,74.84,102.5741,97.71845,98.64175,101.633359322869,3.472,0.7275909,62.5262,8.5,68.27,97.49137,100.3318,100.3887,101.476670079115,3.2,0.18,2.4795454545454545,,-0.04,91.9928,217.199,9.4,29.916363636363634,0.25,74.7609090909091,1.2223363636363638,10.3,72.54
2010-07,2.99,0.8488182,69.03223,9.2,75.5,100.3408,98.451,99.72897,100.2349,2.61590909090909,0.8488182,61.42941,6.5,70.36,91.23711,100.7017,101.3067,101.7338,4.02583,0.8488182,82.78886,8.5,74.2,109.177,98.86812,100.4525,100.713,4.43309090909091,0.8488182,96.72746,19.9,73.86,105.1311,96.06485,99.05713,100.1868,5.49,0.8488182,103.3206,12.9,75.13,102.0884,97.7086,99.13291,101.659275947224,3.293,0.8488182,62.69733,8.7,67.02,98.04373,100.5717,100.5702,101.530538526985,3.01,0.18,2.394761904761905,,-0.1748,92.3421,217.605,9.4,25.565238095238094,0.25,75.58,1.281057142857143,10.2,72.23
2010-08,2.68,0.8955,70.41808,9.2,75.69,99.16399,98.69351,100.1447,100.4765,2.35,0.8955,62.0232,6.4,70.41,92.3969,101.1871,101.5051,101.9235,3.80208,0.8955,83.46351,8.5,74.3,113.1777,98.96261,100.5279,100.8906,4.03718181818182,0.8955,99.45945,20.0,74.02,104.2381,96.58661,99.09058,100.1471,5.31,0.8955,104.9931,12.9,75.03,101.2142,97.67957,99.56139,101.680488408474,3.029,0.8955,63.63382,8.5,68.39,96.24856,100.8423,100.7787,101.626666821451,2.7,0.19,2.178181818181818,,-0.25825,92.6805,217.923,9.5,24.74590909090909,0.25,77.03954545454545,1.2902909090909092,10.2,72.37
2010-09,2.68,0.8805,72.66644,9.2,75.66,100.5075,98.91456,100.5309,100.76,2.30045454545455,0.8805,63.14136,6.4,70.31,93.5567,101.5321,101.6374,102.0906,3.86227,0.8805,84.4129,8.3,74.8,108.2295,99.07311,100.5856,101.0934,4.09463636363636,0.8805,101.5612,20.1,74.7,104.8381,96.97798,99.1134,100.1241,6.08,0.8805,105.3666,12.8,74.96,100.9228,97.26985,99.70314,101.685808640888,3.12,0.8805,65.68892,8.4,68.48,97.76755,100.9855,100.845,101.753530694996,2.65,0.19,2.1676190476190476,,-0.2955,92.9537,218.275,9.5,22.517619047619046,0.25,77.8404761904762,1.3102857142857143,10.2,72.6
2010-10,2.72,0.9976667,74.4689,9.2,75.78,100.2917,99.16619,100.7331,101.0524,2.34571428571429,0.9976667,65.5589,6.3,70.38,95.58634,101.7264,101.7371,102.23,3.80021,0.9976667,86.64325,8.5,75.3,108.6506,99.09937,100.6617,101.2888,4.03652380952381,0.9976667,102.5181,20.1,75.04,105.5481,97.02046,99.28021,100.1036,6.05,0.9976667,110.3,12.6,75.23,100.9228,96.24969,99.37455,101.662402558375,3.209,0.9976667,67.68394,8.2,68.57,100.5293,101.0453,100.9426,101.924178591064,2.54,0.19,2.164,,-0.39039999999999997,92.6903,219.035,9.4,20.37333333333333,0.25,82.6647619047619,1.390095,10.3,72.81
2010-11,3.0,1.0420455,74.92906,9.2,75.88,101.596,99.30613,100.835,101.3229,2.53272727272727,1.0420455,68.64348,6.2,70.44,95.00645,101.8575,101.821,102.3333,4.18408,1.0420455,85.73327,8.3,75.3,109.2823,99.1366,100.7621,101.4556,4.68590476190476,1.0420455,95.94913,20.2,75.27,107.9751,96.83426,99.48549,100.0799,6.91,1.0420455,110.1108,12.8,75.28,102.5741,95.59731,99.16727,101.630166992363,3.479,1.0420455,67.43631,7.9,68.65,101.6341,101.0085,101.2094,102.112866605582,2.76,0.19,2.309,,-0.43875,92.7709,219.59,9.8,20.095714285714287,0.25,85.2747619047619,1.3654249999999999,10.2,72.88
2010-12,3.34,1.0216957,75.9206,9.2,76.25,102.9297,99.06297,101.145,101.5397,2.9147619047619,1.0216957,71.57575,6.1,71.25,96.84278,101.8597,101.8951,102.39,4.603,1.0216957,85.38654,8.2,75.6,110.1246,99.15054,100.9086,101.5867,5.3743809523809505,1.0216957,94.3203,20.4,75.69,105.4281,96.58353,99.66579,100.0525,6.53,1.0216957,111.0544,12.8,75.56,104.0311,95.51949,99.02357,101.577252932013,3.989,1.0216957,67.12659,7.7,69.04,98.87227,100.8219,101.539,102.279261187933,3.29,0.18,2.6727272727272724,,-0.4784,93.6787,220.472,9.3,17.56954545454545,0.25,91.44681818181817,1.3221333333333334,10.2,73.32
2011-01,3.44,1.0172381,78.06924,9.2,76.03,104.1457,98.6883,101.5269,101.6884,3.01666666666667,1.0172381,72.21966,6.0,70.88,96.16624,101.8051,101.9529,102.3919,4.72908,1.0172381,88.55569,8.1,74.4,107.9137,98.88601,100.993,101.6624,5.37933333333333,1.0172381,97.17446,20.4,74.7,105.8261,96.52259,99.67265,100.0266,6.95,1.0172381,109.8136,12.8,75.93,102.1855,95.65296,99.01788,101.487288241142,4.136,1.0172381,67.84752,7.3,68.13,101.0817,100.605,101.7747,102.368876063648,3.39,0.17,2.7794999999999996,,-0.5640000000000001,93.4814,221.187,9.1,17.3155,0.25,96.5235,1.337065,10.2,72.8
2011-02,3.6,1.08675,80.27084,9.2,76.4,104.5086,98.38145,101.7265,101.7495,3.199,1.08675,74.39622,5.9,71.3,97.13273,101.7286,102.0431,102.3279,4.73561,1.08675,92.54505,8.1,74.5,110.7563,98.6131,100.9666,101.686,5.2578,1.08675,102.9929,20.5,74.78,106.2441,96.68609,99.56133,100.0017,7.34,1.08675,113.722,13.0,75.89,104.5168,95.86765,98.92626,101.378173554222,4.214,1.08675,68.65623,7.1,69.73,102.8769,100.5053,101.7835,102.354067707427,3.58,0.16,2.803684210526316,,-0.5822499999999999,93.1102,221.898,9.0,17.43,0.25,103.71631578947368,1.3655894736842107,10.1,73.11
2011-03,3.61,1.1755217,77.71714,9.1,77.07,103.1749,98.16242,101.8835,101.7217,3.21173913043478,1.1755217,71.13428,5.7,71.75,97.51933,101.6059,102.1055,102.1936,4.87539,1.1755217,90.33875,8.1,76.1,111.0721,98.33284,100.9383,101.6609,5.2494347826087,1.1755217,99.79539,20.6,76.54,105.4091,96.83798,99.4081,99.97232,7.8,1.1755217,112.4892,13.2,77.12,101.9913,95.81956,98.56448,101.249796355599,4.213,1.1755217,66.90791,6.9,69.97,105.3625,100.3303,101.7734,102.215566066609,3.41,0.14,2.7169565217391307,,-0.544,94.0788,223.046,9.0,20.723478260869566,0.25,114.64347826086957,1.4019826086956524,10.1,74.09
2011-04,3.69,1.3212105,79.38682,9.1,77.35,101.4489,98.07323,101.8162,101.6202,3.34052631578947,1.3212105,73.68677,5.6,71.95,97.71263,101.5066,102.1277,101.99,4.84077,1.3212105,91.67718,8.0,76.9,112.2302,98.10448,100.9121,101.5861,5.32873684210526,1.3212105,100.9615,20.6,77.21,104.8771,97.00849,99.32381,99.93667,9.19,1.3212105,111.0464,13.1,77.54,103.1569,95.65746,98.30293,101.095344681931,4.287,1.3212105,68.3651,6.8,70.15,102.8769,100.2515,101.6032,101.97733980942,3.46,0.1,2.7205000000000004,,-0.5766,93.7749,224.093,9.1,16.244,0.4,123.25888888888888,1.4459761904761905,10.0,74.51
2011-05,3.49,1.4250909,79.27151,9.1,77.4,104.7635,98.10641,101.6036,101.4735,3.06090909090909,1.4250909,73.44771,5.6,71.85,98.67912,101.4671,102.0834,101.7241,4.75615,1.4250909,90.11771,8.3,77.0,110.1246,98.02701,100.814,101.4688,5.32218181818182,1.4250909,98.13139,20.7,77.12,104.0431,97.28619,99.25537,99.89166,9.63,1.4250909,112.1608,13.2,77.47,100.7285,95.71816,98.06808,100.886725537001,4.211,1.4250909,67.40114,6.9,70.26,102.4626,100.2584,101.3082,101.663247459489,3.17,0.09,2.6133333333333333,,-0.57375,93.888,224.806,9.0,16.91142857142857,0.5,114.98904761904762,1.433452380952381,10.1,74.52
2011-06,3.43,1.4885909,76.68448,9.1,77.47,101.9196,98.08308,101.378,101.2866,2.89090909090909,1.4885909,71.42152,5.5,71.88,97.13273,101.4557,101.9448,101.4016,4.81559,1.4885909,84.69145,8.3,77.1,109.177,98.11465,100.5957,101.3056,5.47986363636364,1.4885909,94.91168,21.0,76.97,104.4561,97.45135,99.26539,99.83189,10.87,1.4885909,109.0424,13.0,77.32,98.49442,95.8259,98.02716,100.596610179248,4.137,1.4885909,64.32153,7.1,70.5,100.3913,100.1983,100.9388,101.294181835675,3.0,0.09,2.591818181818182,,-0.52675,94.172,224.806,9.1,19.153181818181817,0.5,113.83318181818181,1.4402863636363636,10.1,74.51
2011-07,3.4,1.597619,76.09155,9.2,77.08,103.0278,97.96291,100.9527,101.0663,2.74380952380952,1.597619,72.65536,5.5,72.19,100.2255,101.2962,101.7156,101.0371,5.46328,1.597619,80.79442,8.5,75.7,108.8612,98.02129,100.3169,101.0949,5.82485714285714,1.597619,92.35646,21.4,76.07,104.6851,97.4268,99.13162,99.75979,12.15,1.597619,106.2894,13.0,77.42,100.0486,95.83948,98.09762,100.255687826097,4.225,1.597619,62.92176,7.5,69.71,101.2198,100.1005,100.451,100.907115133694,3.0,0.07,2.5965,,-0.45940000000000003,94.636,225.395,9.0,19.2275,0.6532258064516129,116.97349999999999,1.4275,10.2,74.09
2011-08,2.98,1.552087,64.30946,9.2,77.52,102.1452,97.68269,100.409,100.8137,2.21347826086957,1.552087,59.23936,5.4,72.18,99.45232,100.9683,101.4165,100.6668,5.27054,1.552087,67.46806,8.7,76.0,107.9137,97.84885,100.0277,100.8407,5.25234782608696,1.552087,79.89684,21.7,76.04,104.6281,97.16879,98.96236,99.6814,10.93,1.552087,95.14357,13.4,77.1,100.8256,95.68167,97.47401,99.8820644356159,4.105,1.552087,56.59025,7.7,70.75,104.9482,100.0028,99.81856,100.536858860467,2.3,0.1,2.072608695652174,,-0.22575,95.2749,226.106,9.0,35.02913043478261,0.75,110.21954545454545,1.4333173913043478,10.3,74.22
2011-09,2.64,1.5364545,60.32637,9.2,77.5,101.4489,97.56694,99.93629,100.563,1.82909090909091,1.5364545,54.41392,5.4,72.28,97.90593,100.7091,101.1258,100.3439,5.7457,1.5364545,63.08325,9.0,77.5,107.5978,97.6705,99.7113,100.5547,5.20022727272727,1.5364545,76.76227,22.1,76.96,103.1541,96.94371,98.74384,99.60583,11.34,1.5364545,92.89692,13.8,77.57,98.78582,95.30614,96.76444,99.4858005812424,3.877,1.5364545,55.5532,7.6,70.68,102.1864,99.95193,99.35438,100.209007537469,1.98,0.08,1.7638095238095237,,-0.0518,95.1961,226.597,9.0,36.53,0.75,112.83380952380953,1.3746714285714285,10.5,74.77
2011-10,2.99,1.5758571,63.06042,9.3,77.7,101.6549,97.55197,99.61981,100.3388,2.00238095238095,1.5758571,58.46436,5.3,72.36,99.06572,100.5145,100.9023,100.1052,5.9719,1.5758571,68.24785,8.9,78.1,106.2292,97.54018,99.51246,100.2703,5.25133333333333,1.5758571,82.25401,22.4,77.28,101.6451,96.85763,98.58775,99.53061,11.72,1.5758571,92.5925,14.1,78.27,99.46576,94.87482,96.34681,99.0723419714263,4.201,1.5758571,57.20705,7.3,70.78,99.8389,99.94491,99.03743,99.9301366974861,2.15,0.07,1.8715,,-0.075,95.8568,226.75,8.8,32.829047619047614,0.75,109.55000000000001,1.373245,10.6,75.03
2011-11,3.41,1.4846818,60.70616,9.4,77.94,103.724,97.38087,99.41437,100.1467,1.87409090909091,1.4846818,58.11156,5.2,72.34,98.38918,100.4952,100.7696,99.95941,7.05709,1.4846818,65.22812,9.4,78.1,106.9661,97.58946,99.36643,100.0037,6.19209090909091,1.4846818,76.82798,22.6,77.45,101.1271,96.96919,98.36332,99.4469,11.89,1.4846818,86.4618,14.7,78.16,98.68868,94.4864,95.8693,98.6400875416139,4.838,1.4846818,55.07391,7.2,71.06,99.97698,99.72696,98.7559,99.6984814787644,2.01,0.08,1.7600000000000002,,-0.08650000000000001,95.8485,227.169,8.6,31.94190476190476,0.5666666666666667,110.76809523809524,1.35576,10.7,75.09
2011-12,3.16,1.4260952,61.66168,9.4,78.29,101.6843,97.30495,99.23735,100.0016,1.92761904761905,1.4260952,58.37954,5.2,72.87,97.32603,100.6093,100.7518,99.90107,6.81193,1.4260952,65.18739,9.7,78.4,108.019,97.42487,99.2285,99.74049,5.50452380952381,1.4260952,78.39758,22.9,77.47,102.2641,96.81538,98.28348,99.33715,13.08,1.4260952,85.03745,15.2,78.21,95.67751,94.31365,95.48416,98.247310903756,4.352,1.4260952,56.61243,7.1,71.25,99.70081,99.46098,98.80814,99.5293014751112,1.98,0.07,1.720952380952381,,-0.0974,96.3571,227.223,8.5,25.047619047619047,0.3548387096774194,107.87049999999999,1.3154571428571429,10.8,75.34
2012-01,3.18,1.2222273,64.98276,9.5,77.98,101.1743,97.51556,99.15701,99.91586,1.82090909090909,1.2222273,62.40877,5.1,72.51,97.71263,100.7016,100.7821,99.8877,6.5366,1.2222273,66.91428,9.7,77.0,103.7024,97.30032,99.15882,99.47953,5.3992857142857105,1.2222273,78.97137,23.2,76.18,100.7041,96.25255,98.48427,99.19364,13.85,1.2222273,86.59705,15.1,78.47,95.48325,94.4232,95.44858,97.9329700279939,4.108,1.2222273,58.97149,7.2,70.36,100.8055,99.18552,99.09877,99.4480336075734,1.97,0.08,1.7260000000000002,,-0.25425000000000003,96.9318,227.842,8.3,20.228,0.25,110.68599999999999,1.290985,10.9,74.74
2012-02,3.02,1.0482857,68.63309,9.5,78.35,102.1746,97.98243,99.2599,99.88554,1.85190476190476,1.0482857,67.23806,5.1,73.12,98.09923,100.7347,100.7681,99.88049,5.54646,1.0482857,71.86177,10.1,77.1,104.2288,97.35861,99.07867,99.2392,5.11109523809524,1.0482857,81.11754,23.6,76.21,99.45409,95.63839,98.57703,99.02138,12.81,1.0482857,87.70741,15.5,78.58,96.16319,94.69349,95.63315,97.7216240210725,3.703,1.0482857,60.64091,7.3,72.07,102.6007,99.11964,99.50954,99.4580948106462,1.97,0.1,1.6895,,-0.381,97.2435,228.329,8.3,18.4205,0.25,119.327,1.323835,11.0,75.11
2012-03,2.95,0.8584545,70.21676,9.6,79.07,101.3803,98.53339,99.40466,99.87686,1.83045454545455,0.8584545,68.83047,5.1,73.44,98.87242,100.7549,100.6787,99.84373,5.04876,0.8584545,72.59675,10.5,79.0,104.5447,97.15871,98.9622,99.01068,5.16972727272727,0.8584545,77.5443,23.9,77.89,97.88808,95.04965,98.58114,98.82724,13.01,0.8584545,88.09961,16.0,79.54,97.81448,94.96002,95.92021,97.6048514448477,3.53,0.8584545,62.94013,7.2,72.15,103.015,99.39278,99.59035,99.501815924666,2.17,0.13,1.8281818181818181,,-0.4264,96.74,228.807,8.2,16.167272727272728,0.25,125.44545454545455,1.32075,11.2,76.08
2012-04,2.99,0.7443158,65.93425,9.7,79.21,101.596,98.88926,99.42846,99.84851,1.62421052631579,0.7443158,66.66934,5.1,73.56,97.42268,100.7819,100.5706,99.75495,5.67583,0.7443158,65.58311,10.7,79.7,103.176,96.45905,98.79454,98.78833,5.79,0.7443158,68.48579,24.2,78.73,97.10508,94.6161,98.53811,98.62307,12.01,0.7443158,83.95821,16.3,79.81,92.76348,95.17644,96.10999,97.5828788115813,3.524,0.7443158,61.86449,7.3,72.18,99.28654,99.74033,99.41785,99.5094657855351,2.05,0.14,1.7609523809523808,,-0.40125,97.4359,229.187,8.2,17.823,0.25,119.42166666666668,1.3160190476190476,11.3,76.43
2012-05,2.75,0.6849091,62.71988,9.7,79.17,100.0956,99.06328,99.34624,99.78515,1.33681818181818,0.6849091,62.91772,5.1,73.38,99.06572,100.7697,100.3826,99.61266,5.78334,0.6849091,60.99834,10.6,79.7,104.7552,95.93335,98.65762,98.60148,6.12554545454545,0.6849091,62.35454,24.6,78.57,97.58908,94.35273,98.44882,98.42135,11.59,0.6849091,79.76655,16.1,79.56,94.5119,95.42247,96.17761,97.6257008328548,3.304,0.6849091,59.76869,7.4,72.11,100.6674,99.91261,99.18354,99.4810288596542,1.8,0.16,1.518181818181818,,-0.30225,97.6609,228.713,8.2,21.001818181818184,0.25,110.33952380952381,1.2806454545454544,11.4,76.33
2012-06,2.57,0.6588571,61.78586,9.7,79.21,99.24244,98.87328,99.22373,99.67754,1.30047619047619,0.6588571,59.9411,5.1,73.26,98.00258,100.6943,100.15,99.43143,5.90366,0.6588571,59.44327,11.0,79.9,102.5443,95.83395,98.65353,98.46468,6.58938095238095,0.6588571,61.81776,24.8,78.38,97.68908,94.17294,98.25795,98.22691,10.56,0.6588571,76.03091,16.1,79.42,94.02623,95.58945,96.44616,97.7068902765721,3.169,0.6588571,59.9511,7.4,72.03,99.8389,100.0288,99.01668,99.4320242049778,1.62,0.16,1.3304761904761906,,-0.2474,97.6663,228.524,8.2,21.13095238095238,0.25,95.15571428571428,1.2541333333333333,11.5,76.27
2012-07,2.28,0.4970455,64.64759,9.7,78.8,99.85045,98.40134,99.12208,99.53659,1.24227272727273,0.4970455,63.28787,5.1,73.54,98.77577,100.509,99.87511,99.24551,5.99562,0.4970455,61.07292,11.1,78.5,103.7024,96.11027,98.62914,98.37778,6.795,0.4970455,62.07967,25.0,77.71,97.02508,93.67554,98.11914,98.04216,10.49,0.4970455,78.8465,16.2,79.57,95.87178,95.56568,96.70279,97.7873183875063,2.695,0.4970455,64.96308,7.4,71.1,99.8389,100.0347,99.05302,99.3547531901942,1.53,0.16,1.2785714285714287,,-0.331,97.8713,228.59,8.2,17.565238095238094,0.08064516129032258,102.61857142857141,1.2277619047619048,11.5,75.87
2012-08,2.12,0.3323913,68.86667,9.7,79.37,101.8804,97.94609,99.01405,99.38222,1.34173913043478,0.3323913,66.81779,5.0,73.8,98.96907,100.2959,99.63003,99.09033,5.82165,0.3323913,65.16604,11.1,78.5,102.8602,96.4268,98.62306,98.32643,6.58128571428571,0.3323913,67.2438,25.2,78.11,98.88008,93.08119,97.98,97.88251,9.89,0.3323913,80.82703,16.9,79.52,98.39728,95.26543,96.83707,97.8329414421298,2.54,0.3323913,67.74635,7.6,72.59,101.2198,99.95615,99.06815,99.2470662810097,1.68,0.13,1.4095652173913045,,-0.42300000000000004,97.4525,229.918,8.1,15.689565217391305,0.0,113.35608695652174,1.2406217391304348,11.6,76.16
2012-09,2.24,0.2463,70.23611,9.8,79.17,99.84064,97.54423,98.86845,99.22334,1.4905,0.2463,69.60355,5.0,73.81,97.71263,100.1445,99.41967,98.99431,5.2543,0.2463,69.63819,11.3,80.1,102.7549,96.48405,98.58457,98.29434,5.9205,0.2463,73.95995,25.5,79.61,95.83308,93.02919,98.01409,97.76628,8.62,0.2463,86.62179,16.9,79.84,95.38611,94.59389,96.52395,97.8345922278301,2.606,0.2463,69.03639,7.8,72.53,101.2198,99.75748,98.90111,99.1139329908884,1.72,0.14,1.4678947368421054,,-0.503,97.381,231.015,7.8,15.284736842105264,0.0,112.8636842105263,1.2884578947368421,11.7,76.72
2012-10,2.19,0.207913,69.35961,10.1,79.33,98.41869,97.37292,98.62068,99.07922,1.46695652173913,0.207913,69.99876,5.0,73.82,96.35954,100.1147,99.32098,98.97469,4.95287,0.207913,68.86932,11.6,80.3,100.6492,96.43509,98.56299,98.28694,5.646590909090911,0.207913,72.98635,25.7,79.98,96.16808,93.26643,98.13461,97.69537,8.17,0.207913,88.62945,17.4,79.95,92.86061,93.9632,96.11722,97.8383640330785,2.436,0.207913,68.28674,8.2,72.66,96.80092,99.43909,98.73357,98.9648993661189,1.75,0.16,1.469047619047619,,-0.54425,97.7193,231.638,7.8,16.276190476190475,0.0,111.7108695652174,1.2973818181818182,11.9,76.9
2012-11,2.14,0.192,69.86761,10.2,79.19,98.51675,97.38606,98.64494,98.96486,1.33590909090909,0.192,69.72694,5.0,73.72,95.68299,100.1765,99.42257,99.03597,4.85144,0.192,67.76749,11.6,80.1,99.28058,96.23099,98.62396,98.30151,5.690090909090911,0.192,72.49677,25.9,79.79,93.96508,93.45592,98.33168,97.66985,8.32,0.192,87.34155,17.8,79.65,93.54055,93.74829,95.99531,97.902090532048,2.288,0.192,67.51413,8.4,72.6,96.52474,99.13878,98.68658,98.8377363942101,1.65,0.16,1.386,,-0.5472,98.0777,231.249,7.7,16.701904761904764,0.0,109.05857142857143,1.28374,12.0,76.74
2012-12,2.01,0.1854737,73.21638,10.3,79.49,98.98747,97.40629,98.74686,98.8753,1.29941176470588,0.1854737,72.98695,5.0,74.36,96.16624,100.2789,99.60561,99.15627,4.54158,0.1854737,70.2345,11.7,80.4,100.2281,96.07703,98.70309,98.33883,5.33994444444444,0.1854737,75.36296,26.0,79.79,94.34608,93.64016,98.47366,97.68839,7.25,0.1854737,91.75983,18.3,79.84,92.18067,93.85894,96.18208,98.0446870389295,2.104,0.1854737,68.35942,8.5,72.73,98.18182,99.0604,98.84093,98.7559149793301,1.72,0.16,1.462,,-0.5795,98.3101,231.221,7.9,17.307,0.0,109.494,1.3119450000000001,12.0,77.02
2013-01,2.17,0.2049091,75.24918,10.4,79.03,98.82076,97.34954,98.87856,98.80235,1.51227272727273,0.2049091,74.69118,5.1,73.88,95.29639,100.4413,99.79536,99.30755,4.20769,0.2049091,75.7793,12.0,78.8,100.1228,96.12095,98.72819,98.39494,5.05027272727273,0.2049091,80.35032,26.2,78.34,95.10708,94.02351,98.57911,97.74936,6.24,0.2049091,100.1695,18.4,78.82,94.8033,94.11155,96.31753,98.249288095779,2.312,0.2049091,69.25771,8.5,71.4,96.66283,99.209,98.98977,98.7425340230524,1.91,0.14,1.6495238095238096,,-0.628,98.3342,231.679,8.0,13.505238095238095,0.0,112.96,1.3303904761904763,12.2,76.22
2013-02,2.24,0.22335,74.80703,10.4,79.28,100.3996,97.25758,98.96796,98.7578,1.5435,0.22335,74.36344,5.1,74.42,95.97294,100.5744,99.93114,99.45973,4.4929,0.22335,72.57751,12.0,78.6,99.49114,96.28111,98.72343,98.46497,5.2183,0.22335,76.41059,26.4,78.42,94.61908,94.3117,98.73344,97.84003,6.4,0.22335,100.6287,18.4,78.73,94.99757,94.41254,96.55934,98.4839009506844,2.465,0.22335,69.13593,8.5,73.17,96.52474,99.37171,99.09141,98.7920411987274,1.98,0.15,1.7168421052631577,,-0.64625,98.7941,232.937,7.7,14.072631578947368,0.0,116.05052631578947,1.3346736842105262,12.2,76.5
2013-03,2.07,0.20605,76.82344,10.4,79.93,100.5663,97.09077,98.94189,98.72649,1.3545,0.20605,76.44746,5.0,74.79,97.71263,100.6448,99.96481,99.58633,4.64036,0.20605,70.99638,12.0,80.4,98.96473,96.44694,98.70789,98.55042,4.92135,0.20605,77.846,26.3,79.87,95.34008,94.58936,98.72942,97.95816,6.1,0.20605,99.04358,18.3,80.07,98.49442,94.50574,96.84279,98.7084363014981,2.255,0.20605,71.52969,8.5,73.17,98.87227,99.41746,98.97324,98.8702542731995,1.96,0.14,1.7015,,-0.6536000000000001,99.1921,232.282,7.5,13.0315,0.0,108.474,1.2953142857142856,12.2,77.4
2013-04,1.8,0.2089048,75.66122,10.5,79.84,101.8804,96.89919,98.86012,98.71923,1.19619047619048,0.2089048,74.61021,5.0,74.35,97.61598,100.6755,99.97224,99.69926,4.27767,0.2089048,71.3304,12.2,80.7,98.12247,96.75312,98.73081,98.66049,4.59109523809524,0.2089048,75.20563,26.3,79.93,94.38008,94.77969,98.73369,98.09966,6.15,0.2089048,98.18378,18.1,80.12,95.38611,94.5733,97.06219,98.863085995692,2.044,0.2089048,71.04533,8.6,73.05,99.70081,99.52398,98.87408,98.9823654756193,1.76,0.15,1.526818181818182,,-0.68425,99.1065,231.797,7.6,13.967272727272727,0.0,102.24818181818182,1.302518181818182,12.2,77.33
2013-05,1.87,0.2012273,80.00636,10.4,79.88,101.4881,96.69903,98.99308,98.74963,1.29409090909091,0.2012273,78.491,5.0,74.55,96.84278,100.6958,100.0019,99.82328,3.96398,0.2012273,76.90094,12.4,80.7,100.0175,97.00656,98.88721,98.80492,4.24631818181818,0.2012273,78.96674,26.2,80.01,94.93508,95.01126,98.86079,98.26434,5.46,0.2012273,103.7372,17.9,80.31,96.26032,94.63271,97.36179,98.9498248755781,2.058,0.2012273,73.48074,8.5,72.99,100.6674,99.64484,98.97353,99.1347546586224,1.93,0.11,1.6777272727272725,,-0.7058,99.1839,231.893,7.5,13.493636363636364,0.0,102.55863636363637,1.2983136363636363,12.2,77.41
2013-06,2.21,0.21025,76.86725,10.4,80.02,100.027,96.7962,99.25023,98.82548,1.5305,0.21025,76.11973,4.9,74.64,98.58247,100.729,100.1028,99.96521,4.37887,0.21025,72.37974,12.5,80.9,100.0175,97.33047,99.17274,98.97669,4.6707,0.21025,74.79009,26.1,80.1,95.82408,95.5398,99.01257,98.45319,6.3,0.21025,99.10023,17.4,80.35,96.64886,94.86132,97.67455,99.0181303758428,2.441,0.21025,70.17312,8.5,73.2,100.5293,99.75376,99.21527,99.3232356660063,2.3,0.09,1.9665,,-0.64475,99.3897,232.445,7.5,17.2715,0.0,102.9195,1.319715,12.2,77.5
2013-07,2.25,0.2214348,78.66272,10.3,79.74,99.39935,97.24719,99.49415,98.94184,1.56565217391304,0.2214348,76.90051,4.9,74.98,97.03608,100.7723,100.2475,100.1207,4.41831,0.2214348,72.0407,12.3,79.4,99.91226,97.47647,99.51053,99.15695,4.66017391304348,0.2214348,74.95205,26.2,79.19,95.87208,96.26441,99.14194,98.66035,6.87,0.2214348,97.15601,17.3,80.2,92.86061,95.22331,98.11781,99.1226281250612,2.543,0.2214348,71.49491,8.6,72.26,102.0483,99.95758,99.63067,99.5622515144964,2.58,0.09,2.2413636363636367,,-0.641,99.0814,232.9,7.3,13.974545454545455,0.0,107.93318181818182,1.3087863636363635,12.1,77.08
2013-08,2.36,0.2258636,82.09077,10.1,80.14,98.64424,97.78839,99.64448,99.07349,1.735,0.2258636,78.8091,4.9,74.96,98.96907,100.8213,100.4789,100.2865,4.41911,0.2258636,76.66433,12.7,79.4,98.0172,97.58673,99.83218,99.33578,4.50718181818182,0.2258636,80.58447,26.1,79.39,96.70608,96.87152,99.23791,98.87652,6.6,0.2258636,100.4288,16.7,79.65,95.48325,95.73119,98.58979,99.3060549527008,2.65,0.2258636,76.21342,8.5,73.38,99.8389,100.4458,99.98671,99.8582812422379,2.74,0.08,2.380909090909091,,-0.6666000000000001,99.6543,233.456,7.2,14.21,0.0,111.28045454545455,1.3313545454545455,12.1,77.18
2013-09,2.49,0.2232381,83.63224,10.3,79.98,99.61509,98.12425,99.70911,99.18788,1.88809523809524,0.2232381,80.3456,4.9,74.94,98.67912,100.9231,100.6824,100.4405,4.54105,0.2232381,78.36819,12.6,80.9,100.0175,97.66788,100.1065,99.50262,4.41690476190476,0.2232381,83.7394,26.1,80.0,96.33208,97.31519,99.25485,99.09515,7.06,0.2232381,102.0032,16.3,80.05,97.6202,96.06417,98.81011,99.5579394378859,2.752,0.2232381,77.91537,8.6,73.26,98.59608,101.0334,100.0697,100.175961885754,2.81,0.08,2.4055,,-0.6657500000000001,100.161,233.544,7.2,14.692000000000002,0.0,111.59649999999999,1.3364150000000001,12.1,77.55
2013-10,2.39,0.2258261,85.8204,10.1,79.88,99.1738,98.15186,99.77142,99.26419,1.76217391304348,0.2258261,83.1757,4.8,74.74,98.00258,101.0497,100.8496,100.5639,4.24765,0.2258261,83.43411,12.5,80.9,100.3334,97.50784,100.262,99.6389,4.21634782608696,0.2258261,91.60405,26.0,80.02,95.60108,97.4062,99.25111,99.30377,6.33,0.2258261,103.9562,16.2,79.95,98.30015,96.19748,98.87556,99.8707833764327,2.569,0.2258261,80.15802,8.6,73.17,100.8055,101.4523,100.065,100.472042564697,2.62,0.09,2.2804545454545457,,-0.7025,100.082,233.669,7.2,15.407826086956522,0.0,109.07652173913044,1.3645909090909092,12.1,77.46
2013-11,2.27,0.223381,87.05868,10.2,79.85,100.6252,97.9682,99.82247,99.29463,1.67714285714286,0.223381,86.68056,4.8,74.91,99.64562,101.2084,100.9212,100.6561,4.09506,0.223381,84.68022,12.5,80.6,100.0175,97.49071,100.4017,99.75603,4.10635,0.223381,91.75397,25.9,80.03,96.36308,97.51721,99.4306,99.50208,5.98,0.223381,106.6908,16.1,79.7,98.98009,96.38301,99.13045,100.234971031582,2.416,0.223381,81.8735,8.6,73.25,103.8435,101.6793,100.272,100.707911259926,2.72,0.08,2.4147368421052633,,-0.7524,100.3158,234.1,6.9,12.924000000000001,0.0,107.792,1.3490842105263159,12.1,77.39
2013-12,2.33,0.2735,85.14575,10.2,80.15,99.60529,97.94826,99.97379,99.29764,1.79777777777778,0.2735,87.57316,4.8,75.29,99.83892,101.3722,100.9262,100.7106,4.11398,0.2735,82.54955,12.7,80.9,98.85945,97.48067,100.4792,99.85223,4.13855,0.2735,90.52402,25.5,80.04,96.64008,97.70714,99.69711,99.68893,6.04,0.2735,106.9737,15.8,79.98,99.66003,96.72196,99.46635,100.61325520956,2.435,0.2735,80.44479,8.7,73.57,102.3245,101.7322,100.5013,100.851819872878,2.9,0.09,2.5619047619047617,,-0.77325,100.5175,234.719,6.7,14.192380952380953,0.0,110.75666666666666,1.3708,12.0,77.67
2014-01,2.38,0.2920455,87.08395,10.2,79.64,98.26179,98.03093,100.1141,99.27906,1.75590909090909,0.2920455,89.84804,4.8,74.74,99.16237,101.5134,100.9337,100.7287,3.86587,0.2920455,87.25465,12.9,79.2,100.6492,97.57222,100.4951,99.94199,3.785,0.2920455,95.77885,25.5,78.56,96.55008,98.00249,99.86566,99.8643,5.21,0.2920455,112.6116,15.6,78.87,99.5629,97.07734,99.67183,100.939079211293,2.45,0.2920455,82.39911,8.8,72.19,100.5293,101.676,100.8061,100.898746705924,2.86,0.07,2.4642857142857144,,-0.767,100.1599,235.288,6.6,14.24095238095238,0.0,108.11772727272728,1.361795238095238,12.1,76.8
2014-02,2.25,0.2881,88.27788,10.2,80.13,100.1348,98.10863,100.1188,99.25224,1.5585,0.2881,89.74779,4.8,75.17,99.16237,101.5744,100.9537,100.7008,3.65119,0.2881,89.32352,12.9,78.9,99.80698,97.96446,100.4956,100.0267,3.56125,0.2881,94.97462,25.3,78.46,97.08008,98.26346,99.92371,100.0243,4.93,0.2881,115.0805,15.6,78.67,99.95143,97.40157,99.79179,101.129259623351,2.398,0.2881,83.03459,8.7,73.78,105.0863,101.5122,101.0691,100.850890918911,2.71,0.07,2.382631578947368,,-0.7675000000000001,100.9168,235.547,6.7,15.47,0.0,108.90052631578948,1.366521052631579,12.0,77.04
2014-03,2.15,0.3053333,89.46375,10.2,80.54,99.4778,98.12945,100.1401,99.21174,1.50857142857143,0.3053333,88.25562,4.8,75.38,99.45232,101.5765,100.9649,100.6254,3.39943,0.3053333,93.0903,12.7,80.7,98.64889,98.62517,100.4959,100.1013,3.312,0.3053333,95.54841,25.1,79.7,96.50508,98.58909,99.86256,100.1719,4.43,0.3053333,120.351,15.5,79.76,97.0374,97.636,99.98247,101.167250674353,2.264,0.3053333,85.69607,8.7,73.76,100.9436,101.2342,101.0286,100.729752184725,2.72,0.08,2.3242857142857143,,-0.77575,101.8942,236.028,6.7,14.836666666666666,0.0,107.48095238095237,1.3828190476190476,12.0,77.76
2014-04,2.03,0.32975,91.35033,10.1,80.51,99.45819,98.01938,100.0514,99.13998,1.4565,0.32975,89.13858,4.8,75.2,99.06572,101.5967,100.9423,100.5095,3.22823,0.32975,96.41814,12.8,81.1,99.7017,99.27867,100.495,100.142,3.10415,0.32975,98.36554,24.8,80.2,97.49908,98.8602,99.89301,100.3077,3.82,0.32975,122.2972,15.3,80.03,98.98009,97.77882,100.0287,101.060105731653,2.16,0.32975,87.90619,8.6,73.61,104.3959,101.0505,100.7333,100.562923964806,2.71,0.09,2.288095238095238,,-0.76825,101.9928,236.468,6.2,14.19809523809524,0.0,107.7552380952381,1.381018181818182,11.8,77.88
2014-05,1.84,0.3245714,92.26177,10.1,80.54,97.90875,97.8728,99.75343,99.04436,1.32714285714286,0.3245714,89.8037,4.7,75.05,98.58247,101.6315,100.8921,100.3578,3.12329,0.3245714,94.30395,12.7,81.0,98.33304,99.61394,100.4597,100.1267,2.93342857142857,0.3245714,99.96846,24.6,80.18,97.14208,99.17027,100.0374,100.4347,3.66,0.3245714,120.3075,14.9,80.09,97.52307,97.94465,99.9393,100.869466411262,1.995,0.3245714,89.30798,8.5,73.5,101.2198,101.0186,100.3985,100.366923560453,2.56,0.09,2.17,,-0.7762,102.3836,236.918,6.3,12.475238095238096,0.0,109.53909090909092,1.3738523809523808,11.8,77.79
2014-06,1.71,0.2414286,93.13263,10.2,80.5,99.30128,97.77207,99.46854,98.95059,1.26428571428571,0.2414286,91.3672,4.7,75.32,98.67912,101.6152,100.7811,100.1852,2.91968,0.2414286,96.91768,12.4,81.1,100.3334,99.41846,100.3871,100.0526,2.71247619047619,0.2414286,104.3228,24.4,80.14,96.66208,99.49834,100.2358,100.5562,3.5,0.2414286,122.4516,14.7,80.15,97.91161,98.10416,99.93088,100.671840454439,1.827,0.2414286,91.28432,8.5,73.62,102.7388,101.0541,100.1865,100.148725234046,2.6,0.1,2.146190476190476,,-0.7867500000000001,102.735,237.231,6.1,11.541428571428572,-0.06666666666666667,111.79523809523809,1.3594857142857142,11.6,77.88
2014-07,1.56,0.2050435,89.99406,10.2,80.19,100.0956,97.80212,99.35135,98.87875,1.11434782608696,0.2050435,89.57235,4.7,75.54,100.3222,101.5001,100.6452,100.0081,2.79361,0.2050435,93.23506,13.0,79.4,98.85945,98.92175,100.2632,99.93886,2.671,0.2050435,101.6602,24.3,78.91,96.57208,99.6511,100.417,100.6752,3.69,0.2050435,111.0816,14.5,79.66,98.30015,98.3299,100.1546,100.509377832228,1.614,0.2050435,89.64097,8.6,72.64,101.0817,101.0012,100.1366,99.937182959501,2.54,0.09,2.0359090909090907,,-0.75275,102.9632,237.498,6.2,12.296363636363635,-0.1,106.76818181818182,1.3533363636363636,11.7,77.37
2014-08,1.41,0.1915714,87.4003,10.2,80.57,98.50695,97.80795,99.34363,98.84208,0.956190476190476,0.1915714,85.20767,4.7,75.56,96.74613,101.2732,100.4537,99.84071,2.6327,0.1915714,88.38186,12.7,79.3,97.38551,98.50208,100.105,99.81498,2.4194,0.1915714,98.56174,24.1,78.98,97.04308,99.74745,100.4563,100.7994,3.47,0.1915714,100.3052,13.8,79.6,96.45459,98.51917,100.342,100.403300999076,1.404,0.1915714,87.62338,8.6,73.68,98.31991,100.7724,100.1745,99.7501095448366,2.42,0.09,1.9476190476190476,,-0.7228,102.7688,237.46,6.1,13.491904761904761,-0.1,101.60809523809523,1.3315238095238096,11.5,77.46
2014-09,1.35,0.0970909,90.66413,10.3,80.27,99.75239,97.78699,99.49784,98.85296,0.921363636363636,0.0970909,88.18429,4.7,75.55,99.16237,101.1093,100.2681,99.70879,2.40013,0.0970909,92.33006,12.9,80.8,98.0172,98.34151,100.0234,99.71937,2.19604545454545,0.0970909,102.8513,24.0,79.78,97.26208,99.70148,100.4239,100.9307,3.18,0.0970909,104.2774,13.7,80.02,96.55173,98.77608,100.3668,100.344339010556,1.299,0.0970909,90.94946,8.7,73.41,102.7388,100.48,100.1811,99.6021432448895,2.53,0.09,1.9676190476190476,,-0.69375,103.0641,237.477,5.9,13.466666666666667,-0.17,97.09142857142858,1.2889095238095238,11.6,77.8
2014-10,1.26,0.0826087,84.61759,10.4,80.3,98.1343,97.88334,99.69255,98.91117,0.790909090909091,0.0826087,82.40456,4.7,75.3,99.45232,101.0795,100.1869,99.6328,2.4239,0.0826087,85.35027,12.9,81.0,97.91191,98.22118,100.0301,99.66387,2.11130434782609,0.0826087,96.77836,24.0,79.84,96.78408,99.60244,100.4289,101.0661,3.21,0.0826087,94.18124,13.9,80.05,98.59155,98.92819,100.2998,100.309780933499,1.179,0.0826087,86.48494,8.7,73.42,99.70081,100.1187,100.1383,99.4937016534696,2.3,0.09,1.8586363636363636,,-0.6426000000000001,103.0764,237.43,5.7,18.058695652173913,-0.2,87.47363636363637,1.2677318181818182,11.6,77.75
2014-11,1.14,0.0809,87.58737,10.5,80.17,96.74177,98.1182,99.80492,99.01334,0.719,0.0809,87.26277,4.6,75.31,99.35567,101.1225,100.2372,99.61808,2.29036,0.0809,85.77872,13.1,80.8,97.91191,98.14339,100.0888,99.66444,2.07055,0.0809,97.28089,23.8,79.65,96.37708,99.67667,100.4951,101.2034,3.13,0.0809,91.99842,14.0,79.76,99.07722,98.97535,100.293,100.288019103871,1.066,0.0809,89.84634,8.7,73.3,99.42463,99.8385,99.97507,99.4471466118051,2.33,0.09,1.7983333333333331,,-0.651,103.7126,236.983,5.8,13.413157894736841,-0.2,79.4378947368421,1.24725,11.6,77.61
2014-12,0.92,0.0809048,88.08463,10.5,80.22,100.1741,98.47842,99.84266,99.15005,0.588947368421053,0.0809048,90.31265,4.6,75.34,100.9987,101.267,100.3373,99.65566,1.9898,0.0809048,85.12902,12.5,80.8,98.96473,98.20756,100.154,99.72603,1.78536842105263,0.0809048,97.9426,23.6,79.13,96.60108,100.2185,100.5559,101.3413,2.81,0.0809048,87.51071,14.1,79.76,97.42593,99.21214,100.3446,100.281531544473,0.905,0.0809048,89.88556,8.7,73.29,99.8389,99.87772,99.81288,99.4996784743099,2.21,0.12,1.5718181818181818,,-0.6034999999999999,103.7044,236.252,5.6,16.292272727272728,-0.2,62.33500000000001,1.2329190476190477,11.5,77.54
2015-01,0.67,0.0626667,90.7668,10.4,79.32,99.80141,98.86644,99.98648,99.30933,0.39,0.0626667,93.31048,4.5,74.4,98.58247,101.4539,100.4828,99.73009,1.70214,0.0626667,86.32163,12.4,78.9,98.64889,98.71519,100.2655,99.84058,1.54209523809524,0.0626667,95.46696,23.4,77.41,96.84708,100.9837,100.779,101.4677,2.49,0.0626667,87.9073,14.2,78.58,96.45459,99.61209,100.4569,100.307152304063,0.733,0.0626667,92.45654,8.8,71.73,102.0483,100.1996,99.90803,99.6422211652518,1.88,0.11,1.33,,-0.5212,102.8905,234.747,5.7,19.1195,-0.2,47.7595,1.1614900000000001,11.4,76.34
2015-02,0.6,0.0482,98.72089,10.3,79.9,100.8017,99.24167,100.1568,99.468,0.302,0.0482,100.9564,4.5,75.09,99.64562,101.6227,100.6341,99.82196,1.55683,0.0482,94.92488,12.4,79.0,99.38586,99.5627,100.4369,99.98397,1.5131,0.0482,100.583,23.1,77.52,98.08808,101.5721,101.0956,101.5624,2.32,0.0482,94.7789,14.1,78.59,98.78582,99.88504,100.7658,100.381174434836,0.633,0.0482,99.94408,8.8,73.48,97.76755,100.5312,100.1699,99.8443979871516,1.98,0.11,1.3563157894736841,,-0.51325,102.2335,235.342,5.5,15.90421052631579,-0.2,58.0955,1.1350263157894738,11.4,76.81
2015-03,0.51,0.0271818,103.4775,10.4,80.5,100.6252,99.44373,100.2999,99.6065,0.227272727272727,0.0271818,107.9198,4.5,75.56,99.64562,101.7546,100.7594,99.91543,1.29423,0.0271818,101.6257,12.5,80.7,99.80698,100.0867,100.6515,100.1178,1.22581818181818,0.0271818,105.2436,22.9,79.08,98.84708,102.0077,101.4651,101.6143,1.74,0.0271818,102.5821,13.7,80.11,98.00874,100.0182,101.2173,100.479411073679,0.495,0.0271818,103.039,8.9,73.68,100.3913,100.7043,100.4155,100.049617490077,2.04,0.11,1.4022727272727273,,-0.533,101.8914,235.976,5.4,14.812727272727273,-0.2,55.88545454545454,1.0819454545454545,11.3,77.71
2015-04,0.44,0.0047,106.7376,10.4,80.61,99.58567,99.4509,100.3034,99.70979,0.122,0.0047,109.3831,4.4,75.99,100.4188,101.8005,100.8011,99.991,1.3574,0.0047,105.4278,12.2,81.1,100.0175,100.1443,100.7819,100.2203,1.31275,0.0047,108.7068,22.7,79.61,99.78308,102.1784,101.7547,101.6178,1.87,0.0047,108.1658,13.3,80.43,100.0486,100.0228,101.5911,100.56961715532,0.415,0.0047,105.5996,8.8,73.89,102.1864,100.8106,100.6225,100.191859817771,1.94,0.12,1.395,,-0.5405,101.3355,236.222,5.4,13.494761904761905,-0.2,59.52428571428571,1.0822045454545455,11.2,78.04
2015-05,0.89,-0.0103684,104.8846,10.5,80.81,100.331,99.28361,100.2488,99.7841,0.55578947368421,-0.0103684,105.1591,4.4,76.23,100.6121,101.7598,100.7859,100.0328,1.81211,-0.0103684,104.4308,12.3,81.2,100.9651,99.96887,100.8339,100.282,1.77063157894737,-0.0103684,106.5874,22.5,79.96,100.9271,102.0723,101.9169,101.5814,2.41,-0.0103684,109.2427,12.8,80.85,101.0199,99.99706,101.7441,100.61805037781,0.859,-0.0103684,103.083,8.7,74.12,101.9102,100.8731,100.8125,100.240698925612,2.2,0.12,1.5885,,-0.5442,100.8883,237.001,5.6,13.3385,-0.2,64.075,1.116735,11.1,78.26
2015-06,1.2,-0.0139091,102.2,10.4,80.76,100.5565,99.15571,100.253,99.85058,0.792727272727273,-0.0139091,101.2552,4.4,76.19,100.5155,101.654,100.7478,100.0375,2.19919,-0.0139091,102.7753,12.3,81.3,100.3334,99.78712,100.8467,100.3216,2.23395454545455,-0.0139091,104.085,22.3,80.12,101.1621,101.916,101.9147,101.5218,2.93,-0.0139091,104.5954,12.5,80.76,100.6314,100.0039,101.7204,100.597611630853,1.206,-0.0139091,101.7853,8.5,74.25,97.90564,100.7981,100.8812,100.212779715649,2.36,0.13,1.675,,-0.54125,100.571,237.657,5.3,14.339545454545457,-0.2,61.47772727272727,1.122559090909091,11.1,78.27
2015-07,1.11,-0.0187391,102.6293,10.3,80.36,99.64451,99.14012,100.3344,99.91808,0.71,-0.0187391,101.8991,4.3,76.46,101.9652,101.5096,100.7079,100.0085,2.04214,-0.0187391,103.1124,11.8,79.7,101.4915,99.72266,100.8255,100.3549,2.10069565217391,-0.0187391,104.4413,21.9,78.88,102.0321,101.8878,101.8329,101.457,2.74,-0.0187391,103.9227,12.4,80.22,103.0597,100.0576,101.6888,100.517167081793,1.15,-0.0187391,103.2669,8.2,73.27,98.87227,100.6246,100.8124,100.135991498456,2.32,0.13,1.656818181818182,,-0.5186,101.2228,238.034,5.2,14.352727272727272,-0.2,56.56130434782609,1.099740909090909,10.8,77.79
2015-08,1.01,-0.0276667,101.0319,10.3,80.65,100.5859,99.32314,100.3904,99.99167,0.608571428571429,-0.0276667,98.31521,4.3,76.43,99.45232,101.3296,100.6419,99.95154,1.83856,-0.0276667,103.0892,11.8,79.6,98.96473,100.1136,100.8356,100.4037,1.9497619047619,-0.0276667,100.7903,21.6,78.56,99.85308,102.0221,101.7833,101.3979,2.52,-0.0276667,100.1248,12.5,80.13,97.52307,100.1755,101.4835,100.393169463867,1.0,-0.0276667,98.79723,8.2,74.24,98.59608,100.4236,100.702,100.030144642155,2.17,0.14,1.4695238095238095,,-0.44725,101.0367,238.033,5.1,19.42809523809524,-0.2,46.515,1.1136142857142857,10.7,77.79
2015-09,1.0,-0.0370455,93.75701,10.3,80.36,101.6254,99.55598,100.4267,100.0629,0.654090909090909,-0.0370455,91.18983,4.3,76.21,99.64562,101.1035,100.579,99.87706,1.92014,-0.0370455,97.52267,11.6,80.9,100.1228,100.7627,100.8862,100.4825,2.0307727272727294,-0.0370455,91.33844,21.4,78.88,101.1511,102.2939,101.6337,101.3455,2.59,-0.0370455,92.56696,12.6,80.73,100.4371,100.1871,101.2392,100.265584480483,1.009,-0.0370455,92.90237,8.4,74.07,101.3579,100.3163,100.5502,99.9471916731649,2.17,0.14,1.4595238095238094,,-0.4,100.7547,237.498,5.0,24.377142857142857,-0.2,47.62318181818182,1.1228523809523812,10.7,77.96
2015-10,0.87,-0.0535909,97.39767,10.3,80.42,101.6941,99.74706,100.4316,100.1219,0.518181818181818,-0.0535909,93.41651,4.2,76.17,100.5155,100.9294,100.5148,99.80045,1.69606,-0.0535909,100.3354,11.7,81.3,100.2281,101.306,100.9204,100.5573,1.72818181818182,-0.0535909,95.03292,21.3,79.13,100.5521,102.6237,101.4493,101.2893,2.41,-0.0535909,98.76829,12.6,80.61,103.934,100.0674,101.0233,100.159843570443,0.855,-0.0535909,96.07708,8.8,74.26,101.7721,100.3431,100.5381,99.9152416181306,2.07,0.12,1.4252380952380952,,-0.44020000000000004,100.2675,237.733,5.0,16.789545454545454,-0.2,48.43,1.1227952380952382,10.7,78.05
2015-11,0.88,-0.087619,101.3281,10.3,80.26,99.43858,99.86666,100.409,100.1647,0.516190476190476,-0.087619,99.70134,4.2,75.45,99.25902,100.9135,100.4859,99.72748,1.57018,-0.087619,101.4747,11.4,81.0,100.9651,101.5693,100.8709,100.596,1.72766666666667,-0.087619,96.37856,20.9,79.33,100.4511,102.9151,101.4267,101.2132,2.57,-0.087619,99.06712,12.6,80.26,100.2428,99.96438,100.9581,100.10735399557,0.84,-0.087619,102.587,8.9,74.32,101.6341,100.4349,100.5536,99.9355599696542,2.26,0.12,1.378421052631579,,-0.457,99.5298,238.017,5.1,16.21,-0.2,44.26761904761905,1.0726578947368421,10.6,77.72
2015-12,0.93,-0.1263182,97.06868,10.2,80.44,99.78181,99.88801,100.6139,100.1907,0.5455,-0.1263182,97.49394,4.2,75.52,99.74227,101.0177,100.446,99.65849,1.57864,-0.1263182,98.95942,11.7,80.9,99.07001,101.4855,100.7643,100.5922,1.68561904761905,-0.1263182,91.34584,20.8,79.03,100.3071,103.0323,101.5314,101.1041,2.49,-0.1263182,98.27795,12.6,79.99,99.66003,100.142,101.0749,100.132549528674,0.893,-0.1263182,100.4619,8.8,74.35,100.2532,100.542,100.4795,99.9797016348158,2.24,0.24,1.26,,-0.391,99.0417,237.761,5.0,18.025454545454547,-0.27419354838709675,38.00545454545455,1.0888681818181818,10.6,77.73
2016-01,0.84,-0.14615,90.8555,10.3,79.58,101.341,99.82597,100.9219,100.1938,0.4305,-0.14615,90.35313,4.1,74.67,101.2887,101.0754,100.4004,99.59698,1.5343,-0.14615,90.56963,11.6,79.2,102.2285,101.3476,100.6473,100.5699,1.72795,-0.14615,82.56035,20.5,77.09,101.8091,102.7052,101.4224,100.9577,2.71,-0.14615,95.14597,12.5,79.13,101.2142,100.3385,101.288,100.227028554849,0.858,-0.14615,94.63023,8.4,73.06,105.9148,100.5037,100.2149,100.004805189655,2.09,0.34,1.1857894736842105,,-0.3168,99.5607,237.652,4.8,23.717894736842105,-0.3,30.6995,1.0855052631578948,10.5,76.58
2016-02,0.59,-0.1835714,87.2772,10.4,79.81,101.2528,99.58377,101.123,100.1664,0.172857142857143,-0.1835714,85.18068,4.1,74.98,101.0954,101.0909,100.3872,99.54979,1.5585,-0.1835714,80.9886,11.7,78.8,100.7545,101.2134,100.5567,100.5359,1.72352380952381,-0.1835714,77.1667,20.4,76.76,101.4821,102.2813,101.325,100.7884,3.23,-0.1835714,91.32893,12.7,78.72,102.6712,100.3141,101.3082,100.329200784435,0.716,-0.1835714,90.64323,8.2,74.3,102.7388,100.3498,100.0987,100.040011601797,1.78,0.38,1.046,,-0.3015,99.0445,237.336,4.9,22.517,-0.3,32.1815,1.10923,10.5,76.71
2016-03,0.51,-0.2285238,92.12899,10.2,80.43,100.4781,99.35822,101.0773,100.1089,0.171428571428571,-0.2285238,90.18927,4.0,75.67,100.3222,101.124,100.4286,99.52949,1.37516,-0.2285238,86.38954,11.6,80.5,100.7545,101.0168,100.5443,100.4922,1.5507619047619,-0.2285238,82.92776,20.3,78.3,102.3531,101.8468,101.2798,100.6132,2.84,-0.2285238,96.80212,12.5,80.49,101.0199,100.3405,101.2457,100.417067445162,0.617,-0.2285238,93.62377,8.2,74.88,103.7054,100.1641,100.3281,100.106004772513,1.89,0.36,1.014090909090909,,-0.3505,98.3096,238.08,5.0,15.84909090909091,-0.35161290322580646,38.210454545454546,1.1133521739130434,10.3,77.67
2016-04,0.51,-0.2491905,92.8195,10.1,80.51,101.9294,99.30104,100.8239,100.0321,0.134285714285714,-0.2491905,91.52528,4.0,75.73,100.9987,101.2168,100.5093,99.52894,1.44177,-0.2491905,85.72925,11.8,80.7,102.439,100.81,100.5844,100.4384,1.51352380952381,-0.2491905,82.53721,20.3,78.68,102.5361,101.5676,101.2203,100.4495,3.13,-0.2491905,97.77204,12.0,80.85,103.6425,100.3631,101.2579,100.478603335144,0.55,-0.2491905,95.25475,8.2,75.02,105.9148,100.0629,100.6698,100.182739085228,1.81,0.37,1.0371428571428571,,-0.3806,98.6421,238.992,5.1,14.300476190476191,-0.4,41.583333333333336,1.1345666666666667,10.3,77.84
2016-05,0.51,-0.2571818,91.64088,10.0,80.89,100.1839,99.34846,100.489,99.95085,0.132857142857143,-0.2571818,90.31651,4.0,76.17,99.35567,101.3031,100.5934,99.54229,1.52632,-0.2571818,85.12118,11.5,80.9,100.7545,100.5533,100.6321,100.3649,1.5665,-0.2571818,82.34563,20.2,79.1,100.3771,101.3945,101.1749,100.3065,3.15,-0.2571818,99.036,11.5,81.17,100.8256,100.3271,101.309,100.488535985594,0.551,-0.2571818,95.2486,8.2,75.31,101.6341,100.0685,100.9854,100.248713969445,1.81,0.37,0.99,,-0.3775,98.4184,239.557,4.8,14.852857142857141,-0.4,46.742380952380955,1.1312047619047618,10.2,78.16
2016-06,0.39,-0.2679091,89.74435,9.9,81.01,99.57587,99.27831,100.2125,99.88826,-0.016818181818182,-0.2679091,88.58336,4.0,76.27,101.192,101.3652,100.6498,99.56425,1.45346,-0.2679091,81.48432,11.7,81.1,99.59642,100.4303,100.675,100.2874,1.47995454545455,-0.2679091,78.82422,19.9,79.43,100.6251,101.3429,101.2088,100.1939,3.2,-0.2679091,96.08436,11.2,81.31,101.6027,100.2922,101.3399,100.46663219565,0.427,-0.2679091,95.03575,8.1,75.57,103.2911,100.191,101.2938,100.303122427004,1.64,0.38,0.9127272727272728,,-0.35475,98.8833,240.222,4.9,17.774545454545457,-0.4,48.24727272727273,1.1231772727272729,10.2,78.3
2016-07,0.17,-0.2945238,90.16473,9.8,80.68,99.57587,99.2963,100.0702,99.87104,-0.154285714285714,-0.2945238,89.41234,3.9,76.73,99.93557,101.3478,100.6622,99.59849,1.22722,-0.2945238,79.17685,11.7,79.6,101.8073,100.2902,100.6696,100.1958,1.16909523809524,-0.2945238,78.27264,19.5,78.37,100.8001,101.3011,101.1564,100.1186,3.06,-0.2945238,96.44903,11.0,80.8,100.9228,100.3116,101.3069,100.428126216481,0.198,-0.2945238,95.29739,7.9,74.76,108.1243,100.345,101.1985,100.348694592985,1.5,0.39,0.8314999999999999,,-0.3484,98.9992,240.101,4.8,13.1585,-0.4,44.951904761904764,1.105495,10.0,77.92
2016-08,0.15,-0.2982174,92.74961,9.9,80.96,101.3607,99.44617,100.1097,99.91318,-0.131739130434783,-0.2982174,94.28597,3.9,76.63,101.482,101.3067,100.6553,99.65031,1.17635,-0.2982174,80.42773,11.7,79.5,102.3337,99.96082,100.6212,100.1127,1.01430434782609,-0.2982174,79.80059,19.3,78.34,102.1071,101.4747,101.0965,100.0881,2.91,-0.2982174,100.4189,11.0,80.77,100.1457,100.389,101.2727,100.378556131718,0.147,-0.2982174,96.3205,7.7,75.72,106.3291,100.4607,100.9404,100.392445687522,1.56,0.4,0.8191304347826087,,-0.35624999999999996,98.85,240.545,4.9,12.399565217391304,-0.4,45.843043478260874,1.1206521739130435,10.0,77.97
2016-09,0.18,-0.3016364,93.54198,9.9,80.77,100.4094,99.69715,100.3035,100.0078,-0.084090909090909,-0.3016364,94.27055,3.8,76.61,101.192,101.2735,100.7293,99.7314,1.26606,-0.3016364,80.2969,11.9,81.0,102.2285,99.71463,100.5892,100.0553,1.04090909090909,-0.3016364,82.1772,19.1,78.9,101.9011,101.7274,101.2277,100.0981,3.26,-0.3016364,98.64062,11.0,81.3,101.8941,100.4981,101.3782,100.331513734766,0.18,-0.3016364,97.66307,7.5,75.39,103.4292,100.4471,100.794,100.445006471763,1.63,0.4,0.8595238095238096,,-0.3372,98.7457,241.176,5.0,14.21952380952381,-0.4,46.567727272727275,1.1217809523809525,9.9,78.27
2016-10,0.33,-0.309,94.17201,10.1,80.8,100.027,99.95267,100.4749,100.1333,0.002,-0.309,95.15737,3.7,76.73,101.8686,101.2957,100.8316,99.83147,1.45047,-0.309,80.8145,11.7,81.2,102.7549,99.7019,100.5976,100.0421,1.07261904761905,-0.309,83.08509,18.9,79.52,102.1781,102.0521,101.4404,100.1341,3.33,-0.309,99.7793,10.8,81.46,101.1171,100.6225,101.5744,100.31655295472,0.267,-0.309,98.3858,7.2,75.69,103.4292,100.4073,100.7738,100.496341051914,1.76,0.4,0.9215,,-0.359,98.7611,241.741,4.9,14.585238095238097,-0.4,49.522380952380956,1.10144,9.9,78.45
2016-11,0.67,-0.3126818,94.00294,10.1,80.81,102.1158,100.1953,100.6204,100.274,0.189090909090909,-0.3126818,94.19344,3.7,76.0,101.6753,101.3743,100.9297,99.93891,1.94278,-0.3126818,79.9408,11.9,81.1,103.7024,99.78981,100.6522,100.0687,1.42381818181818,-0.3126818,81.49142,18.8,79.71,103.2191,102.2904,101.5568,100.1804,3.51,-0.3126818,95.61356,10.7,80.68,101.6999,100.8039,101.7594,100.356454754203,0.567,-0.3126818,93.95218,7.2,75.62,104.534,100.4964,100.8909,100.544132182572,2.14,0.41,1.1625,,-0.40875,98.3491,242.026,4.7,15.236190476190476,-0.4,44.73409090909091,1.07918,9.9,78.17
2016-12,0.75,-0.3157619,99.26167,10.0,81.09,101.4097,100.337,100.8239,100.4169,0.251904761904762,-0.3157619,99.25215,3.7,76.7,99.35567,101.4417,101.0501,100.0653,1.88618,-0.3157619,88.34939,11.8,81.4,105.3869,99.84657,100.7779,100.1196,1.43666666666667,-0.3157619,85.71065,18.5,80.14,103.3001,102.3398,101.5678,100.2266,3.74,-0.3157619,98.9211,10.5,80.7,102.3798,101.0571,101.914,100.452522932282,0.615,-0.3157619,96.73318,7.3,75.99,110.4718,100.5718,101.0993,100.582139291942,2.49,0.54,1.2952380952380953,,-0.4514,99.0214,242.637,4.7,12.472380952380954,-0.4,53.3085,1.0544619047619048,9.7,78.58
2017-01,0.86,-0.3255455,101.5084,9.7,80.83,101.4293,100.3193,101.0602,100.5513,0.250909090909091,-0.3255455,102.892,3.7,76.0,101.0954,101.4368,101.1688,100.2028,1.99107,-0.3255455,92.51216,11.7,80.0,102.439,99.89798,100.9488,100.1817,1.46631818181818,-0.3255455,88.1761,18.3,79.36,104.2351,102.2521,101.7314,100.2728,3.95,-0.3255455,100.0307,10.4,80.15,96.94026,101.188,102.0683,100.583121525391,0.696,-0.3255455,98.48035,7.6,75.3,103.9816,100.7074,101.1059,100.585233804788,2.43,0.65,1.226,,-0.4775,98.7611,243.618,4.7,11.6085,-0.4,54.57666666666666,1.0634947368421053,9.7,77.91
2017-02,1.03,-0.3286,101.5872,9.6,80.95,100.7527,100.2363,101.2486,100.6695,0.258,-0.3286,104.0024,3.6,76.57,101.8686,101.3909,101.3259,100.3488,2.35192,-0.3286,90.81455,11.5,80.1,103.176,99.88052,101.1151,100.2448,1.703,-0.3286,88.43894,18.2,79.09,103.4951,102.1841,101.858,100.3237,4.04,-0.3286,100.3977,10.2,79.99,101.3113,101.2855,102.1768,100.72518961342,0.874,-0.3286,98.63474,7.8,76.75,107.4338,100.7878,101.0631,100.557615070611,2.42,0.66,1.2178947368421054,,-0.48675,98.3646,244.006,4.6,11.530526315789475,-0.4,54.8695,1.0650210526315789,9.6,78.21
2017-03,1.02,-0.3293478,104.8153,9.6,81.55,102.4198,100.246,101.344,100.7737,0.348260869565217,-0.3293478,106.4354,3.6,76.78,101.3853,101.4713,101.5186,100.4981,2.40073,-0.3293478,95.55482,11.5,81.7,104.1235,99.86146,101.2615,100.3031,1.71752173913043,-0.3293478,94.28421,18.0,79.98,103.2841,102.3445,101.7531,100.3865,3.99,-0.3293478,102.4082,10.1,81.6,105.4881,101.4737,102.3277,100.887301082817,0.874,-0.3293478,100.7984,7.7,76.75,105.7768,100.8593,101.1945,100.505561667386,2.48,0.79,1.168695652173913,,-0.47919999999999996,99.0137,243.892,4.4,11.89782608695652,-0.4,51.589130434782604,1.069104347826087,9.5,78.87
2017-04,0.88,-0.3303889,107.4886,9.5,81.63,101.4489,100.4428,101.4746,100.8689,0.225555555555556,-0.3303889,108.0953,3.6,77.24,103.3183,101.6431,101.7212,100.642,2.25705,-0.3303889,98.06919,11.2,82.3,103.913,99.67629,101.3474,100.3608,1.61777777777778,-0.3303889,97.44469,17.6,80.71,103.2851,102.5864,101.6572,100.4598,3.77,-0.3303889,108.5852,9.9,82.79,101.3113,101.6761,102.4522,101.066325124986,0.783,-0.3303889,102.1461,7.4,77.02,108.5386,100.9134,101.3409,100.436676113239,2.3,0.9,1.0563157894736843,,-0.492,100.0224,244.193,4.4,13.136315789473684,-0.4,52.30789473684211,1.07138,9.3,79.31
2017-05,0.81,-0.3294545,112.306,9.5,81.65,103.6848,100.7943,101.555,100.9517,0.336363636363636,-0.3294545,110.7981,3.6,77.2,103.6082,101.819,101.892,100.7686,2.19402,-0.3294545,102.5869,11.5,82.2,104.6499,99.43639,101.3749,100.4343,1.56840909090909,-0.3294545,101.4353,17.4,80.66,104.4451,102.7786,101.6665,100.5398,3.29,-0.3294545,113.3007,9.4,82.58,105.0024,101.9184,102.3557,101.253184117455,0.774,-0.3294545,105.1482,7.2,76.77,106.7434,100.9514,101.307,100.371749080656,2.3,0.91,1.0018181818181817,,-0.5295000000000001,100.1408,244.004,4.4,10.862272727272726,-0.4,50.326521739130435,1.1049863636363637,9.3,79.25
2017-06,0.66,-0.33,111.1838,9.5,81.64,102.5571,101.1565,101.5675,101.018,0.25047619047619,-0.33,110.8772,3.5,77.54,103.4149,101.9375,102.0415,100.8859,2.05337,-0.33,101.2362,11.2,82.1,106.0186,99.30701,101.409,100.5321,1.45231818181818,-0.33,100.4599,17.1,80.71,104.4551,102.9284,101.712,100.625,2.97,-0.33,115.5924,9.3,82.13,104.8082,102.1454,102.2576,101.428552954439,0.625,-0.33,101.8219,7.2,76.72,108.1243,101.0281,101.1017,100.355020650926,2.19,1.04,0.8445454545454546,,-0.5602,100.3471,244.163,4.3,10.513636363636364,-0.4,46.36818181818182,1.1233,9.1,79.32
2017-07,0.84,-0.3304286,109.23,9.6,81.3,102.6257,101.1065,101.6022,101.0694,0.455714285714286,-0.3304286,108.4056,3.5,78.0,103.8982,101.9407,102.1443,100.9924,2.23141,-0.3304286,102.0845,11.4,80.5,106.8609,99.55708,101.4747,100.664,1.59780952380952,-0.3304286,98.33408,16.9,79.73,104.1901,103.0732,101.6669,100.7178,3.03,-0.3304286,114.2463,9.0,81.62,106.7508,102.2333,102.1329,101.55141988976,0.833,-0.3304286,99.96812,7.2,76.12,111.9908,101.2136,100.806,100.39337773978,2.32,1.15,0.9455,,-0.574,100.1068,244.243,4.3,10.2645,-0.4,48.47857142857143,1.153015,9.1,78.96
2017-08,0.71,-0.329087,108.2775,9.5,81.76,102.9984,100.8477,101.7416,101.1125,0.346086956521739,-0.329087,106.8961,3.5,78.08,106.3144,101.8671,102.1892,101.0853,2.10986,-0.329087,103.5304,11.5,80.6,108.6506,100.1727,101.5983,100.8226,1.48486363636364,-0.329087,97.34382,16.7,79.87,104.6361,103.1588,101.7705,100.8183,2.83,-0.329087,115.0518,8.9,81.81,107.8193,102.1945,102.1116,101.574639726588,0.726,-0.329087,100.3203,7.1,77.23,110.8861,101.3605,100.705,100.497651408629,2.21,1.16,0.8739130434782609,,-0.56475,99.6925,245.183,4.4,11.975652173913044,-0.4,51.70434782608696,1.1812913043478261,9.0,79.17
2017-09,0.7,-0.329381,110.1987,9.3,81.63,104.1359,100.6528,101.94,101.1512,0.347142857142857,-0.329381,109.8785,3.4,78.06,105.2513,101.8293,102.2647,101.1654,2.10949,-0.329381,105.9813,11.2,82.1,105.4922,100.8245,101.7119,100.9762,1.54128571428571,-0.329381,95.94729,16.7,80.35,105.2961,103.1469,102.0281,100.921,2.63,-0.329381,116.6593,8.6,82.63,105.4881,102.2069,102.3021,101.492179681127,0.696,-0.329381,101.2857,6.9,76.87,108.2624,101.5425,100.8294,100.66777577115,2.2,1.15,0.8175000000000001,,-0.5596,99.7954,246.435,4.3,10.437999999999999,-0.4,56.152857142857144,1.191335,8.9,79.49
2017-10,0.81,-0.3295455,113.763,9.1,81.73,104.6164,100.7262,101.9869,101.176,0.3725,-0.3295455,114.4746,3.4,77.86,103.7049,101.8568,102.3617,101.228,2.07385,-0.3295455,107.7231,11.0,82.1,106.0186,101.2289,101.7736,101.1067,1.61468181818182,-0.3295455,95.53452,16.7,80.86,106.4231,103.0416,102.2838,101.0121,2.32,-0.3295455,119.0029,8.5,83.02,104.4196,102.2022,102.5095,101.343297695013,0.694,-0.3295455,104.4282,6.7,77.08,107.0196,101.654,101.1299,100.844379645597,2.36,1.15,0.8104761904761905,,-0.584,101.0247,246.626,4.2,10.125454545454545,-0.4,57.50772727272727,1.175547619047619,8.8,79.53
2017-11,0.72,-0.329,113.5964,9.0,81.81,104.8126,101.0295,101.9966,101.1803,0.308181818181818,-0.329,115.9012,3.4,77.35,107.3776,101.8959,102.4386,101.2642,1.78885,-0.329,107.9145,10.9,81.9,107.8084,101.3929,101.7766,101.198,1.48877272727273,-0.329,94.99035,16.7,81.12,107.6871,102.9291,102.5097,101.0799,1.98,-0.329,118.333,8.2,82.14,104.8082,102.1275,102.5896,101.177343179494,0.582,-0.329,103.3383,6.4,77.2,108.9528,101.6176,101.3713,100.990083622936,2.35,1.16,0.6566666666666666,,-0.60025,101.2664,247.284,4.2,10.54047619047619,-0.4,62.71409090909091,1.174295,8.7,79.36
2017-12,0.67,-0.3278947,113.3596,9.0,82.1,106.2051,101.2083,102.1033,101.158,0.296842105263158,-0.3278947,115.7334,3.4,77.85,106.6044,101.9544,102.4892,101.2686,1.79452,-0.3278947,107.3933,10.9,82.2,111.2827,101.4265,101.7328,101.2341,1.44163157894737,-0.3278947,95.45309,16.6,81.12,109.3451,102.8591,102.5111,101.1164,1.83,-0.3278947,118.7272,8.1,82.0,103.4483,102.0679,102.6343,101.025203748431,0.533,-0.3278947,101.7933,6.2,77.55,107.9862,101.5262,101.4577,101.072660130029,2.4,1.3,0.5585,,-0.6077999999999999,101.4644,247.805,4.1,10.2645,-0.4,64.3736842105263,1.183615,8.7,79.64
2018-01,0.85,-0.3284545,115.8474,9.2,82.02,102.4786,101.0807,102.2109,101.0998,0.474545454545455,-0.3284545,117.9698,3.3,77.07,105.9278,102.0244,102.466,101.2345,1.98419,-0.3284545,111.5373,11.0,80.9,106.9661,101.3516,101.6853,101.2054,1.47386363636364,-0.3284545,97.61776,16.4,79.93,105.4841,102.7328,102.3849,101.1185,1.85,-0.3284545,123.3314,8.1,81.03,105.0996,102.0664,102.5288,100.905106002114,0.705,-0.3284545,103.5679,6.1,76.62,109.3671,101.4649,101.5951,101.088069132244,2.58,1.41,0.5519047619047619,,-0.61375,101.4625,248.859,4.0,11.062380952380952,-0.4,69.07727272727273,1.219652380952381,8.7,78.92
2018-02,0.98,-0.3285,111.4709,9.3,82.02,104.1457,100.7489,102.1611,101.0082,0.659,-0.3285,111.1663,3.3,77.49,104.1881,102.0241,102.3593,101.1695,2.08078,-0.3285,107.8398,10.8,80.6,106.1239,101.3399,101.63,101.1326,1.5178,-0.3285,92.78125,16.2,80.04,106.5491,102.4574,102.2249,101.0862,2.03,-0.3285,118.8078,7.9,80.51,103.4483,102.1245,102.2999,100.825571897877,0.972,-0.3285,98.57388,6.1,77.88,107.0196,101.3688,101.6357,101.028165830799,2.86,1.42,0.6836842105263158,,-0.56675,101.7085,249.529,4.1,22.464736842105264,-0.4,65.3175,1.2339684210526316,8.6,79.09
2018-03,0.83,-0.3279048,110.4175,9.3,82.96,104.8322,100.463,102.0727,100.898,0.52952380952381,-0.3279048,108.9667,3.3,78.06,105.8312,101.9578,102.2666,101.0796,1.96547,-0.3279048,107.2522,10.9,82.4,107.9137,101.3537,101.5478,101.031,1.34961904761905,-0.3279048,90.41574,15.9,81.0,107.6161,102.1842,102.0919,101.0331,1.79,-0.3279048,118.3318,7.8,82.26,108.8878,102.1842,102.0707,100.796357256627,0.872,-0.3279048,99.13731,6.2,77.91,109.6433,101.279,101.5652,100.91541421995,2.84,1.51,0.5666666666666667,,-0.5084,102.2067,249.577,4.0,19.023809523809526,-0.4,66.01666666666667,1.2333954545454546,8.5,79.97
2018-04,0.78,-0.32845,112.9564,9.2,83.12,103.7535,100.187,102.0656,100.7739,0.48,-0.32845,110.4106,3.2,78.24,105.1546,101.878,102.2532,100.9794,1.77335,-0.32845,111.0204,10.9,82.8,106.0186,101.3472,101.4448,100.9084,1.2183,-0.32845,91.97054,15.7,81.61,105.3221,102.2478,101.9972,100.9766,1.66,-0.32845,121.85,7.4,83.06,105.2938,102.1874,101.8049,100.798855747912,0.812,-0.32845,99.43879,6.4,78.24,111.0242,101.1073,101.4993,100.797261573977,2.87,1.69,0.4847619047619047,,-0.518,103.3329,250.227,4.0,18.267619047619046,-0.4,72.10600000000001,1.2269523809523808,8.4,80.29
2018-05,0.79,-0.3252273,116.9777,9.1,83.51,102.4688,99.93758,102.004,100.6284,0.45,-0.3252273,113.3236,3.2,79.04,106.701,101.7984,102.2439,100.8833,2.17969,-0.3252273,111.8816,10.7,83.0,107.0714,101.1987,101.3425,100.7742,1.38581818181818,-0.3252273,93.93809,15.5,82.37,105.6111,102.4867,101.7821,100.9208,1.84,-0.3252273,127.2581,7.3,83.75,104.2253,102.1145,101.6581,100.8259862447,0.827,-0.3252273,99.30556,6.4,78.51,110.748,100.8818,101.4968,100.69239857991,2.98,1.7,0.4659090909090909,,-0.55925,102.4024,250.792,3.8,14.124545454545455,-0.4,76.9752380952381,1.1822636363636365,8.3,80.79
2018-06,0.75,-0.3220476,114.6062,9.0,83.53,104.5772,99.71651,101.9346,100.4552,0.327142857142857,-0.3220476,110.7576,3.2,79.11,106.4111,101.7152,102.2021,100.7972,2.74417,-0.3220476,106.125,10.8,83.2,107.4925,101.2872,101.2592,100.6425,1.37290476190476,-0.3220476,91.41711,15.2,82.56,104.5431,102.7396,101.525,100.8653,1.87,-0.3220476,129.2419,7.0,83.77,105.0996,101.9615,101.6983,100.884736105202,0.786,-0.3220476,98.07319,6.2,78.74,106.6053,100.627,101.4965,100.579272659813,2.91,1.82,0.379047619047619,,-0.5476000000000001,103.198,251.018,4.0,13.678095238095239,-0.4,74.4047619047619,1.1679142857142857,8.2,80.88
2018-07,0.67,-0.3207273,114.3751,9.0,83.42,104.0673,99.57571,101.7349,100.2484,0.274545454545455,-0.3207273,109.9421,3.2,79.71,104.5747,101.6299,102.1027,100.7271,2.64298,-0.3207273,105.9577,10.4,82.1,106.4397,101.419,101.1897,100.5104,1.31754545454545,-0.3207273,91.60867,15.0,81.58,104.6021,102.6913,101.2289,100.8093,1.76,-0.3207273,130.7145,6.9,83.44,105.0996,101.8521,101.7514,100.91636895493,0.683,-0.3207273,99.72151,5.9,78.18,109.5052,100.5687,101.467,100.454571541454,2.89,1.91,0.28238095238095234,,-0.549,103.3646,251.214,3.8,13.147619047619049,-0.4,74.2540909090909,1.1684619047619047,8.1,80.7
2018-08,0.7,-0.319,115.151,8.9,83.86,104.3517,99.36288,101.4748,100.0144,0.290869565217391,-0.319,109.6395,3.2,79.74,106.0245,101.6129,101.9867,100.656,3.16096,-0.319,102.8671,10.3,81.9,107.282,101.5266,101.1122,100.3852,1.37239130434783,-0.319,89.79105,14.8,81.65,105.4161,102.404,101.0395,100.7615,1.82,-0.319,130.106,7.0,82.88,103.7397,101.8376,101.6929,100.866403143053,0.715,-0.319,99.32813,5.6,79.27,112.9574,100.5908,101.5539,100.317857827061,2.89,1.91,0.2534782608695652,,-0.5851999999999999,104.0327,251.663,3.8,12.54695652173913,-0.4,72.52826086956522,1.1546608695652174,8.0,80.82
2018-09,0.77,-0.31885,114.0404,8.9,83.67,103.2337,99.07351,101.2383,99.78323,0.3705,-0.31885,107.3357,3.1,79.81,104.768,101.6007,101.8597,100.5669,2.9585,-0.31885,102.8113,10.3,83.3,107.4925,101.673,101.0427,100.2698,1.4418,-0.31885,88.04839,14.7,82.17,105.2981,102.0576,101.1113,100.7332,1.88,-0.31885,125.5884,6.6,84.14,105.6824,101.8891,101.4856,100.717754316696,0.772,-0.31885,95.8233,5.6,79.04,107.0196,100.7021,101.5026,100.172011747736,3.0,1.95,0.23631578947368423,,-0.5965,104.1004,252.182,3.7,12.910526315789474,-0.4,78.89099999999999,1.1666947368421052,8.0,81.14
2018-10,0.82,-0.3176957,109.2244,8.8,83.77,104.7243,98.90532,101.0571,99.59554,0.399090909090909,-0.3176957,101.9068,3.1,79.91,104.4781,101.5666,101.7027,100.4462,3.46884,-0.3176957,95.61775,10.6,83.4,107.1767,101.7263,100.9448,100.161,1.5735652173913,-0.3176957,84.41036,14.7,82.73,106.2361,101.9283,101.2887,100.7313,1.96,-0.3176957,119.5567,6.7,83.71,104.0311,101.8332,101.3894,100.504430011183,0.852,-0.3176957,91.94603,5.7,79.56,106.4672,100.703,101.2703,100.029197387637,3.15,2.19,0.2913636363636364,,-0.56875,103.9856,252.772,3.8,19.35217391304348,-0.4,81.03217391304348,1.148759090909091,8.0,81.34
2018-11,0.76,-0.3163636,106.1412,8.7,83.58,103.4102,98.64995,100.9743,99.46477,0.314090909090909,-0.3163636,99.33119,3.1,78.98,102.5451,101.5326,101.5397,100.3019,3.39008,-0.3163636,93.08559,10.5,83.2,105.2816,101.6208,100.8292,100.0551,1.58240909090909,-0.3163636,84.29283,14.6,82.53,104.6291,101.9509,101.3468,100.7489,1.91,-0.3163636,114.8068,6.7,82.86,101.1171,101.6534,101.3827,100.271681693578,0.808,-0.3163636,89.24587,5.8,79.43,112.9574,100.4438,101.0772,99.9174766828754,3.12,2.2,0.258,,-0.49939999999999996,104.0681,252.594,3.8,19.38904761904762,-0.4,64.74818181818182,1.13639,7.9,80.89
2018-12,0.7,-0.3118947,100.1675,8.8,83.66,104.6557,98.54762,100.8657,99.40638,0.187058823529412,-0.3118947,93.78859,3.1,79.11,103.7049,101.5079,101.324,100.1305,2.97513,-0.3118947,90.77139,10.3,83.1,105.808,101.4397,100.6837,99.94751,1.42621052631579,-0.3118947,81.25729,14.4,82.12,104.3251,101.9597,101.1662,100.7742,1.71,-0.3118947,111.0237,6.8,82.52,100.34,101.4481,101.349,100.035331331018,0.745,-0.3118947,84.45708,5.7,79.26,107.5719,100.078,100.9397,99.8340646509308,2.83,2.27,0.1563157894736842,,-0.43,104.0936,252.767,3.9,24.953157894736844,-0.4,57.36235294117647,1.1380388888888888,7.9,80.85
2019-01,0.65,-0.308,101.2198,8.8,83.2,105.1754,98.90887,100.7623,99.43459,0.132727272727273,-0.308,95.57957,3.0,78.4,103.4149,101.5225,101.1018,99.94383,2.77011,-0.308,93.83179,10.3,81.7,106.6503,101.2489,100.5283,99.83249,1.37877272727273,-0.308,83.36458,14.3,80.74,107.3321,102.0588,101.0068,100.7998,1.67,-0.308,115.8274,6.8,81.49,101.6999,101.2381,101.2045,99.8199159311622,0.765,-0.308,85.96767,5.6,78.0,113.3717,99.91149,100.9927,99.8079554569733,2.71,2.4,0.17047619047619048,,-0.471,103.4021,252.561,4.0,19.57238095238095,-0.4,59.40954545454545,1.1417899999999999,7.9,80.01
2019-02,0.55,-0.30845,107.0714,8.7,83.29,105.3912,99.31913,100.6328,99.51574,0.0555,-0.30845,98.1282,3.0,78.8,102.8351,101.5369,100.8623,99.75725,2.81241,-0.30845,97.8409,10.4,81.5,106.8609,101.0335,100.4224,99.72748,1.28095,-0.30845,84.89161,14.2,80.91,106.6291,102.2482,100.9658,100.813,1.55,-0.30845,119.883,6.7,81.27,102.0884,101.0537,101.023,99.6488394990222,0.687,-0.30845,90.05288,5.6,79.43,112.6812,99.95004,101.001,99.8160412531338,2.68,2.4,0.17210526315789473,,-0.5565,102.8371,253.319,3.8,15.234736842105262,-0.4,63.9605,1.1349444444444443,7.8,80.27
2019-03,0.44,-0.3091905,110.9524,8.7,84.02,105.0872,99.59766,100.573,99.60966,0.010952380952381,-0.3091905,100.2103,3.0,79.14,103.8982,101.5426,100.5955,99.57082,2.68985,-0.3091905,102.1769,10.2,83.3,105.9133,100.8348,100.3919,99.6473,1.12685714285714,-0.3091905,86.43807,14.2,82.04,106.1671,102.4657,101.0189,100.8067,1.32,-0.3091905,122.7976,6.8,82.93,99.8543,101.0278,100.7567,99.5558863367032,0.537,-0.3091905,92.21825,5.6,79.61,110.8861,100.1245,100.8953,99.8328437231777,2.57,2.41,0.16142857142857142,,-0.5978,102.8757,254.277,3.8,14.485238095238095,-0.4,66.13857142857144,1.1296142857142857,7.7,81.09
2019-04,0.37,-0.31045,115.1051,8.5,84.32,105.2048,99.78333,100.5392,99.68837,-0.0395,-0.31045,104.3918,2.9,79.91,102.4485,101.4901,100.3435,99.38371,2.61756,-0.31045,105.7595,10.4,83.7,104.4394,100.6941,100.4127,99.59216,1.0623,-0.31045,88.53519,14.2,82.96,106.4481,102.4531,100.9645,100.7734,1.18,-0.31045,125.7775,6.8,83.79,103.5454,101.1677,100.5084,99.5306494896278,0.467,-0.31045,95.537,5.6,79.79,119.1715,100.252,100.5985,99.8357311492029,2.53,2.42,0.18761904761904763,,-0.61175,102.274,255.233,3.7,12.949047619047619,-0.4,71.23333333333333,1.1234,7.7,81.67
2019-05,0.3,-0.3118636,111.9079,8.5,84.43,106.7837,100.0144,100.5981,99.75002,-0.134545454545455,-0.3118636,102.5912,2.9,80.1,102.8351,101.3602,100.126,99.19299,2.64404,-0.3118636,101.3312,10.0,83.8,106.6503,100.5793,100.4408,99.55177,0.879681818181818,-0.3118636,86.03179,14.3,83.15,106.7601,102.5194,100.976,100.7176,1.02,-0.3118636,124.1293,6.7,84.01,104.3225,101.225,100.4657,99.5488482185079,0.407,-0.3118636,91.01218,5.6,79.83,114.2002,100.2516,100.3334,99.8192263572474,2.4,2.39,0.18863636363636366,,-0.5952,102.392,255.296,3.6,16.721818181818183,-0.4,71.31772727272727,1.1186909090909092,7.6,81.78
2019-06,0.08,-0.3289,112.6742,8.5,84.67,103.7927,100.211,100.461,99.79681,-0.315263157894737,-0.3289,101.2147,2.9,80.35,101.5786,101.1781,99.8389,99.00707,2.28374,-0.3289,101.33,9.6,83.8,106.4397,100.4993,100.4074,99.51286,0.4994,-0.3289,85.72083,14.2,83.05,106.1241,102.5168,101.07,100.6387,0.59,-0.3289,125.4424,6.6,84.33,102.2827,101.3001,100.544,99.6155414553865,0.148,-0.3289,90.86089,5.5,79.77,117.9286,100.094,100.055,99.7944654916932,2.07,2.38,0.26,,-0.5732499999999999,102.4375,255.213,3.6,15.836000000000002,-0.4,64.2205,1.129515,7.5,81.91
2019-07,-0.07,-0.3648696,115.8961,8.4,84.48,104.7635,100.3984,100.2681,99.84258,-0.388260869565217,-0.3648696,103.1985,2.9,80.68,101.192,101.0275,99.56603,98.86066,1.6539,-0.3648696,106.2179,9.6,82.3,106.545,100.5367,100.3431,99.47781,0.355130434782609,-0.3648696,86.11786,14.2,82.11,105.3561,102.1665,101.1924,100.532,0.44,-0.3648696,127.2621,6.4,82.88,103.254,101.393,100.4601,99.7194507332357,-0.003,-0.3648696,94.49373,5.2,79.13,110.1956,99.92001,99.84441,99.7755657659143,2.06,2.4,0.2240909090909091,,-0.5782499999999999,101.9408,255.802,3.7,13.305909090909092,-0.4,63.9191304347826,1.1211454545454544,7.5,81.52
2019-08,-0.34,-0.4076818,111.4429,8.3,84.93,103.2435,100.5103,100.1748,99.88628,-0.649090909090909,-0.4076818,97.97976,2.9,80.56,101.5786,100.9263,99.37222,98.79155,1.40365,-0.4076818,101.0348,9.5,82.3,105.5975,100.4666,100.2742,99.4506,0.141772727272727,-0.4076818,81.02592,14.1,82.02,106.1271,101.7618,101.2223,100.4064,0.17,-0.4076818,122.225,6.3,82.78,99.95143,101.4067,100.4697,99.8378971602623,-0.277,-0.4076818,91.22486,5.1,79.96,118.2048,99.72932,99.69025,99.7703790603438,1.63,2.13,0.055,,-0.5468,102.639,256.036,3.6,18.97909090909091,-0.4,59.041818181818186,1.1128681818181818,7.5,81.64
2019-09,-0.27,-0.4175714,116.428,8.2,84.61,104.5184,100.624,100.1154,99.92645,-0.594761904761905,-0.4175714,102.518,2.9,80.54,100.6121,100.9183,99.18749,98.79841,0.90208,-0.4175714,105.882,9.8,83.5,105.2816,100.452,100.2102,99.44435,0.183380952380952,-0.4175714,83.81251,14.0,82.34,105.5121,101.342,100.9083,100.2632,0.2,-0.4175714,127.6152,6.5,83.92,99.27149,101.466,100.4237,99.9642067419409,-0.239,-0.4175714,94.95747,5.1,79.49,115.443,99.61364,99.68124,99.7716953417738,1.7,2.04,0.051500000000000004,,-0.513,102.2917,256.43,3.5,15.559000000000001,-0.44333333333333336,62.826666666666675,1.10112,7.5,81.82
2019-10,-0.16,-0.4128696,116.7199,8.2,84.54,104.3615,100.6375,100.1192,99.95836,-0.469545454545455,-0.4128696,104.2781,2.9,80.58,100.0322,100.9257,99.13051,98.86211,1.00355,-0.4128696,106.6886,9.5,83.6,104.6499,100.4898,100.1975,99.45316,0.202521739130435,-0.4128696,85.2766,14.0,82.88,105.2921,100.9283,100.7176,100.0981,0.19,-0.4128696,127.8442,6.5,83.62,100.7285,101.5507,100.4537,100.07930448852,-0.155,-0.4128696,94.71288,5.2,79.71,111.5765,99.67429,99.82893,99.8158194443971,1.71,1.83,0.15545454545454546,,-0.53025,101.4281,257.155,3.6,15.466521739130435,-0.5,59.71304347826087,1.1058181818181818,7.4,81.93
2019-11,-0.02,-0.4012857,122.0768,8.2,84.6,103.5279,100.525,100.1815,99.9805,-0.352380952380952,-0.4012857,109.7474,3.0,79.94,100.3222,101.0254,99.17538,98.94813,1.26594,-0.4012857,112.6481,9.8,83.4,104.9658,100.5336,100.2159,99.47086,0.384952380952381,-0.4012857,86.1123,13.9,82.91,106.1731,100.6919,100.8997,99.90961,0.35,-0.4012857,133.1507,6.8,83.04,101.4084,101.574,100.6554,100.135322393487,-0.042,-0.4012857,95.43583,5.2,79.72,115.7192,99.7677,100.0217,99.8620985383114,1.81,1.55,0.19947368421052633,,-0.5698,101.9372,257.879,3.6,12.5235,-0.5,63.21190476190476,1.1050578947368421,7.5,81.67
2019-12,0.04,-0.3947,122.7562,8.2,85.01,101.4489,100.2445,100.3281,99.98979,-0.299444444444444,-0.3947,110.4704,3.1,80.37,98.00258,101.0387,99.29102,99.01477,1.37011,-0.3947,113.1492,9.8,83.5,102.0179,100.6737,100.2212,99.49256,0.4365,-0.3947,87.61064,13.8,82.81,104.9791,100.5828,101.0515,99.6964,0.41,-0.3947,132.8658,7.0,82.83,102.1855,101.4934,100.7258,100.05425768913,0.006,-0.3947,95.74307,5.2,79.99,118.6191,99.85394,100.2632,99.8753807155314,1.86,1.55,0.24952380952380954,,-0.553,101.7003,258.63,3.6,13.756666666666666,-0.5,67.21714285714286,1.1113666666666666,7.5,81.93
2020-01,-0.01,-0.3911364,124.3891,8.2,84.58,102.3805,100.0087,100.467,100.0033,-0.313636363636364,-0.3911364,112.0107,3.2,79.7,100.9987,100.9496,99.37282,99.03963,1.27499,-0.3911364,114.6452,9.6,82.0,106.0186,100.5765,100.0815,99.50433,0.418863636363636,-0.3911364,88.07616,13.8,81.66,105.6791,100.4822,100.8733,99.46278,0.37,-0.3911364,136.9413,7.0,82.17,104.4196,101.2484,100.427,99.808788256265,-0.025,-0.3911364,96.22175,5.1,79.1,114.2002,99.92282,100.5168,99.8423937911158,1.76,1.55,0.23857142857142857,,-0.601,101.0338,259.127,3.6,13.94095238095238,-0.5,63.64545454545455,1.1097666666666666,7.5,81.1
2020-02,-0.18,-0.40885,123.3285,7.8,84.6,104.1751,99.56186,99.94968,100.0421,-0.466,-0.40885,111.1702,3.3,80.14,101.5786,100.5657,99.1151,99.00423,0.9555,-0.40885,115.8871,9.5,81.6,103.5971,99.94263,99.55647,99.49158,0.2742,-0.40885,89.07196,13.6,81.61,105.3921,100.0035,100.2319,99.21494,0.25,-0.40885,141.8863,6.7,81.7,102.9626,100.5275,99.15282,99.4364176591886,-0.126,-0.40885,93.8868,5.0,80.26,115.1669,99.79079,100.2059,99.7669262042616,1.5,1.58,0.1731578947368421,,-0.4635,101.3735,259.25,3.5,19.628947368421052,-0.5,55.657000000000004,1.0910736842105262,7.4,81.25
2020-03,-0.05,-0.4166364,93.03694,7.6,84.66,85.98396,98.65371,98.53272,96.75321,-0.541363636363636,-0.4166364,83.88902,3.4,80.18,91.23711,99.76041,98.412,96.61015,1.55118,-0.4166364,85.258,7.6,83.4,74.43411,98.92947,98.52854,95.8958,0.509318181818182,-0.4166364,66.04161,14.5,82.1,91.10908,98.56493,98.71349,97.02071,0.71,-0.4166364,114.2255,6.0,83.05,92.47208,98.99337,96.71114,98.7796153022891,-0.018,-0.4166364,68.47787,5.0,79.95,106.7434,99.28529,98.99108,97.4213755209555,0.87,0.65,0.42181818181818187,,0.08399999999999999,97.4078,258.076,4.4,57.73681818181819,-0.5,32.01136363636363,1.104590909090909,7.2,81.69
2020-04,0.06,-0.25405,91.88736,7.6,84.64,68.45963,97.80283,96.86059,90.6312,-0.4495,-0.25405,86.97938,3.5,80.55,71.71392,98.97236,97.65041,92.18928,1.79913,-0.25405,84.48536,7.7,83.8,58.53659,98.45928,97.4975,93.13734,0.8217,-0.25405,62.42395,15.3,82.39,70.14306,96.54038,96.6949,94.91529,0.97,-0.25405,114.1198,5.8,83.68,70.22826,97.16087,93.63093,91.9410254370416,0.142,-0.25405,68.64985,4.9,79.78,95.83429,98.80564,97.13622,91.4180767595197,0.66,0.05,0.43285714285714283,,0.248,84.5619,256.032,14.8,41.453809523809525,-0.5,18.3785,1.0871090909090908,7.4,81.93
2020-05,-0.03,-0.27195,93.7355,6.9,84.78,81.37488,97.88477,96.91972,94.8354,-0.5165,-0.27195,92.12677,3.7,80.48,79.73582,98.87707,97.63629,94.12167,1.76204,-0.27195,85.81441,8.8,83.5,84.75171,98.59885,96.8828,95.00135,0.747809523809524,-0.27195,62.02137,15.5,82.44,81.07706,95.74566,96.17811,95.61189,0.81,-0.27195,119.7346,6.0,83.47,75.27926,96.75452,92.4249,92.722949284543,0.038,-0.27195,69.09545,5.0,79.65,107.5719,98.95149,96.20784,94.0793128889087,0.67,0.05,0.5035000000000001,,-0.11539999999999999,85.9604,255.802,13.2,30.897000000000002,-0.5,29.378947368421056,1.09073,7.6,81.85
2020-06,-0.04,-0.376,102.9002,7.4,84.85,91.54429,98.50109,97.93328,98.5321,-0.434285714285714,-0.376,101.4557,3.8,81.02,89.01418,99.2729,98.16725,97.65724,1.4552,-0.376,94.64108,9.5,83.5,91.80558,99.27399,97.10784,97.63943,0.517090909090909,-0.376,67.9379,16.0,82.8,90.29008,95.94264,97.14098,97.1297,0.53,-0.376,126.7371,7.4,84.51,86.44973,97.13004,93.80762,95.8782237902532,-0.044,-0.376,76.01343,5.4,79.95,103.9816,99.24854,96.49641,96.6336857719645,0.73,0.08,0.5436363636363637,,-0.353,91.5934,257.042,11.0,31.119545454545456,-0.5,40.26681818181818,1.1259,8.1,82.13
2020-07,-0.15,-0.4441304,103.7471,8.6,85.19,95.20214,98.9799,98.91566,98.46687,-0.52304347826087,-0.4441304,104.3706,3.8,80.64,90.94717,99.67586,98.88219,98.82632,1.19629,-0.4441304,96.65475,10.2,82.9,98.12247,99.72274,97.7486,98.52357,0.376608695652174,-0.4441304,67.12257,16.2,81.51,97.36608,96.13844,98.56214,97.64635,0.4,-0.4441304,129.8164,8.0,82.81,94.12336,97.48438,95.84589,96.5437955754499,-0.168,-0.4441304,75.82822,6.0,80.48,109.5052,99.3279,97.61346,98.5858198212754,0.62,0.09,0.4754545454545455,,-0.4384,95.0256,258.352,10.2,26.840454545454545,-0.5,43.24217391304348,1.1488272727272728,8.5,81.84
2020-08,-0.17,-0.4797143,103.4332,9.1,85.1,95.89841,99.15891,99.51587,98.63924,-0.523333333333333,-0.4797143,105.5042,3.9,80.48,90.85052,99.96133,99.51897,99.20975,1.03189,-0.4797143,96.39849,10.1,81.9,104.7552,99.99223,98.43867,99.15958,0.301,-0.4797143,64.56641,16.5,81.51,100.3641,96.15376,99.49077,97.61502,0.36,-0.4797143,127.8195,8.3,82.61,101.3113,97.69572,97.01978,97.1513770641756,-0.207,-0.4797143,75.99451,6.4,79.25,110.8861,99.36957,98.77337,99.882432622636,0.65,0.1,0.5104761904761905,,-0.49975,95.9549,259.316,8.4,22.88952380952381,-0.5,44.736000000000004,1.1831142857142856,8.6,81.5
2020-09,-0.21,-0.4913636,102.9413,9.0,84.62,97.46745,99.09138,99.56818,98.7161,-0.524090909090909,-0.4913636,105.9361,3.8,80.24,93.1701,100.0187,99.97619,99.40795,0.98121,-0.4913636,94.87207,10.0,82.6,100.4387,100.0555,99.05318,99.54236,0.280681818181818,-0.4913636,62.74694,16.4,81.87,101.9301,96.25896,99.9121,97.78226,0.32,-0.4913636,124.2502,8.1,83.25,101.1171,97.73386,97.38878,97.523837383725,-0.246,-0.4913636,75.08783,6.3,79.86,110.6099,99.67234,99.70004,100.094928328648,0.68,0.09,0.5447619047619048,,-0.49875,95.9669,259.997,7.8,27.64761904761905,-0.5,40.90954545454545,1.1785095238095238,8.6,81.56
2020-10,-0.3,-0.5091364,101.2923,8.3,84.6,99.88968,98.76158,99.33451,98.97683,-0.607272727272727,-0.5091364,103.7749,3.8,80.22,96.74613,99.8502,100.3002,99.59925,0.77007,-0.5091364,93.26896,10.0,83.1,102.6496,99.78658,99.38509,99.79049,0.170181818181818,-0.5091364,62.00841,16.3,82.13,103.4011,96.4302,100.0729,97.99448,0.18,-0.5091364,126.5348,7.7,83.15,102.6712,97.72341,97.41779,97.7362529479645,-0.345,-0.5091364,72.9223,5.8,80.05,116.8239,99.98845,100.2765,100.322619787404,0.79,0.09,0.6376190476190476,,-0.495,96.7394,260.319,6.9,29.438636363636363,-0.5,40.18954545454546,1.1767809523809523,8.4,81.71
2020-11,-0.32,-0.5208571,111.1591,8.1,84.79,98.10488,98.49548,99.1254,99.05479,-0.614761904761905,-0.5208571,105.5023,3.8,79.39,97.90593,99.62884,100.4985,99.78551,0.66399,-0.5208571,101.1906,9.5,83.1,100.7545,99.60262,99.49287,99.925,0.0940952380952381,-0.5208571,70.07944,16.2,82.21,102.3611,96.7486,100.1968,98.27148,0.07,-0.5208571,131.7052,7.3,82.7,96.74599,97.6507,97.27571,97.9074073484601,-0.383,-0.5208571,79.02596,5.7,79.9,116.5478,100.3317,100.6667,100.536492173898,0.87,0.09,0.7042105263157895,,-0.54425,97.0816,260.911,6.7,24.9955,-0.5,42.69238095238095,1.1826277777777778,8.2,81.43
2020-12,-0.34,-0.5380909,115.7445,7.9,84.99,97.389,98.68332,99.27573,99.15766,-0.6185,-0.5380909,110.64,3.8,79.85,97.80928,99.48254,100.7457,100.0054,0.57801,-0.5380909,106.2241,9.8,83.3,100.6492,99.89171,99.79613,100.102,0.0421818181818182,-0.5380909,74.97704,16.2,82.34,103.4071,97.3131,100.3237,98.72233,0.03,-0.5380909,144.4066,7.0,82.59,97.81448,97.84481,97.25978,98.1326112277278,-0.388,-0.5380909,83.30549,6.0,80.27,114.0621,100.7197,101.0708,100.762283374666,0.93,0.09,0.7977272727272727,,-0.59275,98.363,262.045,6.7,22.37409090909091,-0.5,49.99363636363637,1.2168,8.2,81.7
2021-01,-0.31,-0.54715,116.961,8.1,85.22,100.3408,98.77839,99.58012,99.33019,-0.5835,-0.54715,114.4572,3.9,80.96,98.38918,99.38899,101.1139,100.2896,0.61566,-0.54715,107.783,10.1,82.6,104.5447,100.2462,100.1585,100.3287,0.07825,-0.54715,75.38517,15.9,82.02,103.2411,97.66979,100.5182,99.11009,0.03,-0.54715,156.455,7.1,82.32,98.30015,98.07001,97.33311,98.3174111153662,-0.358,-0.54715,84.32821,6.5,79.58,123.7284,100.9282,101.4445,100.867330611317,1.08,0.09,0.9500000000000001,,-0.6148,98.8822,262.687,6.4,24.91,-0.5,54.774,1.2177666666666667,8.2,81.84
2021-02,-0.15,-0.5411,119.2072,8.2,85.24,96.4966,98.98377,99.9679,99.53767,-0.4455,-0.5411,116.173,3.9,81.42,96.64948,99.55241,101.6323,100.6635,0.59041,-0.5411,111.1628,10.2,82.4,102.8602,100.5858,100.5769,100.6087,0.22555,-0.5411,75.2445,15.7,81.54,103.0221,98.15296,100.6641,99.44576,0.16,-0.5411,145.6694,7.0,81.93,98.78582,98.33153,97.77544,98.4322665839528,-0.212,-0.5411,84.5051,6.8,80.51,122.3475,101.0581,101.7394,100.98143683201,1.26,0.08,1.1426315789473684,,-0.623,95.6149,263.579,6.2,23.140526315789476,-0.5,62.2765,1.2093947368421052,8.2,82.01
2021-03,-0.07,-0.539087,124.0897,8.2,85.83,98.36966,99.4972,100.4051,99.90446,-0.364782608695652,-0.539087,119.032,3.9,81.76,98.19588,99.86309,102.1656,101.1016,0.70399,-0.539087,115.5682,10.1,83.8,103.3866,100.9382,101.033,101.0125,0.309608695652174,-0.539087,78.46606,15.5,83.08,103.6141,99.10801,100.9934,100.1595,0.23,-0.539087,141.542,6.9,83.15,98.39728,98.90517,98.68657,98.8004027792466,-0.036,-0.539087,86.98611,6.7,81.23,126.9045,101.2487,102.0628,101.116826174211,1.61,0.07,1.463913043478261,,-0.639,98.3856,264.961,6.1,21.84304347826087,-0.5,65.41,1.1901608695652173,8.2,82.78
2021-04,-0.01,-0.53815,129.032,8.2,86.01,98.01662,100.1209,100.988,100.2473,-0.325,-0.53815,124.11,3.8,82.18,98.19588,100.1951,102.5786,101.5312,0.79727,-0.53815,119.0042,10.3,84.5,104.8605,101.5346,101.5026,101.4432,0.36725,-0.53815,79.63493,15.7,84.0,104.1801,99.90392,101.3538,100.4139,0.35,-0.53815,149.2953,7.2,83.6,99.5629,99.54653,99.7859,99.3072889971154,0.044,-0.53815,88.75871,6.5,81.42,136.2946,101.509,102.3274,101.259117873867,1.64,0.07,1.471818181818182,,-0.669,98.5587,266.614,6.1,17.416190476190476,-0.5,64.8065,1.1965409090909092,8.2,83.25
2021-05,0.21,-0.5400952,131.5994,8.0,86.3,97.73223,100.9097,101.5406,100.673,-0.2235,-0.5400952,122.9012,3.7,82.44,96.64948,100.7296,102.8968,101.9087,0.98446,-0.5400952,119.9991,9.9,84.5,103.2813,102.3484,101.9422,101.8684,0.516571428571429,-0.5400952,83.49045,15.7,84.45,101.8541,100.5001,101.6421,100.6529,0.53,-0.5400952,151.978,7.3,83.87,96.35745,100.0348,100.8313,100.145573267798,0.179,-0.5400952,91.73833,6.3,81.64,135.8803,101.8972,102.4799,101.384600241974,1.62,0.06,1.466,,-0.69,99.4333,268.383,5.8,19.7605,-0.5,68.53421052631579,1.21463,8.0,83.47
2021-06,0.15,-0.5429091,135.7465,7.9,86.45,97.81068,101.4948,101.9256,101.0156,-0.288636363636364,-0.5429091,125.7776,3.6,82.68,95.1031,101.2003,103.1882,102.1986,0.8746,-0.5429091,124.3777,9.5,84.6,105.0711,102.9872,102.2621,102.2356,0.4455,-0.5429091,83.58299,15.6,84.85,100.8381,100.8748,101.8145,100.8615,0.43,-0.5429091,151.0301,7.0,84.04,96.35745,100.1982,101.3061,100.320590667082,0.122,-0.5429091,94.0935,6.3,82.0,158.1128,102.1632,102.6965,101.456122894349,1.52,0.08,1.3163636363636364,,-0.69175,99.7987,270.654,5.9,16.956818181818182,-0.5,73.1640909090909,1.2048272727272726,7.8,83.69
2021-07,-0.01,-0.5448182,134.6109,8.0,86.51,98.16372,101.4831,102.1793,101.1989,-0.451363636363636,-0.5448182,125.7044,3.5,83.18,96.64948,101.3386,103.4093,102.3618,0.74775,-0.5448182,121.4321,9.1,83.8,106.0186,103.21,102.4368,102.4968,0.332772727272727,-0.5448182,79.72285,15.2,83.84,101.0321,101.0731,102.0482,101.0297,0.27,-0.5448182,153.0301,6.7,83.74,96.35745,100.2095,101.2169,100.437998862388,-0.028,-0.5448182,91.92867,6.3,81.61,145.2704,102.1009,102.6965,101.445290169837,1.32,0.1,1.099047619047619,,-0.6676,100.2519,271.903,5.4,17.603333333333335,-0.5,75.1659090909091,1.1821380952380953,7.7,83.61
2021-08,-0.12,-0.5475909,139.0517,7.9,87.1,98.29121,101.2445,102.1275,101.3174,-0.538636363636364,-0.5475909,127.7151,3.4,83.25,91.81701,101.3251,103.5262,102.3964,0.62758,-0.5475909,124.2969,9.1,83.9,104.4394,103.1293,102.4902,102.6433,0.218227272727273,-0.5475909,81.27394,14.8,84.21,101.6811,101.1687,102.1978,101.1519,0.14,-0.5475909,157.0291,6.4,83.64,92.18067,100.4229,101.1338,100.526600819234,-0.135,-0.5475909,93.85934,6.4,82.97,146.6513,101.789,102.5196,101.352527344807,1.28,0.09,1.0659090909090911,,-0.648,100.0437,272.676,5.1,17.472727272727273,-0.5,70.74714285714286,1.1766954545454544,7.5,83.9
2021-09,0.04,-0.5450455,137.2517,7.7,86.93,96.95751,101.1322,102.0077,101.3799,-0.362727272727273,-0.5450455,125.9049,3.4,83.44,92.10696,101.3251,103.5403,102.343,0.77658,-0.5450455,123.9819,9.1,85.0,105.4922,103.0707,102.5506,102.6875,0.330272727272727,-0.5450455,80.47989,14.4,85.17,102.5741,101.0938,102.3625,101.2191,0.26,-0.5450455,161.7749,6.4,84.35,95.77465,100.5396,101.0393,100.611850208481,0.008,-0.5450455,93.1854,6.2,82.92,143.3372,101.458,102.397,101.21632460399,1.37,0.08,1.1338095238095238,,-0.651,98.8579,273.91,4.7,19.824761904761903,-0.5,74.48863636363636,1.1764904761904762,7.4,84.3
2021-10,0.2,-0.5498095,137.3855,7.5,87.31,99.04631,100.8494,102.0572,101.3972,-0.204285714285714,-0.5498095,123.8729,3.4,83.95,95.58634,101.1364,103.4656,102.2245,0.95487,-0.5498095,125.1156,9.1,85.8,105.2816,102.9739,102.6131,102.6249,0.471,-0.5498095,81.62192,13.9,86.54,103.4201,100.7953,102.5608,101.218,0.39,-0.5498095,167.0307,6.4,84.67,96.84312,100.2956,101.0765,100.693585317388,0.162,-0.5498095,95.7244,6.0,84.38,144.7181,100.984,102.4679,101.058013115898,1.58,0.08,1.19,,-0.642,100.1861,276.55,4.5,17.871428571428574,-0.5,83.53809523809524,1.159985,7.3,85.02
2021-11,0.1,-0.5673636,144.1086,7.4,87.67,97.71262,100.5392,102.186,101.3722,-0.313636363636364,-0.5673636,127.6534,3.4,84.12,96.16624,100.8241,103.4324,102.0697,1.00969,-0.5673636,134.0943,9.1,86.4,107.7031,102.6691,102.6023,102.448,0.476681818181818,-0.5673636,81.32114,13.5,86.75,105.7401,100.198,102.7028,101.1419,0.39,-0.5673636,168.8089,6.3,84.88,98.68868,99.7572,101.2514,100.76143229859,0.07,-0.5673636,97.89474,5.8,85.57,134.2233,100.5314,102.5719,100.894319012004,1.56,0.08,1.0515,,-0.577,100.8654,278.919,4.1,18.50047619047619,-0.5,81.05,1.14159,7.1,85.4
2021-12,0.05,-0.5819565,143.102,7.4,87.87,97.84991,100.1953,102.2705,101.2877,-0.384285714285714,-0.5819565,124.2719,3.3,84.38,97.22938,100.5436,103.4676,101.896,1.04735,-0.5819565,134.3038,8.9,86.8,105.5975,102.191,102.5231,102.1591,0.413318181818182,-0.5819565,77.26388,13.3,87.75,105.3791,99.86691,102.8801,101.0005,0.36,-0.5819565,165.1471,6.1,84.89,98.00874,99.42744,101.3945,100.80570965282,0.03,-0.5819565,97.14455,5.6,85.56,139.7468,100.1695,102.4346,100.732623689308,1.47,0.08,0.785,,-0.545,100.5726,280.845,3.9,21.354545454545455,-0.5,74.1704761904762,1.1300809523809523,7.0,85.76
2022-01,0.31,-0.5601429,145.4614,7.3,88.01,99.79161,99.76173,102.3006,101.133,-0.114761904761905,-0.5601429,125.1337,3.3,85.11,97.03608,100.3155,103.422,101.6991,1.34641,-0.5601429,136.2078,8.5,86.7,102.1232,101.3228,102.3492,101.7559,0.66452380952381,-0.5601429,80.13284,13.3,87.06,105.2581,99.55938,103.0091,100.7979,0.58,-0.5601429,162.8801,6.0,85.11,94.99757,99.19675,101.3801,100.820010339644,0.26,-0.5601429,101.2457,5.3,86.34,141.8182,99.81805,102.0242,100.563758416308,1.76,0.08,0.7835,,-0.5555000000000001,100.1856,282.543,4.0,23.181,-0.5,86.50523809523808,1.131675,6.9,86.02
2022-02,0.68,-0.5315,141.0797,7.3,88.8,98.26179,99.02753,102.1916,100.9022,0.15,-0.5315,119.8321,3.2,85.85,97.61598,99.82526,103.2412,101.4522,1.79367,-0.5315,131.2328,8.3,87.5,106.3344,100.1296,102.1333,101.2771,1.11215,-0.5315,79.54331,13.2,87.76,105.9671,98.75225,102.9469,100.547,1.06,-0.5315,157.1647,5.9,85.51,96.35745,98.61369,101.2545,100.79758639318,0.59,-0.5315,99.34743,5.2,88.19,138.6421,99.27833,101.5049,100.35625780655,1.93,0.08,0.49894736842105264,,-0.482,100.8064,284.5,3.9,25.748421052631578,-0.5,97.12899999999999,1.1349052631578949,6.8,86.83
2022-03,0.78,-0.4954348,131.8352,7.4,90.22,98.17353,97.87547,101.8227,100.613,0.281739130434783,-0.4954348,110.2892,3.2,88.0,92.68686,98.99736,102.9288,101.1481,1.85382,-0.4954348,120.8968,8.3,89.6,106.7556,98.65788,101.8752,100.7527,1.22534782608696,-0.4954348,75.88493,13.3,91.2,103.0631,97.17348,102.4796,100.2828,1.16,-0.4954348,166.9784,6.0,87.7,97.71734,97.42946,100.8576,100.698531437377,0.79,-0.4954348,92.73357,5.4,88.77,137.2612,98.5258,101.1134,100.106682825671,2.13,0.2,0.21826086956521737,,-0.389,101.3907,287.674,3.7,26.968695652173913,-0.5,117.24521739130434,1.1018521739130436,6.8,88.94
2022-04,1.28,-0.4478947,134.1757,7.5,90.64,97.44784,97.25401,101.525,100.317,0.746315789473684,-0.4478947,110.3547,3.1,88.65,94.42654,98.31261,102.7272,100.83,2.4356,-0.4478947,123.9399,8.1,89.9,108.9665,97.91273,101.7074,100.2283,1.68947368421053,-0.4478947,79.24253,13.2,90.97,106.3911,96.30988,101.9706,100.0385,1.76,-0.4478947,177.235,6.2,89.78,98.98009,96.80825,100.7041,100.53197871667,1.3,-0.4478947,94.93864,5.8,89.02,135.1899,98.2305,101.0343,99.8417283337795,2.75,0.33,0.20950000000000002,,-0.3574,101.44,288.561,3.7,24.3735,-0.5,104.57526315789474,1.080295238095238,6.7,89.45
2022-05,1.52,-0.3857273,129.9798,7.5,91.32,97.40862,96.97621,101.3835,100.043,0.952727272727273,-0.3857273,105.5775,3.1,89.57,94.81314,97.8876,102.5943,100.5146,2.98982,-0.3857273,120.8748,8.1,90.7,106.545,97.55488,101.5883,99.7277,2.05136363636364,-0.3857273,78.53548,12.9,91.61,106.1891,95.85795,101.753,99.8245,2.14,-0.3857273,174.1513,6.2,90.66,99.75716,96.66882,100.5369,100.322619434627,1.58,-0.3857273,93.84229,5.9,89.75,136.7089,98.17086,100.872,99.6019170736172,2.9,0.77,0.2814285714285714,,-0.28975,101.3335,291.298,3.6,29.313636363636363,-0.5,113.33761904761906,1.0567190476190476,6.7,90.19
2022-06,2.06,-0.2392273,125.5763,7.5,92.1,98.81095,96.79003,101.2775,99.80817,1.445,-0.2392273,101.9878,3.1,89.55,95.68299,97.4678,102.4405,100.1941,3.6347,-0.2392273,114.6664,8.2,91.8,104.2288,97.21626,101.439,99.26383,2.6485,-0.2392273,77.15559,12.9,93.35,107.9681,95.09189,101.5248,99.64227,2.65,-0.2392273,180.1439,6.1,91.62,99.5629,96.61938,100.417,100.124101811312,2.13,-0.2392273,91.23965,5.8,90.65,130.9091,98.13323,100.5209,99.4057098739234,3.14,1.21,0.14523809523809525,,-0.20174999999999998,101.018,294.957,3.6,28.23318181818182,-0.5,122.71095238095238,1.0567190476190476,6.7,90.92
2022-07,1.71,0.036619,124.4334,7.4,92.38,97.43803,96.76173,101.056,99.61979,1.08190476190476,0.036619,96.62447,3.1,90.18,95.58634,96.96781,102.1436,99.88229,3.35879,0.036619,108.6661,8.0,90.8,104.7552,96.91216,101.2015,98.87521,2.3332380952381,0.036619,73.9692,12.7,92.81,106.6021,94.38033,101.0939,99.51348,2.26,0.036619,183.1035,6.0,91.63,98.00874,96.58718,100.2262,99.952219552297,1.8,0.036619,88.8135,5.5,90.06,135.328,97.95197,100.1066,99.2445321756762,2.9,1.68,-0.13999999999999999,,-0.18760000000000002,101.223,294.913,3.5,24.995238095238093,-0.41935483870967744,111.92571428571429,1.016825,6.7,91.02
2022-08,1.69,0.3947391,131.2108,7.2,92.81,99.83083,96.8548,100.6613,99.47312,1.03434782608696,0.3947391,99.82472,3.1,90.6,94.52319,96.58382,101.7856,99.61954,3.29713,0.3947391,114.0206,8.1,91.5,107.282,96.91824,100.9424,98.60648,2.1758695652173894,0.3947391,75.58507,12.8,93.05,107.1971,94.32716,100.8019,99.45524,2.16,0.3947391,193.0429,6.0,91.46,97.13453,96.35818,99.96806,99.8031554512423,1.71,0.3947391,91.04829,5.4,91.69,129.8044,97.60558,99.47266,99.1027351491518,2.9,2.33,-0.3521739130434782,,-0.23325,101.0963,295.097,3.6,22.169565217391302,0.0,100.44636363636364,1.0128782608695652,6.7,91.58
2022-09,2.41,1.0108636,122.3563,7.1,92.34,98.95805,96.82623,100.2986,99.35606,1.79545454545455,1.0108636,93.47434,3.1,92.6,96.45618,96.25601,101.4666,99.43666,4.13844,1.0108636,108.3944,8.0,93.1,104.7552,97.07016,100.7238,98.46757,2.95204545454545,1.0108636,71.91928,13.0,92.82,106.0681,94.57761,100.7044,99.4537,2.89,1.0108636,181.4977,6.1,92.62,97.52307,95.90335,99.71725,99.6755880171566,2.45,1.0108636,86.56657,5.4,92.92,143.8895,97.12511,98.77866,98.9798284037711,3.52,2.56,-0.3376190476190476,,-0.1534,101.2918,296.349,3.5,27.34181818181818,0.425,89.7647619047619,0.9898809523809524,6.7,92.67
2022-10,2.77,1.4276667,122.0579,7.2,93.49,95.28059,96.92554,100.0743,99.27182,2.18666666666667,1.4276667,92.2463,3.1,93.65,95.39304,96.30234,101.2861,99.3606,4.53227,1.4276667,107.31,7.8,96.6,103.4918,97.59904,100.633,98.47433,3.31419047619048,1.4276667,70.02576,13.1,92.86,106.1211,95.07641,100.6671,99.48807,3.26,1.4276667,167.4337,6.1,93.61,96.64886,95.52923,99.48431,99.5794647018495,2.84,1.4276667,86.42198,5.6,95.43,140.7135,97.11597,98.36152,98.8984079359216,3.98,3.08,-0.3915,,-0.1085,101.2529,298.007,3.6,30.005714285714287,0.75,93.33190476190477,0.985295,6.6,94.05
2022-11,2.58,1.8252273,132.5722,7.1,93.88,97.42823,97.02567,99.9464,99.20237,2.06636363636364,1.8252273,102.1054,3.1,93.64,96.35954,96.70882,101.2269,99.39754,4.24251,1.8252273,119.3889,7.8,97.2,103.8077,98.51807,100.6657,98.6143,3.105,1.8252273,75.01498,13.2,92.55,104.8571,95.78922,100.5806,99.53657,3.02,1.8252273,176.6461,6.6,93.58,97.91161,95.43089,99.40617,99.5293960933349,2.65,1.8252273,94.11179,5.7,94.52,143.6133,97.58185,98.36241,98.8835143506456,3.89,3.78,-0.6125,,-0.16325,100.9552,298.786,3.6,23.29909090909091,1.475,91.41545454545455,1.01919,6.7,93.98
2022-12,2.62,2.0634762,133.3017,7.2,93.79,98.5756,96.94607,99.99952,99.1287,2.0852380952381,2.0634762,103.0385,3.1,92.48,94.23325,97.27535,101.2179,99.51646,4.25657,2.0634762,119.5285,7.9,97.4,104.3341,99.14791,100.7402,98.82121,3.111,2.0634762,76.24863,13.2,92.56,105.7241,96.51217,100.6523,99.57659,3.1,2.0634762,178.173,6.9,93.21,99.07722,95.59557,99.55587,,2.7,2.0634762,96.27178,5.7,94.3,135.6041,98.2067,98.62879,,3.62,4.1,-0.6723809523809524,,-0.1996,99.7664,298.832,3.5,21.784285714285716,1.6774193548387097,80.924,1.0590666666666668,6.7,93.65
2023-01,2.69,2.3448636,140.3376,7.1,94.2,97.31055,96.85428,100.1609,99.0586,2.19272727272727,2.3448636,109.9074,3.1,92.98,96.06959,97.84327,101.2047,99.65597,4.24279,2.3448636,126.079,7.9,96.0,104.8605,99.42395,100.8325,99.03028,3.22263636363636,2.3448636,81.0583,13.1,92.16,105.2571,97.05563,100.7496,99.59412,3.13,2.3448636,179.9181,7.1,92.48,98.20301,95.92059,99.83929,,2.79,2.3448636,98.74345,5.6,92.75,129.5282,98.76588,98.80547,,3.53,4.33,-0.6759999999999999,,-0.278,100.505,300.42,3.5,20.16904761904762,2.0,82.50142857142858,1.07769,6.7,93.45
2023-02,2.87,2.64035,145.8957,7.1,95.27,98.97767,96.81742,100.25,98.99826,2.3705,2.64035,113.6938,3.0,93.87,97.90593,98.30519,101.0881,99.75908,4.27004,2.64035,133.6055,7.8,96.1,104.5447,99.64664,100.902,99.19366,3.3891,2.64035,85.02673,12.9,93.03,105.8121,97.3059,100.8174,99.58263,3.27,2.64035,176.2934,7.0,92.84,96.64886,96.3035,100.1478,,2.96,2.64035,99.74237,5.6,92.99,134.9137,99.14432,98.93292,,3.75,4.57,-0.7868421052631579,,-0.29725,100.6416,301.45,3.6,20.1205,2.375,82.58500000000001,1.0702263157894736,,94.21
2023-03,2.92,2.9105652,144.2838,7.1,96.25,97.41842,96.97322,100.1957,98.94954,2.38347826086957,2.9105652,111.5346,3.0,94.81,95.68299,98.59431,100.879,99.79018,4.24,2.9105652,130.9807,7.9,96.8,104.0182,99.82527,100.8905,99.29018,3.44308695652174,2.9105652,83.93467,12.5,94.01,107.2421,97.41033,100.956,99.54823,3.27,2.9105652,176.7366,6.9,94.7,96.55173,96.67006,100.1956,,3.04,2.9105652,97.35397,5.6,93.16,136.5708,99.28417,98.97626,,3.66,4.65,-0.6395652173913043,,-0.18619999999999998,101.0205,301.821,3.5,21.644347826086957,2.661290322580645,78.43434782608696,1.0711347826086957,,95.06
2023-04,2.9,3.1794444,149.3531,7.3,96.88,98.03623,97.32926,99.94707,98.91223,2.35944444444444,3.1794444,114.3974,3.0,95.34,95.39304,98.87574,100.6024,99.74075,4.23356,3.1794444,133.6525,7.9,97.6,101.9126,99.83547,100.7451,99.31859,3.40816666666667,3.1794444,85.70695,12.1,94.44,105.0291,97.77923,100.9436,99.50867,3.2,3.1794444,184.1632,6.7,95.93,93.15202,97.1402,99.81616,,3.05,3.1794444,99.87871,5.6,92.0,125.6617,99.33244,98.77135,,3.46,4.83,-0.5559999999999999,,-0.1725,101.253,302.845,3.4,17.817894736842106,3.0,84.63833333333334,1.0962,,95.66
2023-05,2.94,3.3717273,147.7678,7.3,96.81,99.24244,97.79197,99.83725,98.8933,2.34227272727273,3.3717273,113.4489,3.0,95.21,95.29639,99.00756,100.2246,99.61353,4.31267,3.3717273,131.7025,7.8,98.0,103.176,99.75636,100.5358,99.31296,3.4137272727272694,3.3717273,84.23637,12.0,94.31,105.5431,98.28084,100.6246,99.47453,3.16,3.3717273,183.011,6.4,95.54,94.31763,97.70072,99.33724,,3.04,3.3717273,96.86105,5.7,92.19,129.8044,99.30634,98.40464,,3.57,5.06,-0.5581818181818181,,-0.20725,100.9286,303.334,3.6,17.63608695652174,3.1774193548387095,75.466,1.0867090909090908,,95.69
2023-06,2.93,3.5358636,145.6694,7.3,97.01,98.70308,98.2066,99.78308,98.9014,2.37636363636364,3.5358636,113.0402,3.0,95.59,93.9433,98.98956,99.78844,99.45547,4.07441,3.5358636,133.0548,7.5,98.0,103.4918,99.72463,100.3415,99.29372,3.40422727272727,3.5358636,85.88371,11.9,94.85,104.2181,98.93733,100.2551,99.45302,3.09,3.5358636,183.3246,6.3,95.96,94.70617,98.22529,99.02341,,3.05,3.5358636,94.6363,5.6,92.1,124.4189,99.39574,98.06853,,3.75,5.08,-0.8914285714285713,,-0.2198,100.1196,304.014,3.6,14.003181818181817,3.3333333333333335,74.83909090909091,1.0840285714285716,,95.93
2023-07,3.04,3.6718095,147.224,7.4,97.06,98.56579,98.39624,99.67008,98.93948,2.45666666666667,3.6718095,113.2426,3.0,96.05,92.88016,98.88905,99.37885,99.31889,4.15721,3.6718095,137.6898,7.8,96.5,102.5443,99.63355,100.1847,99.26325,3.49738095238095,3.6718095,87.12292,12.0,94.78,104.5791,99.31109,100.0788,99.44022,3.23,3.6718095,181.4929,6.2,95.59,94.99757,98.48244,98.79922,,3.14,3.6718095,96.20719,5.4,91.56,127.0426,99.56057,97.85772,,3.9,5.12,-0.9289999999999999,,-0.25725,100.9067,304.609,3.5,13.932380952380951,3.5,80.10809523809523,1.10669,,95.83
2023-08,3.11,3.7803043,146.1968,7.4,98.13,98.94824,98.35434,99.64738,98.9963,2.54565217391304,3.7803043,111.5635,3.1,96.4,92.78351,98.7243,99.13577,99.23302,4.22104,3.7803043,136.7439,7.6,96.6,102.6496,99.4905,100.0575,99.23447,3.58721739130435,3.7803043,86.23539,12.0,95.29,103.8131,99.02505,100.0902,99.43465,3.31,3.7803043,178.072,6.2,96.32,93.05488,98.31686,98.59318,,3.22,3.7803043,97.71101,5.3,93.88,122.0714,99.63628,97.82937,,4.17,5.33,-0.7339130434782608,,-0.31725000000000003,100.8393,306.082,3.7,15.85391304347826,3.7419354838709675,86.14772727272727,1.091,,96.35
2023-09,3.24,3.8800476,144.7303,7.4,97.57,98.76192,98.23996,99.77641,99.06113,2.66142857142857,3.8800476,109.9017,3.1,96.54,91.72036,98.6036,99.07503,99.21037,4.51295,3.8800476,136.4983,7.7,98.3,102.8602,99.26369,99.95652,99.22082,3.72090476190476,3.8800476,86.73422,12.0,95.84,105.3811,98.45384,100.036,99.44529,3.45,3.8800476,176.8759,6.4,97.07,91.50072,97.86277,98.50158,,3.32,3.8800476,98.54307,5.4,93.53,121.1047,99.6757,97.88277,,4.38,5.33,-0.643,4.044,-0.33,101.0211,307.276,3.7,15.173333333333332,3.841666666666667,93.72238095238096,1.067175,,96.67
2023-10,3.45,3.9676364,139.0498,7.5,97.74,98.18333,98.26125,99.81288,99.13255,2.82318181818182,3.9676364,105.3037,3.1,96.4,91.72036,98.56326,99.04901,99.23579,4.88505,3.9676364,132.4709,7.7,98.3,102.7549,99.07952,99.88775,99.23727,3.9512272727272704,3.9676364,84.24841,12.0,96.09,104.6671,98.16913,100.0088,99.47932,3.59,3.9676364,168.8436,6.6,96.65,92.95775,97.47421,98.5108,,3.52,3.9676364,95.4977,5.5,93.84,127.4568,99.79543,97.89808,,4.8,5.33,-0.26952380952380955,4.3554545454545455,-0.29174999999999995,100.4689,307.696,3.9,18.887727272727272,4.0,90.59590909090909,1.056457142857143,,96.75
2023-11,3.19,3.9716364,142.87,7.6,97.5,98.72269,98.52573,99.81718,99.21673,2.60136363636364,3.9716364,109.1999,3.2,95.75,91.81701,98.55389,99.03104,99.28629,4.42761,3.9716364,138.2434,7.5,97.8,101.3862,99.17786,99.86066,99.28659,3.6594090909090897,3.9716364,88.25292,12.0,95.58,105.7781,98.13777,100.0714,99.53142,3.3,3.9716364,179.8032,6.5,95.64,96.16319,97.33613,98.67962,,3.23,3.9716364,98.2935,5.5,93.77,122.2094,100.0194,97.92202,,4.5,5.33,-0.3795238095238095,3.985909090909091,-0.3045,100.8639,308.148,3.7,14.01909090909091,4.0,82.94,1.08193,,96.21
2023-12,2.65,3.9348947,150.0132,7.6,97.64,99.08554,98.83432,99.82553,99.3092,2.10210526315789,3.9348947,116.1075,3.2,95.94,90.17397,98.55756,99.0119,99.34068,3.82082,3.9348947,144.4868,7.1,98.0,102.6496,99.44464,99.86539,99.35118,3.141,3.9348947,92.69518,11.9,95.59,105.4621,98.23077,100.3232,99.59236,2.85,3.9348947,187.6651,6.5,94.97,94.31763,97.61761,98.76725,,2.7,3.9348947,101.8935,5.6,94.8,128.5616,100.1398,98.02389,,4.02,5.33,-0.437,3.5742857142857143,-0.3488,100.6031,308.741,3.8,12.7185,4.0,77.63105263157895,1.09094,,96.37
2024-01,2.74,3.9252727,149.1633,7.6,97.41,98.16372,99.2088,99.88008,99.39628,2.17454545454545,3.9252727,115.7026,3.2,95.8,91.04382,98.40506,98.94724,99.3924,3.81113,3.9252727,144.8665,7.1,96.9,101.0704,99.69363,99.91507,99.42292,3.18595454545455,3.9252727,91.51335,11.9,95.4,,98.31058,100.623,99.64839,2.97,3.9252727,182.6292,6.6,94.81,97.13453,98.04144,98.91092,,2.81,3.9252727,100.6337,5.6,94.11,123.3142,99.99962,97.95879,,4.06,5.33,-0.2647619047619048,3.5459090909090913,-0.385,99.2223,309.698,3.7,13.388636363636364,4.0,80.12409090909091,1.0898904761904762,,96.03
2024-02,2.85,3.9231905,154.375,7.5,98.33,98.40888,,,,2.3319047619,3.9231905,118.3303,3.2,96.42,92.10696,,,,3.87207,3.9231905,150.4004,7.3,96.9,101.0704,,,,3.2725238095238094,3.9231905,91.35509,11.8,95.77,,,,,3.06,3.9231905,171.8675,6.6,94.96,97.42593,,,,2.95,3.9231905,100.3936,5.7,96.34,123.4522,,,,4.21,5.33,-0.3365,3.3600000000000003,-0.4135,100.285,310.967,3.9,13.980476190476189,4.0,83.47809523809524,1.0793,,96.63
2024-03,2.82,3.9231,160.8532,7.4,98.57,98.08527,,,,2.3495,3.9231,123.4314,3.3,97.04,91.43041,,,,3.69579,3.9231,159.6998,6.9,98.0,100.544,,,,3.1896,3.9231,96.72746,11.6,97.06,,,,,3.02,3.9231,167.1592,6.5,97.14,99.95143,,,,2.91,3.9231,103.0105,5.6,96.72,131.8757,,,,4.21,5.33,-0.3795,3.18047619047619,-0.4342,100.4575,312.345,3.9,13.7875,4.0,85.4085,1.0870190476190476,,97.35
2024-04,2.97,3.8853333,160.2584,7.3,99.18,,,,,2.4457142857,3.8853333,123.603,3.4,97.62,,,,,3.85564,3.8853333,159.9303,6.8,98.5,,,,,3.2815238095238106,3.8853333,99.75375,11.6,97.65,,,,,3.13,3.8853333,169.2885,6.4,98.17,,,,,3.01,3.8853333,107.1028,5.6,96.47,,,,,4.54,5.33,-0.33409090909090905,3.227272727272727,-0.4175,100.2434,313.023,3.9,16.137727272727275,4.0,89.93809523809524,1.0723909090909092,,97.91
2024-05,3.03,3.8126818,161.4058,7.4,99.32,,,,,2.5195454545,3.8126818,125.0604,3.4,97.83,,,,,3.84382,3.8126818,161.6059,6.5,98.7,,,,,3.29891304347826,3.8126818,102.6366,11.6,97.87,,,,,3.16,3.8126818,186.5288,6.4,99.2,,,,,3.06,3.8126818,110.2277,5.6,96.67,,,,,4.48,5.33,-0.3740909090909091,3.11695652173913,-0.41059999999999997,100.863,313.175,3.9,13.058695652173913,4.0,81.74619047619048,1.0810136363636362,,98.13
2024-06,3.15,3.7245,154.1965,7.5,99.48,,,,,2.4845,3.7245,122.8164,3.4,98.03,,,,,3.94189,3.7245,158.7248,6.7,98.9,,,,,3.35605,3.7245,102.0415,11.5,98.26,,,,,3.19,3.7245,183.5612,6.4,98.9,,,,,3.12,3.7245,106.2269,5.5,97.1,,,,,4.31,5.33,-0.431578947368421,3.2,-0.39,100.894,313.044,4.1,12.667,3.841666666666667,82.24600000000001,1.0763263157894736,,98.33
2024-07,3.14,3.6848261,150.8303,7.5,99.68,,,,,2.4582608696,3.6848261,123.5586,3.4,98.52,,,,,3.83015,3.6848261,159.401,6.4,98.0,,,,,3.28039130434783,3.6848261,101.3196,11.4,97.52,,,,,3.1,3.6848261,184.344,6.3,98.15,,,,,3.06,3.6848261,107.7176,5.6,96.5,,,,,4.25,5.33,-0.24727272727272728,3.1552173913043475,-0.36575,99.9757,313.569,4.2,14.373913043478263,3.75,85.15304347826087,1.084659090909091,,98.3
2024-08,2.94,3.5475909,147.7044,7.5,100.27,,,,,2.2077272727,3.5475909,121.2086,3.4,98.42,,,,,3.68199,3.5475909,153.2224,6.4,97.9,,,,,3.07104545454545,3.5475909,99.51498,11.3,97.55,,,,,2.88,3.5475909,181.7841,6.2,98.03,,,,,2.83,3.5475909,107.426,5.7,97.96,,,,,3.87,5.33,-0.09454545454545454,3.3660869565217393,-0.3706,100.4309,314.062,4.2,19.312272727272727,3.75,80.3552380952381,1.1020181818181818,,98.43
2024-09,2.9,3.4337143,149.9538,7.5,98.97,,,,,2.1671428571,3.4337143,125.552,3.4,98.34,,,,,3.56547,3.4337143,157.084,6.1,99.0,,,,,2.99566666666667,3.4337143,104.842,11.1,97.46,,,,,2.78,3.4337143,186.2978,6.4,99.56,,,,,2.79,3.4337143,110.1651,5.8,97.58,,,,,3.72,5.13,0.101,3.258095238095238,-0.41425,99.8084,314.732,4.1,17.663333333333334,3.6416666666666666,74.01666666666667,1.110425,,98.34
2024-10,2.99,3.1666087,150.0533,7.4,99.28,,,,,2.2295652174,3.1666087,129.535,3.4,98.68,,,,,3.50106,3.1666087,159.2491,6.1,99.3,,,,,2.96760869565217,3.1666087,106.729,10.9,97.84,,,,,2.73,3.1666087,180.3522,6.5,99.2,,,,,2.84,3.1666087,110.6822,5.8,98.08,,,,,4.1,4.83,0.12318181818181818,2.930434782608696,-0.43674999999999997,99.4695,315.631,4.1,19.960869565217394,3.4274193548387095,75.63260869565217,1.08945,,98.68
2024-11,3.09,3.0067619,145.2974,7.4,99.14,,,,,2.3057142857,3.0067619,128.2125,3.4,98.06,,,,,3.56886,3.0067619,156.7988,6.2,99.2,,,,,3.05561904761905,3.0067619,105.1724,10.8,97.87,,,,,2.79,3.0067619,170.0542,6.6,98.2,,,,,2.92,3.0067619,106.988,5.9,98.25,,,,,4.36,4.64,0.09842105263157895,2.6963636363636363,-0.46340000000000003,99.2925,316.528,4.2,16.015238095238097,3.25,74.3452380952381,1.0621315789473684,,98.36
2024-12,3.01,2.8246,146.197,7.3,99.35,,,,,2.1788888889,2.8246,133.0495,3.5,98.66,,,,,3.32087,2.8246,158.9811,6.4,99.3,,,,,2.89065,2.8246,105.959,10.8,98.3,,,,,2.68,2.8246,166.1126,6.5,97.92,,,,,2.8,2.8246,104.895,6.0,98.98,,,,,4.39,4.48,0.1657142857142857,2.755238095238095,-0.479,100.3273,317.604,4.1,15.866190476190477,3.1370967741935485,73.8595,1.0472333333333335,,98.71
2025-01,3.32,2.7042727,151.8135,7.3,99.19,,,,,2.4836363636,2.7042727,136.8108,3.5,98.47,,,,,3.67594,2.7042727,164.1782,6.5,98.5,,,,,3.17318181818182,2.7042727,108.2523,10.8,98.15,,,,,2.96,2.7042727,166.0193,6.5,97.37,,,,,3.1,2.7042727,106.7893,6.1,98.21,,,,,4.63,4.33,0.35714285714285715,2.7204545454545457,-0.49820000000000003,100.0647,318.961,4.0,16.763636363636365,3.0,79.27045454545454,1.0355904761904762,,98.43
2025-02,3.15,2.52495,160.0125,7.5,99.24,,,,,2.4055,2.52495,146.5735,3.6,98.95,,,,,3.57541,2.52495,173.6601,6.1,98.5,,,,,3.09985,2.52495,117.3562,10.8,98.54,,,,,2.95,2.52495,167.8689,6.4,97.3,,,,,3.01,2.52495,110.8475,6.2,100.61,,,,,4.45,4.33,0.24105263157894738,2.7085,-0.49424999999999997,101.0993,319.679,4.2,16.968,2.7857142857142856,75.438,1.0413000000000001,,98.85
2025-03,3.43,2.4424286,160.1264,7.6,99.44,,,,,2.7414285714,2.4424286,150.6605,3.6,99.32,,,,,3.88713,2.4424286,176.642,6.3,100.1,,,,,3.38919047619048,2.4424286,120.6953,10.8,99.22,,,,,3.29,2.4424286,169.3013,6.4,98.97,,,,,3.32,2.4424286,114.6018,6.1,100.16,,,,,4.28,4.33,0.31047619047619046,3.1714285714285713,-0.4345,101.0404,319.785,4.2,21.841428571428573,2.588709677419355,72.73285714285714,1.0813142857142857,,99.46
2025-04,3.26,2.2494,146.9537,7.5,100.09,,,,,2.5105,2.2494,141.1967,3.7,99.8,,,,,3.71151,2.2494,164.7654,6.2,100.5,,,,,3.2291,2.2494,117.4469,10.6,99.84,,,,,3.11,2.2494,167.1113,6.3,100.25,,,,,3.14,2.2494,108.2599,6.0,99.48,,,,,4.28,4.33,0.5014285714285714,4.034761904761905,-0.38725,101.1279,320.302,4.2,31.966190476190473,2.433333333333333,68.1345,1.1231772727272729,,100.02
2025-05,3.26,2.0872381,155.6845,7.6,99.91,,,,,2.5628571429,2.0872381,154.1076,3.7,99.88,,,,,3.62922,2.0872381,181.3935,6.4,100.4,,,,,3.2089090909090894,2.0872381,127.0181,10.6,99.81,,,,,3.08,2.0872381,183.2296,6.2,100.88,,,,,3.14,2.0872381,114.1452,6.0,99.39,,,,,4.42,4.33,0.5038095238095238,3.354347826086957,-0.4358000000000001,100.9655,320.62,4.3,20.46227272727273,2.25,64.453,1.1273666666666666,,99.96
2025-06,3.24,1.983619,153.8434,7.7,100.33,,,,,2.519047619,1.983619,153.508,3.7,99.97,,,,,3.50068,1.983619,182.021,5.9,100.6,,,,,3.16742857142857,1.983619,128.5766,10.5,100.49,,,,,3.02,1.983619,192.689,6.0,100.95,,,,,3.09,1.983619,115.2814,6.0,99.87,,,,,4.38,4.33,0.49450000000000005,3.125238095238095,-0.48475,101.4785,321.435,4.1,18.403333333333336,2.0833333333333335,71.4447619047619,1.153365,,100.26
2025-07,3.36,1.9863478,155.8944,7.7,100.62,,,,,2.6313043478,1.9863478,155.5515,3.8,100.35,,,,,3.53735,1.9863478,184.4923,5.9,99.7,,,,,3.24308695652174,1.9863478,129.5317,10.6,100.15,,,,,3.1,1.9863478,201.2431,5.8,100.6,,,,,3.21,1.9863478,116.0023,6.1,99.03,,,,,4.39,4.33,0.5095454545454546,2.889130434782609,-0.5095000000000001,101.894,322.169,4.3,16.381304347826084,2.0,71.04130434782608,1.1670818181818183,,100.28
2025-08,3.42,2.0210952,155.8396,7.8,101.1,,,,,2.6733333333,2.0210952,155.1833,3.8,100.42,,,,,3.53833,2.0210952,190.8445,5.9,99.5,,,,,3.25661904761905,2.0210952,137.2908,10.5,100.18,,,,,3.12,2.0210952,203.8221,5.8,100.5,,,,,3.23,2.0210952,116.9661,6.1,100.52,,,,,4.26,4.33,0.5609523809523809,2.902727272727273,-0.523,101.6247,323.291,4.3,15.75,2.0,67.87,1.1647476190476191,,100.42
2025-09,3.51,2.0272727,155.6485,7.9,100.03,,,,,2.6931818182,2.0272727,151.4297,3.8,100.65,,,,,3.55866,2.0272727,191.7961,6.0,100.7,,,,,3.26622727272727,2.0272727,139.1076,10.4,100.42,,,,,3.13,2.0272727,204.2598,5.9,101.47,,,,,3.26,2.0272727,116.0571,6.3,100.2,,,,,4.12,4.22,0.5519047619047619,2.788181818181818,-0.52525,101.668,324.245,4.4,15.789090909090909,2.0,67.98545454545454,1.1738714285714285,,100.52
2025-10,3.44,2.0344348,161.4461,8.0,100.12,,,,,2.617826087,2.0344348,154.4256,3.8,100.95,,,,,3.44212,2.0344348,193.7639,5.8,100.6,,,,,3.15139130434783,2.0344348,144.0746,10.2,100.95,,,,,3.02,2.0344348,218.0951,5.8,101.16,,,,,3.19,2.0344348,119.4534,6.4,100.56,,,,,4.06,4.09,0.5404545454545455,2.924782608695652,-0.5176000000000001,101.2195,,,18.086521739130436,2.0,64.54347826086956,1.1640727272727274,,100.73
2025-11,3.44,2.04165,160.3944,8.0,99.92,,,,,2.6575,2.04165,150.3501,3.9,100.56,,,,,3.45927,2.04165,196.4551,5.7,100.3,,,,,3.1788,2.04165,148.2151,10.1,100.96,,,,,3.02,2.04165,215.8688,5.7,100.3,,,,,3.21,2.04165,122.0014,6.4,100.83,,,,,4.09,3.88,0.543888888888889,3.080952380952381,-0.50675,101.0344,325.063,4.5,19.7695,2.0,63.797000000000004,1.1558111111111111,,100.44
2025-12,3.56,2.0484286,161.3472,8.0,100.0,,,,,2.8142105263,2.0484286,154.2791,3.9,100.67,,,,,3.55156,2.0484286,199.3578,5.7,100.5,,,,,3.27190476190476,2.0484286,154.7221,10.2,101.29,,,,,3.14,2.0484286,211.4118,5.7,100.26,,,,,3.32,2.0484286,123.855,6.4,101.14,,,,,4.14,3.72,0.6422727272727273,2.8918181818181816,-0.52125,101.4941,326.031,4.4,15.548181818181819,2.0,62.54428571428572,1.1710363636363637,,100.62
2026-01,3.53,2.0277273,163.4456,8.1,99.59,,,,,2.8066666667,2.0277273,159.3243,3.9,100.56,,,,,3.49242,2.0277273,205.3537,5.5,99.5,,,,,3.2692380952381,2.0277273,161.081,10.3,100.53,,,,,3.19,2.0277273,222.0307,5.8,99.24,,,,,3.36,2.0277273,128.5388,6.3,99.54,,,,,4.21,3.64,0.6765,2.7404545454545453,-0.5598,101.0388,326.588,4.3,16.17904761904762,2.0,66.60238095238095,1.1744299999999999,,100.04
2026-02,3.4,2.0113,167.068,8.2,100.3,,,,,2.745,2.0113,160.134,3.9,100.94,,,,,3.388,2.0113,210.0917,5.6,100.0,,,,,3.1826,2.0113,165.0652,10.3,100.96,,,,,3.13,2.0113,233.9948,6.0,99.35,,,,,3.3,2.0113,138.7666,6.2,102.0,,,,,4.13,3.64,0.6542105263157895,2.9195238095238096,-0.53125,101.9053,327.46,4.4,19.207,2.0,70.887,1.1824105263157894,,100.7
2026-03,3.64,2.1094091,158.0917,8.2,101.4,,,,,2.91,2.1094091,149.5385,3.9,102.1,,,,,3.73337,2.1094091,200.1888,5.5,101.7,,,,,3.38577272727273,2.1094091,156.2787,10.3,102.64,,,,,3.37,2.1094091,234.4034,5.9,101.61,,,,,3.51,2.1094091,134.8615,6.2,102.32,,,,,4.25,3.64,0.5313636363636364,3.1872727272727275,-0.47025,101.7336,330.293,4.3,25.596818181818183,2.0,103.13454545454546,1.155668181818182,,101.98
2026-04,3.73,2.1753,162.9548,8.3,102.57,,,,,3.001,2.1753,153.3461,3.9,102.66,,,,,3.8182,2.1753,213.3919,5.5,103.3,,,,,3.4491,2.1753,163.6658,10.2,103.36,,,,,3.43,2.1753,241.6684,5.7,103.58,,,,,3.59,2.1753,140.5413,6.3,103.67,,,,,4.32,3.64,0.52,2.9254545454545453,-0.4795,102.5783,332.407,4.3,19.811904761904763,2.0,117.2875,1.1697318181818182,,103.02
2026-05,3.74,2.2261,162.3681,8.4,102.71,,,,,3.0465,2.2261,156.074,3.9,102.54,,,,,3.83912,2.2261,222.0747,5.4,103.6,,,,,3.48225,2.2261,163.7991,10.2,103.45,,,,,3.42,2.2261,242.2058,5.6,104.02,,,,,3.6,2.2261,142.7581,6.3,103.33,,,,,4.48,3.63,0.489,2.773636363636364,-0.5058,102.6396,333.979,4.3,17.237142857142857,2.0,107.13947368421053,1.168105,,103.1
2026-06,3.68,2.339,165.8217,8.3,102.36,,,,,2.96409090909091,2.339,156.0489,4.0,102.32,,,,,3.73443,2.339,232.0219,5.8,103.6,,,,,3.41636363636364,2.339,172.1441,10.1,104.08,,,,,3.33,2.339,241.8846,5.7,104.12,,,,,3.51,2.339,143.4125,6.3,103.21,,,,,4.47,3.63,0.3576190476190476,2.731818181818182,-0.507,102.842,332.568,4.2,17.90681818181818,2.1166666666666667,85.3990909090909,1.1516285714285714,,103.0
2026-07,3.85,2.4253913,167.2997,8.3,103.0,,,,,3.0704347826087,2.4253913,157.4312,4.0,103.2,,,,,3.88074,2.4253913,235.2287,5.8,102.6,,,,,3.53326086956522,2.4253913,178.4604,10.0,104.06,,,,,3.44,2.4253913,245.548,5.7,103.76,,,,,3.64,2.4253913,143.8018,6.0,102.64,,,,,4.6,3.63,0.3768181818181818,2.743478260869565,-0.5274,103.0454,332.813,4.1,17.09086956521739,2.25,83.75869565217391,1.1422727272727273,,103.22
2026-08,4.0,2.5131429,170.5654,,103.76,,,,,3.18,2.5131429,163.2341,,103.36,,,,,3.98598,2.5131429,238.9099,,102.7,,,,,3.633,2.5131429,183.8763,,104.74,,,,,,2.5131429,250.6434,,104.07,,,,,3.76,2.5131429,146.0506,,104.73,,,,,4.68,3.63,0.4680952380952381,2.7014285714285715,-0.5487500000000001,103.0682,334.131,4.1,15.229523809523808,2.25,91.076,1.1593619047619046,,103.66
2026-09,,,,,,,,,,,,,,,,,,,,,,,,,,,,,,,,,,,,,,,,,,,,,,,,,,,,,,,,,0.3327777777777778,2.6927777777777777,-0.556,,,,15.805625000000001,2.35,112.955,1.157576923076923,,
